URL: /, Token: eyJhbGciOiJIUzI1NiIsInR5cCI6IkpXVCJ9.eyJpZCI6IjZhMTZkMzk3ZTIzMDE4ZmJmNDgzYmIwYyIsInJvbGUiOiJhZG1pbiIsImlhdCI6MTc3OTk3NDcyNSwiZXhwIjoxNzgwNTc5NTI1fQ.jO01OHzqYNY_UMr_LZrHt4sXSi2ve06cliBN5EFFRcA
JWT Error: invalid signature
URL: /dashboard, Token: eyJhbGciOiJIUzI1NiIsInR5cCI6IkpXVCJ9.eyJpZCI6IjZhMTZkMzk3ZTIzMDE4ZmJmNDgzYmIwYyIsInJvbGUiOiJhZG1pbiIsImlhdCI6MTc3OTk3NDcyNSwiZXhwIjoxNzgwNTc5NTI1fQ.jO01OHzqYNY_UMr_LZrHt4sXSi2ve06cliBN5EFFRcA
JWT Error: invalid signature
URL: /, Token: eyJhbGciOiJIUzI1NiIsInR5cCI6IkpXVCJ9.eyJpZCI6IjZhMTZkMzk3ZTIzMDE4ZmJmNDgzYmIwYyIsInJvbGUiOiJhZG1pbiIsImlhdCI6MTc3OTk3NDcyNSwiZXhwIjoxNzgwNTc5NTI1fQ.jO01OHzqYNY_UMr_LZrHt4sXSi2ve06cliBN5EFFRcA
JWT Error: invalid signature
URL: /, Token: eyJhbGciOiJIUzI1NiIsInR5cCI6IkpXVCJ9.eyJpZCI6IjZhMTZkMzk3ZTIzMDE4ZmJmNDgzYmIwYyIsInJvbGUiOiJhZG1pbiIsImlhdCI6MTc3OTk3NDcyNSwiZXhwIjoxNzgwNTc5NTI1fQ.jO01OHzqYNY_UMr_LZrHt4sXSi2ve06cliBN5EFFRcA
JWT Error: invalid signature
URL: /dashboard, Token: eyJhbGciOiJIUzI1NiIsInR5cCI6IkpXVCJ9.eyJpZCI6IjZhMTZkMzk3ZTIzMDE4ZmJmNDgzYmIwYyIsInJvbGUiOiJhZG1pbiIsImlhdCI6MTc3OTk3NDcyNSwiZXhwIjoxNzgwNTc5NTI1fQ.jO01OHzqYNY_UMr_LZrHt4sXSi2ve06cliBN5EFFRcA
JWT Error: invalid signature
URL: /, Token: eyJhbGciOiJIUzI1NiIsInR5cCI6IkpXVCJ9.eyJpZCI6IjZhMTZkMzk3ZTIzMDE4ZmJmNDgzYmIwYyIsInJvbGUiOiJhZG1pbiIsImlhdCI6MTc3OTk3NDcyNSwiZXhwIjoxNzgwNTc5NTI1fQ.jO01OHzqYNY_UMr_LZrHt4sXSi2ve06cliBN5EFFRcA
JWT Error: invalid signature
URL: /, Token: eyJhbGciOiJIUzI1NiIsInR5cCI6IkpXVCJ9.eyJpZCI6IjZhMTZkMzk3ZTIzMDE4ZmJmNDgzYmIwYyIsInJvbGUiOiJhZG1pbiIsImlhdCI6MTc3OTk3NDcyNSwiZXhwIjoxNzgwNTc5NTI1fQ.jO01OHzqYNY_UMr_LZrHt4sXSi2ve06cliBN5EFFRcA
JWT Error: invalid signature
URL: /, Token: eyJhbGciOiJIUzI1NiIsInR5cCI6IkpXVCJ9.eyJpZCI6IjZhMTZkMzk3ZTIzMDE4ZmJmNDgzYmIwYyIsInJvbGUiOiJhZG1pbiIsImlhdCI6MTc3OTk3NDcyNSwiZXhwIjoxNzgwNTc5NTI1fQ.jO01OHzqYNY_UMr_LZrHt4sXSi2ve06cliBN5EFFRcA
JWT Error: invalid signature
URL: /, Token: eyJhbGciOiJIUzI1NiIsInR5cCI6IkpXVCJ9.eyJpZCI6IjZhMjM3Zjc0ZGFiYzgxNGRiYmJiZWViZCIsInJvbGUiOiJBRE1JTiIsImlhdCI6MTc4MTAxOTkzMywiZXhwIjoxNzgzNjExOTMzfQ.kp17wjsZaoCuTPWMKxDu-0Vjhq6Tblm_-IqHLGvlD4Q
URL: /dashboard, Token: eyJhbGciOiJIUzI1NiIsInR5cCI6IkpXVCJ9.eyJpZCI6IjZhMjM3Zjc0ZGFiYzgxNGRiYmJiZWViZCIsInJvbGUiOiJBRE1JTiIsImlhdCI6MTc4MTAxOTkzMywiZXhwIjoxNzgzNjExOTMzfQ.kp17wjsZaoCuTPWMKxDu-0Vjhq6Tblm_-IqHLGvlD4Q
URL: /, Token: eyJhbGciOiJIUzI1NiIsInR5cCI6IkpXVCJ9.eyJpZCI6IjZhMjM3Zjc0ZGFiYzgxNGRiYmJiZWViZCIsInJvbGUiOiJBRE1JTiIsImlhdCI6MTc4MTAxOTkzMywiZXhwIjoxNzgzNjExOTMzfQ.kp17wjsZaoCuTPWMKxDu-0Vjhq6Tblm_-IqHLGvlD4Q
URL: /dashboard, Token: eyJhbGciOiJIUzI1NiIsInR5cCI6IkpXVCJ9.eyJpZCI6IjZhMjM3Zjc0ZGFiYzgxNGRiYmJiZWViZCIsInJvbGUiOiJBRE1JTiIsImlhdCI6MTc4MTAxOTkzMywiZXhwIjoxNzgzNjExOTMzfQ.kp17wjsZaoCuTPWMKxDu-0Vjhq6Tblm_-IqHLGvlD4Q
URL: /, Token: eyJhbGciOiJIUzI1NiIsInR5cCI6IkpXVCJ9.eyJpZCI6IjZhMjM3Zjc0ZGFiYzgxNGRiYmJiZWViZCIsInJvbGUiOiJBRE1JTiIsImlhdCI6MTc4MTAxOTkzMywiZXhwIjoxNzgzNjExOTMzfQ.kp17wjsZaoCuTPWMKxDu-0Vjhq6Tblm_-IqHLGvlD4Q
URL: /, Token: eyJhbGciOiJIUzI1NiIsInR5cCI6IkpXVCJ9.eyJpZCI6IjZhMjM3Zjc0ZGFiYzgxNGRiYmJiZWViZCIsInJvbGUiOiJBRE1JTiIsImlhdCI6MTc4MTAxOTkzMywiZXhwIjoxNzgzNjExOTMzfQ.kp17wjsZaoCuTPWMKxDu-0Vjhq6Tblm_-IqHLGvlD4Q
URL: /, Token: eyJhbGciOiJIUzI1NiIsInR5cCI6IkpXVCJ9.eyJpZCI6IjZhMjM3Zjc0ZGFiYzgxNGRiYmJiZWViZCIsInJvbGUiOiJBRE1JTiIsImlhdCI6MTc4MTAxOTkzMywiZXhwIjoxNzgzNjExOTMzfQ.kp17wjsZaoCuTPWMKxDu-0Vjhq6Tblm_-IqHLGvlD4Q
URL: /, Token: eyJhbGciOiJIUzI1NiIsInR5cCI6IkpXVCJ9.eyJpZCI6IjZhMjM3Zjc0ZGFiYzgxNGRiYmJiZWViZCIsInJvbGUiOiJBRE1JTiIsImlhdCI6MTc4MTAxOTkzMywiZXhwIjoxNzgzNjExOTMzfQ.kp17wjsZaoCuTPWMKxDu-0Vjhq6Tblm_-IqHLGvlD4Q
URL: /, Token: eyJhbGciOiJIUzI1NiIsInR5cCI6IkpXVCJ9.eyJpZCI6IjZhMjM3Zjc0ZGFiYzgxNGRiYmJiZWViZCIsInJvbGUiOiJBRE1JTiIsImlhdCI6MTc4MTAxOTkzMywiZXhwIjoxNzgzNjExOTMzfQ.kp17wjsZaoCuTPWMKxDu-0Vjhq6Tblm_-IqHLGvlD4Q
URL: /, Token: eyJhbGciOiJIUzI1NiIsInR5cCI6IkpXVCJ9.eyJpZCI6IjZhMjM3Zjc0ZGFiYzgxNGRiYmJiZWViZCIsInJvbGUiOiJBRE1JTiIsImlhdCI6MTc4MTAxOTkzMywiZXhwIjoxNzgzNjExOTMzfQ.kp17wjsZaoCuTPWMKxDu-0Vjhq6Tblm_-IqHLGvlD4Q
URL: /me, Token: eyJhbGciOiJIUzI1NiIsInR5cCI6IkpXVCJ9.eyJpZCI6IjZhMjMwMWI1YjBjNDBhNjJmZWZhMWIxMCIsInJvbGUiOiJVU0VSIiwiaWF0IjoxNzgwOTAzNTY1LCJleHAiOjE3ODM0OTU1NjV9.FQ-j916qT6CcnJjD8AFYsb16f39T5F2fQiyoAuRpTJ0
URL: /, Token: eyJhbGciOiJIUzI1NiIsInR5cCI6IkpXVCJ9.eyJpZCI6IjZhMjM3Zjc0ZGFiYzgxNGRiYmJiZWViZCIsInJvbGUiOiJBRE1JTiIsImlhdCI6MTc4MTAxOTkzMywiZXhwIjoxNzgzNjExOTMzfQ.kp17wjsZaoCuTPWMKxDu-0Vjhq6Tblm_-IqHLGvlD4Q
URL: /me, Token: eyJhbGciOiJIUzI1NiIsInR5cCI6IkpXVCJ9.eyJpZCI6IjZhMjMwMWI1YjBjNDBhNjJmZWZhMWIxMCIsInJvbGUiOiJVU0VSIiwiaWF0IjoxNzgwOTAzNTY1LCJleHAiOjE3ODM0OTU1NjV9.FQ-j916qT6CcnJjD8AFYsb16f39T5F2fQiyoAuRpTJ0
URL: /, Token: eyJhbGciOiJIUzI1NiIsInR5cCI6IkpXVCJ9.eyJpZCI6IjZhMjM3Zjc0ZGFiYzgxNGRiYmJiZWViZCIsInJvbGUiOiJBRE1JTiIsImlhdCI6MTc4MTAxOTkzMywiZXhwIjoxNzgzNjExOTMzfQ.kp17wjsZaoCuTPWMKxDu-0Vjhq6Tblm_-IqHLGvlD4Q
URL: /me, Token: eyJhbGciOiJIUzI1NiIsInR5cCI6IkpXVCJ9.eyJpZCI6IjZhMjMwMWI1YjBjNDBhNjJmZWZhMWIxMCIsInJvbGUiOiJVU0VSIiwiaWF0IjoxNzgwOTAzNTY1LCJleHAiOjE3ODM0OTU1NjV9.FQ-j916qT6CcnJjD8AFYsb16f39T5F2fQiyoAuRpTJ0
URL: /me, Token: eyJhbGciOiJIUzI1NiIsInR5cCI6IkpXVCJ9.eyJpZCI6IjZhMjMwMWI1YjBjNDBhNjJmZWZhMWIxMCIsInJvbGUiOiJVU0VSIiwiaWF0IjoxNzgwOTAzNTY1LCJleHAiOjE3ODM0OTU1NjV9.FQ-j916qT6CcnJjD8AFYsb16f39T5F2fQiyoAuRpTJ0
URL: /me, Token: eyJhbGciOiJIUzI1NiIsInR5cCI6IkpXVCJ9.eyJpZCI6IjZhMjMwMWI1YjBjNDBhNjJmZWZhMWIxMCIsInJvbGUiOiJVU0VSIiwiaWF0IjoxNzgwOTAzNTY1LCJleHAiOjE3ODM0OTU1NjV9.FQ-j916qT6CcnJjD8AFYsb16f39T5F2fQiyoAuRpTJ0
URL: /me, Token: eyJhbGciOiJIUzI1NiIsInR5cCI6IkpXVCJ9.eyJpZCI6IjZhMjMwMWI1YjBjNDBhNjJmZWZhMWIxMCIsInJvbGUiOiJVU0VSIiwiaWF0IjoxNzgwOTAzNTY1LCJleHAiOjE3ODM0OTU1NjV9.FQ-j916qT6CcnJjD8AFYsb16f39T5F2fQiyoAuRpTJ0
URL: /, Token: eyJhbGciOiJIUzI1NiIsInR5cCI6IkpXVCJ9.eyJpZCI6IjZhMjM3Zjc0ZGFiYzgxNGRiYmJiZWViZCIsInJvbGUiOiJBRE1JTiIsImlhdCI6MTc4MTAxOTkzMywiZXhwIjoxNzgzNjExOTMzfQ.kp17wjsZaoCuTPWMKxDu-0Vjhq6Tblm_-IqHLGvlD4Q
URL: /, Token: eyJhbGciOiJIUzI1NiIsInR5cCI6IkpXVCJ9.eyJpZCI6IjZhMjM3Zjc0ZGFiYzgxNGRiYmJiZWViZCIsInJvbGUiOiJBRE1JTiIsImlhdCI6MTc4MTAxOTkzMywiZXhwIjoxNzgzNjExOTMzfQ.kp17wjsZaoCuTPWMKxDu-0Vjhq6Tblm_-IqHLGvlD4Q
URL: /me, Token: eyJhbGciOiJIUzI1NiIsInR5cCI6IkpXVCJ9.eyJpZCI6IjZhMjMwMWI1YjBjNDBhNjJmZWZhMWIxMCIsInJvbGUiOiJVU0VSIiwiaWF0IjoxNzgwOTAzNTY1LCJleHAiOjE3ODM0OTU1NjV9.FQ-j916qT6CcnJjD8AFYsb16f39T5F2fQiyoAuRpTJ0
URL: /me, Token: eyJhbGciOiJIUzI1NiIsInR5cCI6IkpXVCJ9.eyJpZCI6IjZhMjMwMWI1YjBjNDBhNjJmZWZhMWIxMCIsInJvbGUiOiJVU0VSIiwiaWF0IjoxNzgwOTAzNTY1LCJleHAiOjE3ODM0OTU1NjV9.FQ-j916qT6CcnJjD8AFYsb16f39T5F2fQiyoAuRpTJ0
URL: /me, Token: eyJhbGciOiJIUzI1NiIsInR5cCI6IkpXVCJ9.eyJpZCI6IjZhMjMwMWI1YjBjNDBhNjJmZWZhMWIxMCIsInJvbGUiOiJVU0VSIiwiaWF0IjoxNzgwOTAzNTY1LCJleHAiOjE3ODM0OTU1NjV9.FQ-j916qT6CcnJjD8AFYsb16f39T5F2fQiyoAuRpTJ0
URL: /, Token: eyJhbGciOiJIUzI1NiIsInR5cCI6IkpXVCJ9.eyJpZCI6IjZhMjM3Zjc0ZGFiYzgxNGRiYmJiZWViZCIsInJvbGUiOiJBRE1JTiIsImlhdCI6MTc4MTAxOTkzMywiZXhwIjoxNzgzNjExOTMzfQ.kp17wjsZaoCuTPWMKxDu-0Vjhq6Tblm_-IqHLGvlD4Q
URL: /, Token: eyJhbGciOiJIUzI1NiIsInR5cCI6IkpXVCJ9.eyJpZCI6IjZhMjM3Zjc0ZGFiYzgxNGRiYmJiZWViZCIsInJvbGUiOiJBRE1JTiIsImlhdCI6MTc4MTAxOTkzMywiZXhwIjoxNzgzNjExOTMzfQ.kp17wjsZaoCuTPWMKxDu-0Vjhq6Tblm_-IqHLGvlD4Q
URL: /me, Token: eyJhbGciOiJIUzI1NiIsInR5cCI6IkpXVCJ9.eyJpZCI6IjZhMjMwMWI1YjBjNDBhNjJmZWZhMWIxMCIsInJvbGUiOiJVU0VSIiwiaWF0IjoxNzgwOTAzNTY1LCJleHAiOjE3ODM0OTU1NjV9.FQ-j916qT6CcnJjD8AFYsb16f39T5F2fQiyoAuRpTJ0
URL: /me, Token: eyJhbGciOiJIUzI1NiIsInR5cCI6IkpXVCJ9.eyJpZCI6IjZhMjMwMWI1YjBjNDBhNjJmZWZhMWIxMCIsInJvbGUiOiJVU0VSIiwiaWF0IjoxNzgwOTAzNTY1LCJleHAiOjE3ODM0OTU1NjV9.FQ-j916qT6CcnJjD8AFYsb16f39T5F2fQiyoAuRpTJ0
URL: /, Token: eyJhbGciOiJIUzI1NiIsInR5cCI6IkpXVCJ9.eyJpZCI6IjZhMjM3Zjc0ZGFiYzgxNGRiYmJiZWViZCIsInJvbGUiOiJBRE1JTiIsImlhdCI6MTc4MTAxOTkzMywiZXhwIjoxNzgzNjExOTMzfQ.kp17wjsZaoCuTPWMKxDu-0Vjhq6Tblm_-IqHLGvlD4Q
URL: /me, Token: eyJhbGciOiJIUzI1NiIsInR5cCI6IkpXVCJ9.eyJpZCI6IjZhMjMwMWI1YjBjNDBhNjJmZWZhMWIxMCIsInJvbGUiOiJVU0VSIiwiaWF0IjoxNzgwOTAzNTY1LCJleHAiOjE3ODM0OTU1NjV9.FQ-j916qT6CcnJjD8AFYsb16f39T5F2fQiyoAuRpTJ0
URL: /, Token: eyJhbGciOiJIUzI1NiIsInR5cCI6IkpXVCJ9.eyJpZCI6IjZhMjM3Zjc0ZGFiYzgxNGRiYmJiZWViZCIsInJvbGUiOiJBRE1JTiIsImlhdCI6MTc4MTAxOTkzMywiZXhwIjoxNzgzNjExOTMzfQ.kp17wjsZaoCuTPWMKxDu-0Vjhq6Tblm_-IqHLGvlD4Q
URL: /me, Token: eyJhbGciOiJIUzI1NiIsInR5cCI6IkpXVCJ9.eyJpZCI6IjZhMjMwMWI1YjBjNDBhNjJmZWZhMWIxMCIsInJvbGUiOiJVU0VSIiwiaWF0IjoxNzgwOTAzNTY1LCJleHAiOjE3ODM0OTU1NjV9.FQ-j916qT6CcnJjD8AFYsb16f39T5F2fQiyoAuRpTJ0
URL: /me, Token: eyJhbGciOiJIUzI1NiIsInR5cCI6IkpXVCJ9.eyJpZCI6IjZhMjMwMWI1YjBjNDBhNjJmZWZhMWIxMCIsInJvbGUiOiJVU0VSIiwiaWF0IjoxNzgwOTAzNTY1LCJleHAiOjE3ODM0OTU1NjV9.FQ-j916qT6CcnJjD8AFYsb16f39T5F2fQiyoAuRpTJ0
URL: /me, Token: eyJhbGciOiJIUzI1NiIsInR5cCI6IkpXVCJ9.eyJpZCI6IjZhMjMwMWI1YjBjNDBhNjJmZWZhMWIxMCIsInJvbGUiOiJVU0VSIiwiaWF0IjoxNzgwOTAzNTY1LCJleHAiOjE3ODM0OTU1NjV9.FQ-j916qT6CcnJjD8AFYsb16f39T5F2fQiyoAuRpTJ0
URL: /, Token: eyJhbGciOiJIUzI1NiIsInR5cCI6IkpXVCJ9.eyJpZCI6IjZhMjM3Zjc0ZGFiYzgxNGRiYmJiZWViZCIsInJvbGUiOiJBRE1JTiIsImlhdCI6MTc4MTAxOTkzMywiZXhwIjoxNzgzNjExOTMzfQ.kp17wjsZaoCuTPWMKxDu-0Vjhq6Tblm_-IqHLGvlD4Q
URL: /me, Token: eyJhbGciOiJIUzI1NiIsInR5cCI6IkpXVCJ9.eyJpZCI6IjZhMjMwMWI1YjBjNDBhNjJmZWZhMWIxMCIsInJvbGUiOiJVU0VSIiwiaWF0IjoxNzgwOTAzNTY1LCJleHAiOjE3ODM0OTU1NjV9.FQ-j916qT6CcnJjD8AFYsb16f39T5F2fQiyoAuRpTJ0
URL: /?t=1781021754700, Token: eyJhbGciOiJIUzI1NiIsInR5cCI6IkpXVCJ9.eyJpZCI6IjZhMjM3Zjc0ZGFiYzgxNGRiYmJiZWViZCIsInJvbGUiOiJBRE1JTiIsImlhdCI6MTc4MTAxOTkzMywiZXhwIjoxNzgzNjExOTMzfQ.kp17wjsZaoCuTPWMKxDu-0Vjhq6Tblm_-IqHLGvlD4Q
URL: /dashboard?t=1781021754699, Token: eyJhbGciOiJIUzI1NiIsInR5cCI6IkpXVCJ9.eyJpZCI6IjZhMjM3Zjc0ZGFiYzgxNGRiYmJiZWViZCIsInJvbGUiOiJBRE1JTiIsImlhdCI6MTc4MTAxOTkzMywiZXhwIjoxNzgzNjExOTMzfQ.kp17wjsZaoCuTPWMKxDu-0Vjhq6Tblm_-IqHLGvlD4Q
URL: /dashboard?t=1781021754706, Token: eyJhbGciOiJIUzI1NiIsInR5cCI6IkpXVCJ9.eyJpZCI6IjZhMjM3Zjc0ZGFiYzgxNGRiYmJiZWViZCIsInJvbGUiOiJBRE1JTiIsImlhdCI6MTc4MTAxOTkzMywiZXhwIjoxNzgzNjExOTMzfQ.kp17wjsZaoCuTPWMKxDu-0Vjhq6Tblm_-IqHLGvlD4Q
URL: /?t=1781021754707, Token: eyJhbGciOiJIUzI1NiIsInR5cCI6IkpXVCJ9.eyJpZCI6IjZhMjM3Zjc0ZGFiYzgxNGRiYmJiZWViZCIsInJvbGUiOiJBRE1JTiIsImlhdCI6MTc4MTAxOTkzMywiZXhwIjoxNzgzNjExOTMzfQ.kp17wjsZaoCuTPWMKxDu-0Vjhq6Tblm_-IqHLGvlD4Q
URL: /?t=1781021757328, Token: eyJhbGciOiJIUzI1NiIsInR5cCI6IkpXVCJ9.eyJpZCI6IjZhMjM3Zjc0ZGFiYzgxNGRiYmJiZWViZCIsInJvbGUiOiJBRE1JTiIsImlhdCI6MTc4MTAxOTkzMywiZXhwIjoxNzgzNjExOTMzfQ.kp17wjsZaoCuTPWMKxDu-0Vjhq6Tblm_-IqHLGvlD4Q
URL: /, Token: eyJhbGciOiJIUzI1NiIsInR5cCI6IkpXVCJ9.eyJpZCI6IjZhMjM3Zjc0ZGFiYzgxNGRiYmJiZWViZCIsInJvbGUiOiJBRE1JTiIsImlhdCI6MTc4MTAxOTkzMywiZXhwIjoxNzgzNjExOTMzfQ.kp17wjsZaoCuTPWMKxDu-0Vjhq6Tblm_-IqHLGvlD4Q
URL: /?t=1781021757332, Token: eyJhbGciOiJIUzI1NiIsInR5cCI6IkpXVCJ9.eyJpZCI6IjZhMjM3Zjc0ZGFiYzgxNGRiYmJiZWViZCIsInJvbGUiOiJBRE1JTiIsImlhdCI6MTc4MTAxOTkzMywiZXhwIjoxNzgzNjExOTMzfQ.kp17wjsZaoCuTPWMKxDu-0Vjhq6Tblm_-IqHLGvlD4Q
URL: /, Token: eyJhbGciOiJIUzI1NiIsInR5cCI6IkpXVCJ9.eyJpZCI6IjZhMjM3Zjc0ZGFiYzgxNGRiYmJiZWViZCIsInJvbGUiOiJBRE1JTiIsImlhdCI6MTc4MTAxOTkzMywiZXhwIjoxNzgzNjExOTMzfQ.kp17wjsZaoCuTPWMKxDu-0Vjhq6Tblm_-IqHLGvlD4Q
URL: /, Token: eyJhbGciOiJIUzI1NiIsInR5cCI6IkpXVCJ9.eyJpZCI6IjZhMjM3Zjc0ZGFiYzgxNGRiYmJiZWViZCIsInJvbGUiOiJBRE1JTiIsImlhdCI6MTc4MTAxOTkzMywiZXhwIjoxNzgzNjExOTMzfQ.kp17wjsZaoCuTPWMKxDu-0Vjhq6Tblm_-IqHLGvlD4Q
URL: /, Token: eyJhbGciOiJIUzI1NiIsInR5cCI6IkpXVCJ9.eyJpZCI6IjZhMjM3Zjc0ZGFiYzgxNGRiYmJiZWViZCIsInJvbGUiOiJBRE1JTiIsImlhdCI6MTc4MTAxOTkzMywiZXhwIjoxNzgzNjExOTMzfQ.kp17wjsZaoCuTPWMKxDu-0Vjhq6Tblm_-IqHLGvlD4Q
URL: /, Token: eyJhbGciOiJIUzI1NiIsInR5cCI6IkpXVCJ9.eyJpZCI6IjZhMjM3Zjc0ZGFiYzgxNGRiYmJiZWViZCIsInJvbGUiOiJBRE1JTiIsImlhdCI6MTc4MTAxOTkzMywiZXhwIjoxNzgzNjExOTMzfQ.kp17wjsZaoCuTPWMKxDu-0Vjhq6Tblm_-IqHLGvlD4Q
URL: /, Token: eyJhbGciOiJIUzI1NiIsInR5cCI6IkpXVCJ9.eyJpZCI6IjZhMjM3Zjc0ZGFiYzgxNGRiYmJiZWViZCIsInJvbGUiOiJBRE1JTiIsImlhdCI6MTc4MTAxOTkzMywiZXhwIjoxNzgzNjExOTMzfQ.kp17wjsZaoCuTPWMKxDu-0Vjhq6Tblm_-IqHLGvlD4Q
URL: /me, Token: eyJhbGciOiJIUzI1NiIsInR5cCI6IkpXVCJ9.eyJpZCI6IjZhMjMwMWI1YjBjNDBhNjJmZWZhMWIxMCIsInJvbGUiOiJVU0VSIiwiaWF0IjoxNzgwOTAzNTY1LCJleHAiOjE3ODM0OTU1NjV9.FQ-j916qT6CcnJjD8AFYsb16f39T5F2fQiyoAuRpTJ0
URL: /, Token: eyJhbGciOiJIUzI1NiIsInR5cCI6IkpXVCJ9.eyJpZCI6IjZhMjM3Zjc0ZGFiYzgxNGRiYmJiZWViZCIsInJvbGUiOiJBRE1JTiIsImlhdCI6MTc4MTAxOTkzMywiZXhwIjoxNzgzNjExOTMzfQ.kp17wjsZaoCuTPWMKxDu-0Vjhq6Tblm_-IqHLGvlD4Q
URL: /dashboard?t=1781023637097, Token: eyJhbGciOiJIUzI1NiIsInR5cCI6IkpXVCJ9.eyJpZCI6IjZhMjM3Zjc0ZGFiYzgxNGRiYmJiZWViZCIsInJvbGUiOiJBRE1JTiIsImlhdCI6MTc4MTAxOTkzMywiZXhwIjoxNzgzNjExOTMzfQ.kp17wjsZaoCuTPWMKxDu-0Vjhq6Tblm_-IqHLGvlD4Q
URL: /?t=1781023637102, Token: eyJhbGciOiJIUzI1NiIsInR5cCI6IkpXVCJ9.eyJpZCI6IjZhMjM3Zjc0ZGFiYzgxNGRiYmJiZWViZCIsInJvbGUiOiJBRE1JTiIsImlhdCI6MTc4MTAxOTkzMywiZXhwIjoxNzgzNjExOTMzfQ.kp17wjsZaoCuTPWMKxDu-0Vjhq6Tblm_-IqHLGvlD4Q
URL: /?t=1781023637098, Token: eyJhbGciOiJIUzI1NiIsInR5cCI6IkpXVCJ9.eyJpZCI6IjZhMjM3Zjc0ZGFiYzgxNGRiYmJiZWViZCIsInJvbGUiOiJBRE1JTiIsImlhdCI6MTc4MTAxOTkzMywiZXhwIjoxNzgzNjExOTMzfQ.kp17wjsZaoCuTPWMKxDu-0Vjhq6Tblm_-IqHLGvlD4Q
URL: /dashboard?t=1781023637102, Token: eyJhbGciOiJIUzI1NiIsInR5cCI6IkpXVCJ9.eyJpZCI6IjZhMjM3Zjc0ZGFiYzgxNGRiYmJiZWViZCIsInJvbGUiOiJBRE1JTiIsImlhdCI6MTc4MTAxOTkzMywiZXhwIjoxNzgzNjExOTMzfQ.kp17wjsZaoCuTPWMKxDu-0Vjhq6Tblm_-IqHLGvlD4Q
URL: /dashboard?t=1781023652104, Token: eyJhbGciOiJIUzI1NiIsInR5cCI6IkpXVCJ9.eyJpZCI6IjZhMjM3Zjc0ZGFiYzgxNGRiYmJiZWViZCIsInJvbGUiOiJBRE1JTiIsImlhdCI6MTc4MTAxOTkzMywiZXhwIjoxNzgzNjExOTMzfQ.kp17wjsZaoCuTPWMKxDu-0Vjhq6Tblm_-IqHLGvlD4Q
URL: /?t=1781023652106, Token: eyJhbGciOiJIUzI1NiIsInR5cCI6IkpXVCJ9.eyJpZCI6IjZhMjM3Zjc0ZGFiYzgxNGRiYmJiZWViZCIsInJvbGUiOiJBRE1JTiIsImlhdCI6MTc4MTAxOTkzMywiZXhwIjoxNzgzNjExOTMzfQ.kp17wjsZaoCuTPWMKxDu-0Vjhq6Tblm_-IqHLGvlD4Q
URL: /me, Token: eyJhbGciOiJIUzI1NiIsInR5cCI6IkpXVCJ9.eyJpZCI6IjZhMjMwMWI1YjBjNDBhNjJmZWZhMWIxMCIsInJvbGUiOiJVU0VSIiwiaWF0IjoxNzgwOTAzNTY1LCJleHAiOjE3ODM0OTU1NjV9.FQ-j916qT6CcnJjD8AFYsb16f39T5F2fQiyoAuRpTJ0
URL: /dashboard?t=1781023667290, Token: eyJhbGciOiJIUzI1NiIsInR5cCI6IkpXVCJ9.eyJpZCI6IjZhMjM3Zjc0ZGFiYzgxNGRiYmJiZWViZCIsInJvbGUiOiJBRE1JTiIsImlhdCI6MTc4MTAxOTkzMywiZXhwIjoxNzgzNjExOTMzfQ.kp17wjsZaoCuTPWMKxDu-0Vjhq6Tblm_-IqHLGvlD4Q
URL: /?t=1781023667290, Token: eyJhbGciOiJIUzI1NiIsInR5cCI6IkpXVCJ9.eyJpZCI6IjZhMjM3Zjc0ZGFiYzgxNGRiYmJiZWViZCIsInJvbGUiOiJBRE1JTiIsImlhdCI6MTc4MTAxOTkzMywiZXhwIjoxNzgzNjExOTMzfQ.kp17wjsZaoCuTPWMKxDu-0Vjhq6Tblm_-IqHLGvlD4Q
URL: /dashboard?t=1781023682111, Token: eyJhbGciOiJIUzI1NiIsInR5cCI6IkpXVCJ9.eyJpZCI6IjZhMjM3Zjc0ZGFiYzgxNGRiYmJiZWViZCIsInJvbGUiOiJBRE1JTiIsImlhdCI6MTc4MTAxOTkzMywiZXhwIjoxNzgzNjExOTMzfQ.kp17wjsZaoCuTPWMKxDu-0Vjhq6Tblm_-IqHLGvlD4Q
URL: /?t=1781023682113, Token: eyJhbGciOiJIUzI1NiIsInR5cCI6IkpXVCJ9.eyJpZCI6IjZhMjM3Zjc0ZGFiYzgxNGRiYmJiZWViZCIsInJvbGUiOiJBRE1JTiIsImlhdCI6MTc4MTAxOTkzMywiZXhwIjoxNzgzNjExOTMzfQ.kp17wjsZaoCuTPWMKxDu-0Vjhq6Tblm_-IqHLGvlD4Q
URL: /dashboard?t=1781023697105, Token: eyJhbGciOiJIUzI1NiIsInR5cCI6IkpXVCJ9.eyJpZCI6IjZhMjM3Zjc0ZGFiYzgxNGRiYmJiZWViZCIsInJvbGUiOiJBRE1JTiIsImlhdCI6MTc4MTAxOTkzMywiZXhwIjoxNzgzNjExOTMzfQ.kp17wjsZaoCuTPWMKxDu-0Vjhq6Tblm_-IqHLGvlD4Q
URL: /?t=1781023697106, Token: eyJhbGciOiJIUzI1NiIsInR5cCI6IkpXVCJ9.eyJpZCI6IjZhMjM3Zjc0ZGFiYzgxNGRiYmJiZWViZCIsInJvbGUiOiJBRE1JTiIsImlhdCI6MTc4MTAxOTkzMywiZXhwIjoxNzgzNjExOTMzfQ.kp17wjsZaoCuTPWMKxDu-0Vjhq6Tblm_-IqHLGvlD4Q
URL: /dashboard?t=1781023712130, Token: eyJhbGciOiJIUzI1NiIsInR5cCI6IkpXVCJ9.eyJpZCI6IjZhMjM3Zjc0ZGFiYzgxNGRiYmJiZWViZCIsInJvbGUiOiJBRE1JTiIsImlhdCI6MTc4MTAxOTkzMywiZXhwIjoxNzgzNjExOTMzfQ.kp17wjsZaoCuTPWMKxDu-0Vjhq6Tblm_-IqHLGvlD4Q
URL: /?t=1781023712131, Token: eyJhbGciOiJIUzI1NiIsInR5cCI6IkpXVCJ9.eyJpZCI6IjZhMjM3Zjc0ZGFiYzgxNGRiYmJiZWViZCIsInJvbGUiOiJBRE1JTiIsImlhdCI6MTc4MTAxOTkzMywiZXhwIjoxNzgzNjExOTMzfQ.kp17wjsZaoCuTPWMKxDu-0Vjhq6Tblm_-IqHLGvlD4Q
URL: /dashboard?t=1781023727302, Token: eyJhbGciOiJIUzI1NiIsInR5cCI6IkpXVCJ9.eyJpZCI6IjZhMjM3Zjc0ZGFiYzgxNGRiYmJiZWViZCIsInJvbGUiOiJBRE1JTiIsImlhdCI6MTc4MTAxOTkzMywiZXhwIjoxNzgzNjExOTMzfQ.kp17wjsZaoCuTPWMKxDu-0Vjhq6Tblm_-IqHLGvlD4Q
URL: /?t=1781023727303, Token: eyJhbGciOiJIUzI1NiIsInR5cCI6IkpXVCJ9.eyJpZCI6IjZhMjM3Zjc0ZGFiYzgxNGRiYmJiZWViZCIsInJvbGUiOiJBRE1JTiIsImlhdCI6MTc4MTAxOTkzMywiZXhwIjoxNzgzNjExOTMzfQ.kp17wjsZaoCuTPWMKxDu-0Vjhq6Tblm_-IqHLGvlD4Q
URL: /dashboard?t=1781023742301, Token: eyJhbGciOiJIUzI1NiIsInR5cCI6IkpXVCJ9.eyJpZCI6IjZhMjM3Zjc0ZGFiYzgxNGRiYmJiZWViZCIsInJvbGUiOiJBRE1JTiIsImlhdCI6MTc4MTAxOTkzMywiZXhwIjoxNzgzNjExOTMzfQ.kp17wjsZaoCuTPWMKxDu-0Vjhq6Tblm_-IqHLGvlD4Q
URL: /?t=1781023742306, Token: eyJhbGciOiJIUzI1NiIsInR5cCI6IkpXVCJ9.eyJpZCI6IjZhMjM3Zjc0ZGFiYzgxNGRiYmJiZWViZCIsInJvbGUiOiJBRE1JTiIsImlhdCI6MTc4MTAxOTkzMywiZXhwIjoxNzgzNjExOTMzfQ.kp17wjsZaoCuTPWMKxDu-0Vjhq6Tblm_-IqHLGvlD4Q
URL: /dashboard?t=1781023757292, Token: eyJhbGciOiJIUzI1NiIsInR5cCI6IkpXVCJ9.eyJpZCI6IjZhMjM3Zjc0ZGFiYzgxNGRiYmJiZWViZCIsInJvbGUiOiJBRE1JTiIsImlhdCI6MTc4MTAxOTkzMywiZXhwIjoxNzgzNjExOTMzfQ.kp17wjsZaoCuTPWMKxDu-0Vjhq6Tblm_-IqHLGvlD4Q
URL: /?t=1781023757293, Token: eyJhbGciOiJIUzI1NiIsInR5cCI6IkpXVCJ9.eyJpZCI6IjZhMjM3Zjc0ZGFiYzgxNGRiYmJiZWViZCIsInJvbGUiOiJBRE1JTiIsImlhdCI6MTc4MTAxOTkzMywiZXhwIjoxNzgzNjExOTMzfQ.kp17wjsZaoCuTPWMKxDu-0Vjhq6Tblm_-IqHLGvlD4Q
URL: /dashboard?t=1781023772301, Token: eyJhbGciOiJIUzI1NiIsInR5cCI6IkpXVCJ9.eyJpZCI6IjZhMjM3Zjc0ZGFiYzgxNGRiYmJiZWViZCIsInJvbGUiOiJBRE1JTiIsImlhdCI6MTc4MTAxOTkzMywiZXhwIjoxNzgzNjExOTMzfQ.kp17wjsZaoCuTPWMKxDu-0Vjhq6Tblm_-IqHLGvlD4Q
URL: /?t=1781023772301, Token: eyJhbGciOiJIUzI1NiIsInR5cCI6IkpXVCJ9.eyJpZCI6IjZhMjM3Zjc0ZGFiYzgxNGRiYmJiZWViZCIsInJvbGUiOiJBRE1JTiIsImlhdCI6MTc4MTAxOTkzMywiZXhwIjoxNzgzNjExOTMzfQ.kp17wjsZaoCuTPWMKxDu-0Vjhq6Tblm_-IqHLGvlD4Q
URL: /dashboard?t=1781023817486, Token: eyJhbGciOiJIUzI1NiIsInR5cCI6IkpXVCJ9.eyJpZCI6IjZhMjM3Zjc0ZGFiYzgxNGRiYmJiZWViZCIsInJvbGUiOiJBRE1JTiIsImlhdCI6MTc4MTAxOTkzMywiZXhwIjoxNzgzNjExOTMzfQ.kp17wjsZaoCuTPWMKxDu-0Vjhq6Tblm_-IqHLGvlD4Q
URL: /?t=1781023817488, Token: eyJhbGciOiJIUzI1NiIsInR5cCI6IkpXVCJ9.eyJpZCI6IjZhMjM3Zjc0ZGFiYzgxNGRiYmJiZWViZCIsInJvbGUiOiJBRE1JTiIsImlhdCI6MTc4MTAxOTkzMywiZXhwIjoxNzgzNjExOTMzfQ.kp17wjsZaoCuTPWMKxDu-0Vjhq6Tblm_-IqHLGvlD4Q
URL: /dashboard?t=1781023817504, Token: eyJhbGciOiJIUzI1NiIsInR5cCI6IkpXVCJ9.eyJpZCI6IjZhMjM3Zjc0ZGFiYzgxNGRiYmJiZWViZCIsInJvbGUiOiJBRE1JTiIsImlhdCI6MTc4MTAxOTkzMywiZXhwIjoxNzgzNjExOTMzfQ.kp17wjsZaoCuTPWMKxDu-0Vjhq6Tblm_-IqHLGvlD4Q
URL: /?t=1781023817505, Token: eyJhbGciOiJIUzI1NiIsInR5cCI6IkpXVCJ9.eyJpZCI6IjZhMjM3Zjc0ZGFiYzgxNGRiYmJiZWViZCIsInJvbGUiOiJBRE1JTiIsImlhdCI6MTc4MTAxOTkzMywiZXhwIjoxNzgzNjExOTMzfQ.kp17wjsZaoCuTPWMKxDu-0Vjhq6Tblm_-IqHLGvlD4Q
URL: /dashboard?t=1781023827700, Token: eyJhbGciOiJIUzI1NiIsInR5cCI6IkpXVCJ9.eyJpZCI6IjZhMjM3Zjc0ZGFiYzgxNGRiYmJiZWViZCIsInJvbGUiOiJBRE1JTiIsImlhdCI6MTc4MTAxOTkzMywiZXhwIjoxNzgzNjExOTMzfQ.kp17wjsZaoCuTPWMKxDu-0Vjhq6Tblm_-IqHLGvlD4Q
URL: /?t=1781023827701, Token: eyJhbGciOiJIUzI1NiIsInR5cCI6IkpXVCJ9.eyJpZCI6IjZhMjM3Zjc0ZGFiYzgxNGRiYmJiZWViZCIsInJvbGUiOiJBRE1JTiIsImlhdCI6MTc4MTAxOTkzMywiZXhwIjoxNzgzNjExOTMzfQ.kp17wjsZaoCuTPWMKxDu-0Vjhq6Tblm_-IqHLGvlD4Q
URL: /dashboard?t=1781023827705, Token: eyJhbGciOiJIUzI1NiIsInR5cCI6IkpXVCJ9.eyJpZCI6IjZhMjM3Zjc0ZGFiYzgxNGRiYmJiZWViZCIsInJvbGUiOiJBRE1JTiIsImlhdCI6MTc4MTAxOTkzMywiZXhwIjoxNzgzNjExOTMzfQ.kp17wjsZaoCuTPWMKxDu-0Vjhq6Tblm_-IqHLGvlD4Q
URL: /?t=1781023827705, Token: eyJhbGciOiJIUzI1NiIsInR5cCI6IkpXVCJ9.eyJpZCI6IjZhMjM3Zjc0ZGFiYzgxNGRiYmJiZWViZCIsInJvbGUiOiJBRE1JTiIsImlhdCI6MTc4MTAxOTkzMywiZXhwIjoxNzgzNjExOTMzfQ.kp17wjsZaoCuTPWMKxDu-0Vjhq6Tblm_-IqHLGvlD4Q
URL: /?t=1781023833300, Token: eyJhbGciOiJIUzI1NiIsInR5cCI6IkpXVCJ9.eyJpZCI6IjZhMjM3Zjc0ZGFiYzgxNGRiYmJiZWViZCIsInJvbGUiOiJBRE1JTiIsImlhdCI6MTc4MTAxOTkzMywiZXhwIjoxNzgzNjExOTMzfQ.kp17wjsZaoCuTPWMKxDu-0Vjhq6Tblm_-IqHLGvlD4Q
URL: /?t=1781023833304, Token: eyJhbGciOiJIUzI1NiIsInR5cCI6IkpXVCJ9.eyJpZCI6IjZhMjM3Zjc0ZGFiYzgxNGRiYmJiZWViZCIsInJvbGUiOiJBRE1JTiIsImlhdCI6MTc4MTAxOTkzMywiZXhwIjoxNzgzNjExOTMzfQ.kp17wjsZaoCuTPWMKxDu-0Vjhq6Tblm_-IqHLGvlD4Q
URL: /, Token: eyJhbGciOiJIUzI1NiIsInR5cCI6IkpXVCJ9.eyJpZCI6IjZhMjM3Zjc0ZGFiYzgxNGRiYmJiZWViZCIsInJvbGUiOiJBRE1JTiIsImlhdCI6MTc4MTAxOTkzMywiZXhwIjoxNzgzNjExOTMzfQ.kp17wjsZaoCuTPWMKxDu-0Vjhq6Tblm_-IqHLGvlD4Q
URL: /, Token: eyJhbGciOiJIUzI1NiIsInR5cCI6IkpXVCJ9.eyJpZCI6IjZhMjM3Zjc0ZGFiYzgxNGRiYmJiZWViZCIsInJvbGUiOiJBRE1JTiIsImlhdCI6MTc4MTAxOTkzMywiZXhwIjoxNzgzNjExOTMzfQ.kp17wjsZaoCuTPWMKxDu-0Vjhq6Tblm_-IqHLGvlD4Q
URL: /, Token: eyJhbGciOiJIUzI1NiIsInR5cCI6IkpXVCJ9.eyJpZCI6IjZhMjM3Zjc0ZGFiYzgxNGRiYmJiZWViZCIsInJvbGUiOiJBRE1JTiIsImlhdCI6MTc4MTAxOTkzMywiZXhwIjoxNzgzNjExOTMzfQ.kp17wjsZaoCuTPWMKxDu-0Vjhq6Tblm_-IqHLGvlD4Q
URL: /, Token: eyJhbGciOiJIUzI1NiIsInR5cCI6IkpXVCJ9.eyJpZCI6IjZhMjM3Zjc0ZGFiYzgxNGRiYmJiZWViZCIsInJvbGUiOiJBRE1JTiIsImlhdCI6MTc4MTAxOTkzMywiZXhwIjoxNzgzNjExOTMzfQ.kp17wjsZaoCuTPWMKxDu-0Vjhq6Tblm_-IqHLGvlD4Q
URL: /, Token: eyJhbGciOiJIUzI1NiIsInR5cCI6IkpXVCJ9.eyJpZCI6IjZhMjM3Zjc0ZGFiYzgxNGRiYmJiZWViZCIsInJvbGUiOiJBRE1JTiIsImlhdCI6MTc4MTAxOTkzMywiZXhwIjoxNzgzNjExOTMzfQ.kp17wjsZaoCuTPWMKxDu-0Vjhq6Tblm_-IqHLGvlD4Q
URL: /, Token: eyJhbGciOiJIUzI1NiIsInR5cCI6IkpXVCJ9.eyJpZCI6IjZhMjM3Zjc0ZGFiYzgxNGRiYmJiZWViZCIsInJvbGUiOiJBRE1JTiIsImlhdCI6MTc4MTAxOTkzMywiZXhwIjoxNzgzNjExOTMzfQ.kp17wjsZaoCuTPWMKxDu-0Vjhq6Tblm_-IqHLGvlD4Q
URL: /dashboard?t=1781023956243, Token: eyJhbGciOiJIUzI1NiIsInR5cCI6IkpXVCJ9.eyJpZCI6IjZhMjM3Zjc0ZGFiYzgxNGRiYmJiZWViZCIsInJvbGUiOiJBRE1JTiIsImlhdCI6MTc4MTAxOTkzMywiZXhwIjoxNzgzNjExOTMzfQ.kp17wjsZaoCuTPWMKxDu-0Vjhq6Tblm_-IqHLGvlD4Q
URL: /?t=1781023956247, Token: eyJhbGciOiJIUzI1NiIsInR5cCI6IkpXVCJ9.eyJpZCI6IjZhMjM3Zjc0ZGFiYzgxNGRiYmJiZWViZCIsInJvbGUiOiJBRE1JTiIsImlhdCI6MTc4MTAxOTkzMywiZXhwIjoxNzgzNjExOTMzfQ.kp17wjsZaoCuTPWMKxDu-0Vjhq6Tblm_-IqHLGvlD4Q
URL: /dashboard?t=1781023956257, Token: eyJhbGciOiJIUzI1NiIsInR5cCI6IkpXVCJ9.eyJpZCI6IjZhMjM3Zjc0ZGFiYzgxNGRiYmJiZWViZCIsInJvbGUiOiJBRE1JTiIsImlhdCI6MTc4MTAxOTkzMywiZXhwIjoxNzgzNjExOTMzfQ.kp17wjsZaoCuTPWMKxDu-0Vjhq6Tblm_-IqHLGvlD4Q
URL: /?t=1781023956261, Token: eyJhbGciOiJIUzI1NiIsInR5cCI6IkpXVCJ9.eyJpZCI6IjZhMjM3Zjc0ZGFiYzgxNGRiYmJiZWViZCIsInJvbGUiOiJBRE1JTiIsImlhdCI6MTc4MTAxOTkzMywiZXhwIjoxNzgzNjExOTMzfQ.kp17wjsZaoCuTPWMKxDu-0Vjhq6Tblm_-IqHLGvlD4Q
URL: /dashboard?t=1781023971278, Token: eyJhbGciOiJIUzI1NiIsInR5cCI6IkpXVCJ9.eyJpZCI6IjZhMjM3Zjc0ZGFiYzgxNGRiYmJiZWViZCIsInJvbGUiOiJBRE1JTiIsImlhdCI6MTc4MTAxOTkzMywiZXhwIjoxNzgzNjExOTMzfQ.kp17wjsZaoCuTPWMKxDu-0Vjhq6Tblm_-IqHLGvlD4Q
URL: /?t=1781023971281, Token: eyJhbGciOiJIUzI1NiIsInR5cCI6IkpXVCJ9.eyJpZCI6IjZhMjM3Zjc0ZGFiYzgxNGRiYmJiZWViZCIsInJvbGUiOiJBRE1JTiIsImlhdCI6MTc4MTAxOTkzMywiZXhwIjoxNzgzNjExOTMzfQ.kp17wjsZaoCuTPWMKxDu-0Vjhq6Tblm_-IqHLGvlD4Q
URL: /?t=1781023984969, Token: eyJhbGciOiJIUzI1NiIsInR5cCI6IkpXVCJ9.eyJpZCI6IjZhMjM3Zjc0ZGFiYzgxNGRiYmJiZWViZCIsInJvbGUiOiJBRE1JTiIsImlhdCI6MTc4MTAxOTkzMywiZXhwIjoxNzgzNjExOTMzfQ.kp17wjsZaoCuTPWMKxDu-0Vjhq6Tblm_-IqHLGvlD4Q
URL: /?t=1781023984984, Token: eyJhbGciOiJIUzI1NiIsInR5cCI6IkpXVCJ9.eyJpZCI6IjZhMjM3Zjc0ZGFiYzgxNGRiYmJiZWViZCIsInJvbGUiOiJBRE1JTiIsImlhdCI6MTc4MTAxOTkzMywiZXhwIjoxNzgzNjExOTMzfQ.kp17wjsZaoCuTPWMKxDu-0Vjhq6Tblm_-IqHLGvlD4Q
URL: /, Token: eyJhbGciOiJIUzI1NiIsInR5cCI6IkpXVCJ9.eyJpZCI6IjZhMjM3Zjc0ZGFiYzgxNGRiYmJiZWViZCIsInJvbGUiOiJBRE1JTiIsImlhdCI6MTc4MTAxOTkzMywiZXhwIjoxNzgzNjExOTMzfQ.kp17wjsZaoCuTPWMKxDu-0Vjhq6Tblm_-IqHLGvlD4Q
URL: /, Token: eyJhbGciOiJIUzI1NiIsInR5cCI6IkpXVCJ9.eyJpZCI6IjZhMjM3Zjc0ZGFiYzgxNGRiYmJiZWViZCIsInJvbGUiOiJBRE1JTiIsImlhdCI6MTc4MTAxOTkzMywiZXhwIjoxNzgzNjExOTMzfQ.kp17wjsZaoCuTPWMKxDu-0Vjhq6Tblm_-IqHLGvlD4Q
URL: /, Token: eyJhbGciOiJIUzI1NiIsInR5cCI6IkpXVCJ9.eyJpZCI6IjZhMjM3Zjc0ZGFiYzgxNGRiYmJiZWViZCIsInJvbGUiOiJBRE1JTiIsImlhdCI6MTc4MTAxOTkzMywiZXhwIjoxNzgzNjExOTMzfQ.kp17wjsZaoCuTPWMKxDu-0Vjhq6Tblm_-IqHLGvlD4Q
URL: /, Token: eyJhbGciOiJIUzI1NiIsInR5cCI6IkpXVCJ9.eyJpZCI6IjZhMjM3Zjc0ZGFiYzgxNGRiYmJiZWViZCIsInJvbGUiOiJBRE1JTiIsImlhdCI6MTc4MTAxOTkzMywiZXhwIjoxNzgzNjExOTMzfQ.kp17wjsZaoCuTPWMKxDu-0Vjhq6Tblm_-IqHLGvlD4Q
URL: /, Token: eyJhbGciOiJIUzI1NiIsInR5cCI6IkpXVCJ9.eyJpZCI6IjZhMjM3Zjc0ZGFiYzgxNGRiYmJiZWViZCIsInJvbGUiOiJBRE1JTiIsImlhdCI6MTc4MTAxOTkzMywiZXhwIjoxNzgzNjExOTMzfQ.kp17wjsZaoCuTPWMKxDu-0Vjhq6Tblm_-IqHLGvlD4Q
URL: /, Token: eyJhbGciOiJIUzI1NiIsInR5cCI6IkpXVCJ9.eyJpZCI6IjZhMjM3Zjc0ZGFiYzgxNGRiYmJiZWViZCIsInJvbGUiOiJBRE1JTiIsImlhdCI6MTc4MTAxOTkzMywiZXhwIjoxNzgzNjExOTMzfQ.kp17wjsZaoCuTPWMKxDu-0Vjhq6Tblm_-IqHLGvlD4Q
URL: /variants/6a2309fbb6f36471111a9a8b, Token: eyJhbGciOiJIUzI1NiIsInR5cCI6IkpXVCJ9.eyJpZCI6IjZhMjM3Zjc0ZGFiYzgxNGRiYmJiZWViZCIsInJvbGUiOiJBRE1JTiIsImlhdCI6MTc4MTAxOTkzMywiZXhwIjoxNzgzNjExOTMzfQ.kp17wjsZaoCuTPWMKxDu-0Vjhq6Tblm_-IqHLGvlD4Q
URL: /me, Token: eyJhbGciOiJIUzI1NiIsInR5cCI6IkpXVCJ9.eyJpZCI6IjZhMjMwMWI1YjBjNDBhNjJmZWZhMWIxMCIsInJvbGUiOiJVU0VSIiwiaWF0IjoxNzgwOTAzNTY1LCJleHAiOjE3ODM0OTU1NjV9.FQ-j916qT6CcnJjD8AFYsb16f39T5F2fQiyoAuRpTJ0
URL: /variants/6a2309fbb6f36471111a9a8b, Token: eyJhbGciOiJIUzI1NiIsInR5cCI6IkpXVCJ9.eyJpZCI6IjZhMjM3Zjc0ZGFiYzgxNGRiYmJiZWViZCIsInJvbGUiOiJBRE1JTiIsImlhdCI6MTc4MTAxOTkzMywiZXhwIjoxNzgzNjExOTMzfQ.kp17wjsZaoCuTPWMKxDu-0Vjhq6Tblm_-IqHLGvlD4Q
URL: /me, Token: eyJhbGciOiJIUzI1NiIsInR5cCI6IkpXVCJ9.eyJpZCI6IjZhMjMwMWI1YjBjNDBhNjJmZWZhMWIxMCIsInJvbGUiOiJVU0VSIiwiaWF0IjoxNzgwOTAzNTY1LCJleHAiOjE3ODM0OTU1NjV9.FQ-j916qT6CcnJjD8AFYsb16f39T5F2fQiyoAuRpTJ0
URL: /me, Token: eyJhbGciOiJIUzI1NiIsInR5cCI6IkpXVCJ9.eyJpZCI6IjZhMjMwMWI1YjBjNDBhNjJmZWZhMWIxMCIsInJvbGUiOiJVU0VSIiwiaWF0IjoxNzgwOTAzNTY1LCJleHAiOjE3ODM0OTU1NjV9.FQ-j916qT6CcnJjD8AFYsb16f39T5F2fQiyoAuRpTJ0
URL: /me, Token: eyJhbGciOiJIUzI1NiIsInR5cCI6IkpXVCJ9.eyJpZCI6IjZhMjMwMWI1YjBjNDBhNjJmZWZhMWIxMCIsInJvbGUiOiJVU0VSIiwiaWF0IjoxNzgwOTAzNTY1LCJleHAiOjE3ODM0OTU1NjV9.FQ-j916qT6CcnJjD8AFYsb16f39T5F2fQiyoAuRpTJ0
URL: /me, Token: eyJhbGciOiJIUzI1NiIsInR5cCI6IkpXVCJ9.eyJpZCI6IjZhMjMwMWI1YjBjNDBhNjJmZWZhMWIxMCIsInJvbGUiOiJVU0VSIiwiaWF0IjoxNzgwOTAzNTY1LCJleHAiOjE3ODM0OTU1NjV9.FQ-j916qT6CcnJjD8AFYsb16f39T5F2fQiyoAuRpTJ0
URL: /me, Token: eyJhbGciOiJIUzI1NiIsInR5cCI6IkpXVCJ9.eyJpZCI6IjZhMjMwMWI1YjBjNDBhNjJmZWZhMWIxMCIsInJvbGUiOiJVU0VSIiwiaWF0IjoxNzgwOTAzNTY1LCJleHAiOjE3ODM0OTU1NjV9.FQ-j916qT6CcnJjD8AFYsb16f39T5F2fQiyoAuRpTJ0
URL: /me, Token: eyJhbGciOiJIUzI1NiIsInR5cCI6IkpXVCJ9.eyJpZCI6IjZhMjMwMWI1YjBjNDBhNjJmZWZhMWIxMCIsInJvbGUiOiJVU0VSIiwiaWF0IjoxNzgwOTAzNTY1LCJleHAiOjE3ODM0OTU1NjV9.FQ-j916qT6CcnJjD8AFYsb16f39T5F2fQiyoAuRpTJ0
URL: /dashboard?t=1781062770963, Token: eyJhbGciOiJIUzI1NiIsInR5cCI6IkpXVCJ9.eyJpZCI6IjZhMjM3Zjc0ZGFiYzgxNGRiYmJiZWViZCIsInJvbGUiOiJBRE1JTiIsImlhdCI6MTc4MTAxOTkzMywiZXhwIjoxNzgzNjExOTMzfQ.kp17wjsZaoCuTPWMKxDu-0Vjhq6Tblm_-IqHLGvlD4Q
URL: /?t=1781062770965, Token: eyJhbGciOiJIUzI1NiIsInR5cCI6IkpXVCJ9.eyJpZCI6IjZhMjM3Zjc0ZGFiYzgxNGRiYmJiZWViZCIsInJvbGUiOiJBRE1JTiIsImlhdCI6MTc4MTAxOTkzMywiZXhwIjoxNzgzNjExOTMzfQ.kp17wjsZaoCuTPWMKxDu-0Vjhq6Tblm_-IqHLGvlD4Q
URL: /dashboard?t=1781062770969, Token: eyJhbGciOiJIUzI1NiIsInR5cCI6IkpXVCJ9.eyJpZCI6IjZhMjM3Zjc0ZGFiYzgxNGRiYmJiZWViZCIsInJvbGUiOiJBRE1JTiIsImlhdCI6MTc4MTAxOTkzMywiZXhwIjoxNzgzNjExOTMzfQ.kp17wjsZaoCuTPWMKxDu-0Vjhq6Tblm_-IqHLGvlD4Q
URL: /?t=1781062770970, Token: eyJhbGciOiJIUzI1NiIsInR5cCI6IkpXVCJ9.eyJpZCI6IjZhMjM3Zjc0ZGFiYzgxNGRiYmJiZWViZCIsInJvbGUiOiJBRE1JTiIsImlhdCI6MTc4MTAxOTkzMywiZXhwIjoxNzgzNjExOTMzfQ.kp17wjsZaoCuTPWMKxDu-0Vjhq6Tblm_-IqHLGvlD4Q
URL: /dashboard?t=1781062786495, Token: eyJhbGciOiJIUzI1NiIsInR5cCI6IkpXVCJ9.eyJpZCI6IjZhMjM3Zjc0ZGFiYzgxNGRiYmJiZWViZCIsInJvbGUiOiJBRE1JTiIsImlhdCI6MTc4MTAxOTkzMywiZXhwIjoxNzgzNjExOTMzfQ.kp17wjsZaoCuTPWMKxDu-0Vjhq6Tblm_-IqHLGvlD4Q
URL: /?t=1781062786498, Token: eyJhbGciOiJIUzI1NiIsInR5cCI6IkpXVCJ9.eyJpZCI6IjZhMjM3Zjc0ZGFiYzgxNGRiYmJiZWViZCIsInJvbGUiOiJBRE1JTiIsImlhdCI6MTc4MTAxOTkzMywiZXhwIjoxNzgzNjExOTMzfQ.kp17wjsZaoCuTPWMKxDu-0Vjhq6Tblm_-IqHLGvlD4Q
URL: /dashboard?t=1781062801502, Token: eyJhbGciOiJIUzI1NiIsInR5cCI6IkpXVCJ9.eyJpZCI6IjZhMjM3Zjc0ZGFiYzgxNGRiYmJiZWViZCIsInJvbGUiOiJBRE1JTiIsImlhdCI6MTc4MTAxOTkzMywiZXhwIjoxNzgzNjExOTMzfQ.kp17wjsZaoCuTPWMKxDu-0Vjhq6Tblm_-IqHLGvlD4Q
URL: /?t=1781062801503, Token: eyJhbGciOiJIUzI1NiIsInR5cCI6IkpXVCJ9.eyJpZCI6IjZhMjM3Zjc0ZGFiYzgxNGRiYmJiZWViZCIsInJvbGUiOiJBRE1JTiIsImlhdCI6MTc4MTAxOTkzMywiZXhwIjoxNzgzNjExOTMzfQ.kp17wjsZaoCuTPWMKxDu-0Vjhq6Tblm_-IqHLGvlD4Q
URL: /, Token: eyJhbGciOiJIUzI1NiIsInR5cCI6IkpXVCJ9.eyJpZCI6IjZhMjM3Zjc0ZGFiYzgxNGRiYmJiZWViZCIsInJvbGUiOiJBRE1JTiIsImlhdCI6MTc4MTAxOTkzMywiZXhwIjoxNzgzNjExOTMzfQ.kp17wjsZaoCuTPWMKxDu-0Vjhq6Tblm_-IqHLGvlD4Q
URL: /, Token: eyJhbGciOiJIUzI1NiIsInR5cCI6IkpXVCJ9.eyJpZCI6IjZhMjM3Zjc0ZGFiYzgxNGRiYmJiZWViZCIsInJvbGUiOiJBRE1JTiIsImlhdCI6MTc4MTAxOTkzMywiZXhwIjoxNzgzNjExOTMzfQ.kp17wjsZaoCuTPWMKxDu-0Vjhq6Tblm_-IqHLGvlD4Q
URL: /dashboard?t=1781062810714, Token: eyJhbGciOiJIUzI1NiIsInR5cCI6IkpXVCJ9.eyJpZCI6IjZhMjM3Zjc0ZGFiYzgxNGRiYmJiZWViZCIsInJvbGUiOiJBRE1JTiIsImlhdCI6MTc4MTAxOTkzMywiZXhwIjoxNzgzNjExOTMzfQ.kp17wjsZaoCuTPWMKxDu-0Vjhq6Tblm_-IqHLGvlD4Q
URL: /?t=1781062810715, Token: eyJhbGciOiJIUzI1NiIsInR5cCI6IkpXVCJ9.eyJpZCI6IjZhMjM3Zjc0ZGFiYzgxNGRiYmJiZWViZCIsInJvbGUiOiJBRE1JTiIsImlhdCI6MTc4MTAxOTkzMywiZXhwIjoxNzgzNjExOTMzfQ.kp17wjsZaoCuTPWMKxDu-0Vjhq6Tblm_-IqHLGvlD4Q
URL: /dashboard?t=1781062810717, Token: eyJhbGciOiJIUzI1NiIsInR5cCI6IkpXVCJ9.eyJpZCI6IjZhMjM3Zjc0ZGFiYzgxNGRiYmJiZWViZCIsInJvbGUiOiJBRE1JTiIsImlhdCI6MTc4MTAxOTkzMywiZXhwIjoxNzgzNjExOTMzfQ.kp17wjsZaoCuTPWMKxDu-0Vjhq6Tblm_-IqHLGvlD4Q
URL: /?t=1781062810718, Token: eyJhbGciOiJIUzI1NiIsInR5cCI6IkpXVCJ9.eyJpZCI6IjZhMjM3Zjc0ZGFiYzgxNGRiYmJiZWViZCIsInJvbGUiOiJBRE1JTiIsImlhdCI6MTc4MTAxOTkzMywiZXhwIjoxNzgzNjExOTMzfQ.kp17wjsZaoCuTPWMKxDu-0Vjhq6Tblm_-IqHLGvlD4Q
URL: /dashboard?t=1781062826490, Token: eyJhbGciOiJIUzI1NiIsInR5cCI6IkpXVCJ9.eyJpZCI6IjZhMjM3Zjc0ZGFiYzgxNGRiYmJiZWViZCIsInJvbGUiOiJBRE1JTiIsImlhdCI6MTc4MTAxOTkzMywiZXhwIjoxNzgzNjExOTMzfQ.kp17wjsZaoCuTPWMKxDu-0Vjhq6Tblm_-IqHLGvlD4Q
URL: /?t=1781062826491, Token: eyJhbGciOiJIUzI1NiIsInR5cCI6IkpXVCJ9.eyJpZCI6IjZhMjM3Zjc0ZGFiYzgxNGRiYmJiZWViZCIsInJvbGUiOiJBRE1JTiIsImlhdCI6MTc4MTAxOTkzMywiZXhwIjoxNzgzNjExOTMzfQ.kp17wjsZaoCuTPWMKxDu-0Vjhq6Tblm_-IqHLGvlD4Q
URL: /dashboard?t=1781062841499, Token: eyJhbGciOiJIUzI1NiIsInR5cCI6IkpXVCJ9.eyJpZCI6IjZhMjM3Zjc0ZGFiYzgxNGRiYmJiZWViZCIsInJvbGUiOiJBRE1JTiIsImlhdCI6MTc4MTAxOTkzMywiZXhwIjoxNzgzNjExOTMzfQ.kp17wjsZaoCuTPWMKxDu-0Vjhq6Tblm_-IqHLGvlD4Q
URL: /?t=1781062841501, Token: eyJhbGciOiJIUzI1NiIsInR5cCI6IkpXVCJ9.eyJpZCI6IjZhMjM3Zjc0ZGFiYzgxNGRiYmJiZWViZCIsInJvbGUiOiJBRE1JTiIsImlhdCI6MTc4MTAxOTkzMywiZXhwIjoxNzgzNjExOTMzfQ.kp17wjsZaoCuTPWMKxDu-0Vjhq6Tblm_-IqHLGvlD4Q
URL: /dashboard?t=1781062856489, Token: eyJhbGciOiJIUzI1NiIsInR5cCI6IkpXVCJ9.eyJpZCI6IjZhMjM3Zjc0ZGFiYzgxNGRiYmJiZWViZCIsInJvbGUiOiJBRE1JTiIsImlhdCI6MTc4MTAxOTkzMywiZXhwIjoxNzgzNjExOTMzfQ.kp17wjsZaoCuTPWMKxDu-0Vjhq6Tblm_-IqHLGvlD4Q
URL: /?t=1781062856490, Token: eyJhbGciOiJIUzI1NiIsInR5cCI6IkpXVCJ9.eyJpZCI6IjZhMjM3Zjc0ZGFiYzgxNGRiYmJiZWViZCIsInJvbGUiOiJBRE1JTiIsImlhdCI6MTc4MTAxOTkzMywiZXhwIjoxNzgzNjExOTMzfQ.kp17wjsZaoCuTPWMKxDu-0Vjhq6Tblm_-IqHLGvlD4Q
URL: /dashboard?t=1781063014291, Token: eyJhbGciOiJIUzI1NiIsInR5cCI6IkpXVCJ9.eyJpZCI6IjZhMjM3Zjc0ZGFiYzgxNGRiYmJiZWViZCIsInJvbGUiOiJBRE1JTiIsImlhdCI6MTc4MTA2MzAxNCwiZXhwIjoxNzgzNjU1MDE0fQ.N1OvtlvQEhcuupQ8iIOmP8qsNS_XcdW3FRFH7fqi_mo
URL: /?t=1781063014291, Token: eyJhbGciOiJIUzI1NiIsInR5cCI6IkpXVCJ9.eyJpZCI6IjZhMjM3Zjc0ZGFiYzgxNGRiYmJiZWViZCIsInJvbGUiOiJBRE1JTiIsImlhdCI6MTc4MTA2MzAxNCwiZXhwIjoxNzgzNjU1MDE0fQ.N1OvtlvQEhcuupQ8iIOmP8qsNS_XcdW3FRFH7fqi_mo
URL: /dashboard?t=1781063014294, Token: eyJhbGciOiJIUzI1NiIsInR5cCI6IkpXVCJ9.eyJpZCI6IjZhMjM3Zjc0ZGFiYzgxNGRiYmJiZWViZCIsInJvbGUiOiJBRE1JTiIsImlhdCI6MTc4MTA2MzAxNCwiZXhwIjoxNzgzNjU1MDE0fQ.N1OvtlvQEhcuupQ8iIOmP8qsNS_XcdW3FRFH7fqi_mo
URL: /?t=1781063014295, Token: eyJhbGciOiJIUzI1NiIsInR5cCI6IkpXVCJ9.eyJpZCI6IjZhMjM3Zjc0ZGFiYzgxNGRiYmJiZWViZCIsInJvbGUiOiJBRE1JTiIsImlhdCI6MTc4MTA2MzAxNCwiZXhwIjoxNzgzNjU1MDE0fQ.N1OvtlvQEhcuupQ8iIOmP8qsNS_XcdW3FRFH7fqi_mo
URL: /dashboard?t=1781063029490, Token: eyJhbGciOiJIUzI1NiIsInR5cCI6IkpXVCJ9.eyJpZCI6IjZhMjM3Zjc0ZGFiYzgxNGRiYmJiZWViZCIsInJvbGUiOiJBRE1JTiIsImlhdCI6MTc4MTA2MzAxNCwiZXhwIjoxNzgzNjU1MDE0fQ.N1OvtlvQEhcuupQ8iIOmP8qsNS_XcdW3FRFH7fqi_mo
URL: /?t=1781063029491, Token: eyJhbGciOiJIUzI1NiIsInR5cCI6IkpXVCJ9.eyJpZCI6IjZhMjM3Zjc0ZGFiYzgxNGRiYmJiZWViZCIsInJvbGUiOiJBRE1JTiIsImlhdCI6MTc4MTA2MzAxNCwiZXhwIjoxNzgzNjU1MDE0fQ.N1OvtlvQEhcuupQ8iIOmP8qsNS_XcdW3FRFH7fqi_mo
URL: /dashboard?t=1781063044497, Token: eyJhbGciOiJIUzI1NiIsInR5cCI6IkpXVCJ9.eyJpZCI6IjZhMjM3Zjc0ZGFiYzgxNGRiYmJiZWViZCIsInJvbGUiOiJBRE1JTiIsImlhdCI6MTc4MTA2MzAxNCwiZXhwIjoxNzgzNjU1MDE0fQ.N1OvtlvQEhcuupQ8iIOmP8qsNS_XcdW3FRFH7fqi_mo
URL: /?t=1781063044498, Token: eyJhbGciOiJIUzI1NiIsInR5cCI6IkpXVCJ9.eyJpZCI6IjZhMjM3Zjc0ZGFiYzgxNGRiYmJiZWViZCIsInJvbGUiOiJBRE1JTiIsImlhdCI6MTc4MTA2MzAxNCwiZXhwIjoxNzgzNjU1MDE0fQ.N1OvtlvQEhcuupQ8iIOmP8qsNS_XcdW3FRFH7fqi_mo
URL: /dashboard?t=1781063059497, Token: eyJhbGciOiJIUzI1NiIsInR5cCI6IkpXVCJ9.eyJpZCI6IjZhMjM3Zjc0ZGFiYzgxNGRiYmJiZWViZCIsInJvbGUiOiJBRE1JTiIsImlhdCI6MTc4MTA2MzAxNCwiZXhwIjoxNzgzNjU1MDE0fQ.N1OvtlvQEhcuupQ8iIOmP8qsNS_XcdW3FRFH7fqi_mo
URL: /?t=1781063059497, Token: eyJhbGciOiJIUzI1NiIsInR5cCI6IkpXVCJ9.eyJpZCI6IjZhMjM3Zjc0ZGFiYzgxNGRiYmJiZWViZCIsInJvbGUiOiJBRE1JTiIsImlhdCI6MTc4MTA2MzAxNCwiZXhwIjoxNzgzNjU1MDE0fQ.N1OvtlvQEhcuupQ8iIOmP8qsNS_XcdW3FRFH7fqi_mo
URL: /dashboard?t=1781063074491, Token: eyJhbGciOiJIUzI1NiIsInR5cCI6IkpXVCJ9.eyJpZCI6IjZhMjM3Zjc0ZGFiYzgxNGRiYmJiZWViZCIsInJvbGUiOiJBRE1JTiIsImlhdCI6MTc4MTA2MzAxNCwiZXhwIjoxNzgzNjU1MDE0fQ.N1OvtlvQEhcuupQ8iIOmP8qsNS_XcdW3FRFH7fqi_mo
URL: /?t=1781063074492, Token: eyJhbGciOiJIUzI1NiIsInR5cCI6IkpXVCJ9.eyJpZCI6IjZhMjM3Zjc0ZGFiYzgxNGRiYmJiZWViZCIsInJvbGUiOiJBRE1JTiIsImlhdCI6MTc4MTA2MzAxNCwiZXhwIjoxNzgzNjU1MDE0fQ.N1OvtlvQEhcuupQ8iIOmP8qsNS_XcdW3FRFH7fqi_mo
URL: /dashboard?t=1781063089494, Token: eyJhbGciOiJIUzI1NiIsInR5cCI6IkpXVCJ9.eyJpZCI6IjZhMjM3Zjc0ZGFiYzgxNGRiYmJiZWViZCIsInJvbGUiOiJBRE1JTiIsImlhdCI6MTc4MTA2MzAxNCwiZXhwIjoxNzgzNjU1MDE0fQ.N1OvtlvQEhcuupQ8iIOmP8qsNS_XcdW3FRFH7fqi_mo
URL: /?t=1781063089494, Token: eyJhbGciOiJIUzI1NiIsInR5cCI6IkpXVCJ9.eyJpZCI6IjZhMjM3Zjc0ZGFiYzgxNGRiYmJiZWViZCIsInJvbGUiOiJBRE1JTiIsImlhdCI6MTc4MTA2MzAxNCwiZXhwIjoxNzgzNjU1MDE0fQ.N1OvtlvQEhcuupQ8iIOmP8qsNS_XcdW3FRFH7fqi_mo
URL: /dashboard?t=1781063104300, Token: eyJhbGciOiJIUzI1NiIsInR5cCI6IkpXVCJ9.eyJpZCI6IjZhMjM3Zjc0ZGFiYzgxNGRiYmJiZWViZCIsInJvbGUiOiJBRE1JTiIsImlhdCI6MTc4MTA2MzAxNCwiZXhwIjoxNzgzNjU1MDE0fQ.N1OvtlvQEhcuupQ8iIOmP8qsNS_XcdW3FRFH7fqi_mo
URL: /?t=1781063104301, Token: eyJhbGciOiJIUzI1NiIsInR5cCI6IkpXVCJ9.eyJpZCI6IjZhMjM3Zjc0ZGFiYzgxNGRiYmJiZWViZCIsInJvbGUiOiJBRE1JTiIsImlhdCI6MTc4MTA2MzAxNCwiZXhwIjoxNzgzNjU1MDE0fQ.N1OvtlvQEhcuupQ8iIOmP8qsNS_XcdW3FRFH7fqi_mo
URL: /dashboard?t=1781063119303, Token: eyJhbGciOiJIUzI1NiIsInR5cCI6IkpXVCJ9.eyJpZCI6IjZhMjM3Zjc0ZGFiYzgxNGRiYmJiZWViZCIsInJvbGUiOiJBRE1JTiIsImlhdCI6MTc4MTA2MzAxNCwiZXhwIjoxNzgzNjU1MDE0fQ.N1OvtlvQEhcuupQ8iIOmP8qsNS_XcdW3FRFH7fqi_mo
URL: /?t=1781063119304, Token: eyJhbGciOiJIUzI1NiIsInR5cCI6IkpXVCJ9.eyJpZCI6IjZhMjM3Zjc0ZGFiYzgxNGRiYmJiZWViZCIsInJvbGUiOiJBRE1JTiIsImlhdCI6MTc4MTA2MzAxNCwiZXhwIjoxNzgzNjU1MDE0fQ.N1OvtlvQEhcuupQ8iIOmP8qsNS_XcdW3FRFH7fqi_mo
URL: /dashboard?t=1781063134306, Token: eyJhbGciOiJIUzI1NiIsInR5cCI6IkpXVCJ9.eyJpZCI6IjZhMjM3Zjc0ZGFiYzgxNGRiYmJiZWViZCIsInJvbGUiOiJBRE1JTiIsImlhdCI6MTc4MTA2MzAxNCwiZXhwIjoxNzgzNjU1MDE0fQ.N1OvtlvQEhcuupQ8iIOmP8qsNS_XcdW3FRFH7fqi_mo
URL: /?t=1781063134306, Token: eyJhbGciOiJIUzI1NiIsInR5cCI6IkpXVCJ9.eyJpZCI6IjZhMjM3Zjc0ZGFiYzgxNGRiYmJiZWViZCIsInJvbGUiOiJBRE1JTiIsImlhdCI6MTc4MTA2MzAxNCwiZXhwIjoxNzgzNjU1MDE0fQ.N1OvtlvQEhcuupQ8iIOmP8qsNS_XcdW3FRFH7fqi_mo
URL: /dashboard?t=1781063149298, Token: eyJhbGciOiJIUzI1NiIsInR5cCI6IkpXVCJ9.eyJpZCI6IjZhMjM3Zjc0ZGFiYzgxNGRiYmJiZWViZCIsInJvbGUiOiJBRE1JTiIsImlhdCI6MTc4MTA2MzAxNCwiZXhwIjoxNzgzNjU1MDE0fQ.N1OvtlvQEhcuupQ8iIOmP8qsNS_XcdW3FRFH7fqi_mo
URL: /?t=1781063149299, Token: eyJhbGciOiJIUzI1NiIsInR5cCI6IkpXVCJ9.eyJpZCI6IjZhMjM3Zjc0ZGFiYzgxNGRiYmJiZWViZCIsInJvbGUiOiJBRE1JTiIsImlhdCI6MTc4MTA2MzAxNCwiZXhwIjoxNzgzNjU1MDE0fQ.N1OvtlvQEhcuupQ8iIOmP8qsNS_XcdW3FRFH7fqi_mo
URL: /dashboard?t=1781063164298, Token: eyJhbGciOiJIUzI1NiIsInR5cCI6IkpXVCJ9.eyJpZCI6IjZhMjM3Zjc0ZGFiYzgxNGRiYmJiZWViZCIsInJvbGUiOiJBRE1JTiIsImlhdCI6MTc4MTA2MzAxNCwiZXhwIjoxNzgzNjU1MDE0fQ.N1OvtlvQEhcuupQ8iIOmP8qsNS_XcdW3FRFH7fqi_mo
URL: /?t=1781063164299, Token: eyJhbGciOiJIUzI1NiIsInR5cCI6IkpXVCJ9.eyJpZCI6IjZhMjM3Zjc0ZGFiYzgxNGRiYmJiZWViZCIsInJvbGUiOiJBRE1JTiIsImlhdCI6MTc4MTA2MzAxNCwiZXhwIjoxNzgzNjU1MDE0fQ.N1OvtlvQEhcuupQ8iIOmP8qsNS_XcdW3FRFH7fqi_mo
URL: /, Token: eyJhbGciOiJIUzI1NiIsInR5cCI6IkpXVCJ9.eyJpZCI6IjZhMjM3Zjc0ZGFiYzgxNGRiYmJiZWViZCIsInJvbGUiOiJBRE1JTiIsImlhdCI6MTc4MTA2MzAxNCwiZXhwIjoxNzgzNjU1MDE0fQ.N1OvtlvQEhcuupQ8iIOmP8qsNS_XcdW3FRFH7fqi_mo
URL: /, Token: eyJhbGciOiJIUzI1NiIsInR5cCI6IkpXVCJ9.eyJpZCI6IjZhMjM3Zjc0ZGFiYzgxNGRiYmJiZWViZCIsInJvbGUiOiJBRE1JTiIsImlhdCI6MTc4MTA2MzAxNCwiZXhwIjoxNzgzNjU1MDE0fQ.N1OvtlvQEhcuupQ8iIOmP8qsNS_XcdW3FRFH7fqi_mo
URL: /, Token: eyJhbGciOiJIUzI1NiIsInR5cCI6IkpXVCJ9.eyJpZCI6IjZhMjM3Zjc0ZGFiYzgxNGRiYmJiZWViZCIsInJvbGUiOiJBRE1JTiIsImlhdCI6MTc4MTA2MzAxNCwiZXhwIjoxNzgzNjU1MDE0fQ.N1OvtlvQEhcuupQ8iIOmP8qsNS_XcdW3FRFH7fqi_mo
URL: /, Token: eyJhbGciOiJIUzI1NiIsInR5cCI6IkpXVCJ9.eyJpZCI6IjZhMjM3Zjc0ZGFiYzgxNGRiYmJiZWViZCIsInJvbGUiOiJBRE1JTiIsImlhdCI6MTc4MTA2MzAxNCwiZXhwIjoxNzgzNjU1MDE0fQ.N1OvtlvQEhcuupQ8iIOmP8qsNS_XcdW3FRFH7fqi_mo
URL: /orders, Token: eyJhbGciOiJIUzI1NiIsInR5cCI6IkpXVCJ9.eyJpZCI6IjZhMjhkZTIwMDc5MmRkZDNlYmZkOGEyZSIsInJvbGUiOiJERUxJVkVSWV9CT1kiLCJpYXQiOjE3ODEwNjMzMjksImV4cCI6MTc4MzY1NTMyOX0.CzKuNSTo7akXSKJN6rFPld_6l1THy2CgsMnfKisKfRw
URL: /, Token: eyJhbGciOiJIUzI1NiIsInR5cCI6IkpXVCJ9.eyJpZCI6IjZhMjM3Zjc0ZGFiYzgxNGRiYmJiZWViZCIsInJvbGUiOiJBRE1JTiIsImlhdCI6MTc4MTA2MzAxNCwiZXhwIjoxNzgzNjU1MDE0fQ.N1OvtlvQEhcuupQ8iIOmP8qsNS_XcdW3FRFH7fqi_mo
URL: /, Token: eyJhbGciOiJIUzI1NiIsInR5cCI6IkpXVCJ9.eyJpZCI6IjZhMjM3Zjc0ZGFiYzgxNGRiYmJiZWViZCIsInJvbGUiOiJBRE1JTiIsImlhdCI6MTc4MTA2MzAxNCwiZXhwIjoxNzgzNjU1MDE0fQ.N1OvtlvQEhcuupQ8iIOmP8qsNS_XcdW3FRFH7fqi_mo
URL: /, Token: eyJhbGciOiJIUzI1NiIsInR5cCI6IkpXVCJ9.eyJpZCI6IjZhMjM3Zjc0ZGFiYzgxNGRiYmJiZWViZCIsInJvbGUiOiJBRE1JTiIsImlhdCI6MTc4MTA2MzAxNCwiZXhwIjoxNzgzNjU1MDE0fQ.N1OvtlvQEhcuupQ8iIOmP8qsNS_XcdW3FRFH7fqi_mo
URL: /, Token: eyJhbGciOiJIUzI1NiIsInR5cCI6IkpXVCJ9.eyJpZCI6IjZhMjM3Zjc0ZGFiYzgxNGRiYmJiZWViZCIsInJvbGUiOiJBRE1JTiIsImlhdCI6MTc4MTA2MzAxNCwiZXhwIjoxNzgzNjU1MDE0fQ.N1OvtlvQEhcuupQ8iIOmP8qsNS_XcdW3FRFH7fqi_mo
URL: /, Token: eyJhbGciOiJIUzI1NiIsInR5cCI6IkpXVCJ9.eyJpZCI6IjZhMjM3Zjc0ZGFiYzgxNGRiYmJiZWViZCIsInJvbGUiOiJBRE1JTiIsImlhdCI6MTc4MTA2MzAxNCwiZXhwIjoxNzgzNjU1MDE0fQ.N1OvtlvQEhcuupQ8iIOmP8qsNS_XcdW3FRFH7fqi_mo
URL: /, Token: eyJhbGciOiJIUzI1NiIsInR5cCI6IkpXVCJ9.eyJpZCI6IjZhMjM3Zjc0ZGFiYzgxNGRiYmJiZWViZCIsInJvbGUiOiJBRE1JTiIsImlhdCI6MTc4MTA2MzAxNCwiZXhwIjoxNzgzNjU1MDE0fQ.N1OvtlvQEhcuupQ8iIOmP8qsNS_XcdW3FRFH7fqi_mo
URL: /, Token: eyJhbGciOiJIUzI1NiIsInR5cCI6IkpXVCJ9.eyJpZCI6IjZhMjM3Zjc0ZGFiYzgxNGRiYmJiZWViZCIsInJvbGUiOiJBRE1JTiIsImlhdCI6MTc4MTA2MzAxNCwiZXhwIjoxNzgzNjU1MDE0fQ.N1OvtlvQEhcuupQ8iIOmP8qsNS_XcdW3FRFH7fqi_mo
URL: /dashboard-stats, Token: eyJhbGciOiJIUzI1NiIsInR5cCI6IkpXVCJ9.eyJpZCI6IjZhMjhkZTIwMDc5MmRkZDNlYmZkOGEyZSIsInJvbGUiOiJERUxJVkVSWV9CT1kiLCJpYXQiOjE3ODEwNjMzMjksImV4cCI6MTc4MzY1NTMyOX0.CzKuNSTo7akXSKJN6rFPld_6l1THy2CgsMnfKisKfRw
URL: /orders, Token: eyJhbGciOiJIUzI1NiIsInR5cCI6IkpXVCJ9.eyJpZCI6IjZhMjhkZTIwMDc5MmRkZDNlYmZkOGEyZSIsInJvbGUiOiJERUxJVkVSWV9CT1kiLCJpYXQiOjE3ODEwNjMzMjksImV4cCI6MTc4MzY1NTMyOX0.CzKuNSTo7akXSKJN6rFPld_6l1THy2CgsMnfKisKfRw
URL: /orders, Token: eyJhbGciOiJIUzI1NiIsInR5cCI6IkpXVCJ9.eyJpZCI6IjZhMjhkZTIwMDc5MmRkZDNlYmZkOGEyZSIsInJvbGUiOiJERUxJVkVSWV9CT1kiLCJpYXQiOjE3ODEwNjMzMjksImV4cCI6MTc4MzY1NTMyOX0.CzKuNSTo7akXSKJN6rFPld_6l1THy2CgsMnfKisKfRw
URL: /orders, Token: eyJhbGciOiJIUzI1NiIsInR5cCI6IkpXVCJ9.eyJpZCI6IjZhMjhkZTIwMDc5MmRkZDNlYmZkOGEyZSIsInJvbGUiOiJERUxJVkVSWV9CT1kiLCJpYXQiOjE3ODEwNjMzMjksImV4cCI6MTc4MzY1NTMyOX0.CzKuNSTo7akXSKJN6rFPld_6l1THy2CgsMnfKisKfRw
URL: /earnings, Token: eyJhbGciOiJIUzI1NiIsInR5cCI6IkpXVCJ9.eyJpZCI6IjZhMjhkZTIwMDc5MmRkZDNlYmZkOGEyZSIsInJvbGUiOiJERUxJVkVSWV9CT1kiLCJpYXQiOjE3ODEwNjMzMjksImV4cCI6MTc4MzY1NTMyOX0.CzKuNSTo7akXSKJN6rFPld_6l1THy2CgsMnfKisKfRw
URL: /, Token: eyJhbGciOiJIUzI1NiIsInR5cCI6IkpXVCJ9.eyJpZCI6IjZhMjM3Zjc0ZGFiYzgxNGRiYmJiZWViZCIsInJvbGUiOiJBRE1JTiIsImlhdCI6MTc4MTA2MzAxNCwiZXhwIjoxNzgzNjU1MDE0fQ.N1OvtlvQEhcuupQ8iIOmP8qsNS_XcdW3FRFH7fqi_mo
URL: /dashboard-stats, Token: eyJhbGciOiJIUzI1NiIsInR5cCI6IkpXVCJ9.eyJpZCI6IjZhMjhkZTIwMDc5MmRkZDNlYmZkOGEyZSIsInJvbGUiOiJERUxJVkVSWV9CT1kiLCJpYXQiOjE3ODEwNjMzMjksImV4cCI6MTc4MzY1NTMyOX0.CzKuNSTo7akXSKJN6rFPld_6l1THy2CgsMnfKisKfRw
URL: /orders, Token: eyJhbGciOiJIUzI1NiIsInR5cCI6IkpXVCJ9.eyJpZCI6IjZhMjhkZTIwMDc5MmRkZDNlYmZkOGEyZSIsInJvbGUiOiJERUxJVkVSWV9CT1kiLCJpYXQiOjE3ODEwNjMzMjksImV4cCI6MTc4MzY1NTMyOX0.CzKuNSTo7akXSKJN6rFPld_6l1THy2CgsMnfKisKfRw
URL: /dashboard-stats, Token: eyJhbGciOiJIUzI1NiIsInR5cCI6IkpXVCJ9.eyJpZCI6IjZhMjhkZTIwMDc5MmRkZDNlYmZkOGEyZSIsInJvbGUiOiJERUxJVkVSWV9CT1kiLCJpYXQiOjE3ODEwNjMzMjksImV4cCI6MTc4MzY1NTMyOX0.CzKuNSTo7akXSKJN6rFPld_6l1THy2CgsMnfKisKfRw
URL: /earnings, Token: eyJhbGciOiJIUzI1NiIsInR5cCI6IkpXVCJ9.eyJpZCI6IjZhMjhkZTIwMDc5MmRkZDNlYmZkOGEyZSIsInJvbGUiOiJERUxJVkVSWV9CT1kiLCJpYXQiOjE3ODEwNjMzMjksImV4cCI6MTc4MzY1NTMyOX0.CzKuNSTo7akXSKJN6rFPld_6l1THy2CgsMnfKisKfRw
URL: /dashboard-stats, Token: eyJhbGciOiJIUzI1NiIsInR5cCI6IkpXVCJ9.eyJpZCI6IjZhMjhkZTIwMDc5MmRkZDNlYmZkOGEyZSIsInJvbGUiOiJERUxJVkVSWV9CT1kiLCJpYXQiOjE3ODEwNjMzMjksImV4cCI6MTc4MzY1NTMyOX0.CzKuNSTo7akXSKJN6rFPld_6l1THy2CgsMnfKisKfRw
URL: /earnings, Token: eyJhbGciOiJIUzI1NiIsInR5cCI6IkpXVCJ9.eyJpZCI6IjZhMjhkZTIwMDc5MmRkZDNlYmZkOGEyZSIsInJvbGUiOiJERUxJVkVSWV9CT1kiLCJpYXQiOjE3ODEwNjMzMjksImV4cCI6MTc4MzY1NTMyOX0.CzKuNSTo7akXSKJN6rFPld_6l1THy2CgsMnfKisKfRw
URL: /, Token: eyJhbGciOiJIUzI1NiIsInR5cCI6IkpXVCJ9.eyJpZCI6IjZhMjM3Zjc0ZGFiYzgxNGRiYmJiZWViZCIsInJvbGUiOiJBRE1JTiIsImlhdCI6MTc4MTA2MzAxNCwiZXhwIjoxNzgzNjU1MDE0fQ.N1OvtlvQEhcuupQ8iIOmP8qsNS_XcdW3FRFH7fqi_mo
URL: /dashboard-stats, Token: eyJhbGciOiJIUzI1NiIsInR5cCI6IkpXVCJ9.eyJpZCI6IjZhMjhkZTIwMDc5MmRkZDNlYmZkOGEyZSIsInJvbGUiOiJERUxJVkVSWV9CT1kiLCJpYXQiOjE3ODEwNjMzMjksImV4cCI6MTc4MzY1NTMyOX0.CzKuNSTo7akXSKJN6rFPld_6l1THy2CgsMnfKisKfRw
URL: /orders, Token: eyJhbGciOiJIUzI1NiIsInR5cCI6IkpXVCJ9.eyJpZCI6IjZhMjhkZTIwMDc5MmRkZDNlYmZkOGEyZSIsInJvbGUiOiJERUxJVkVSWV9CT1kiLCJpYXQiOjE3ODEwNjMzMjksImV4cCI6MTc4MzY1NTMyOX0.CzKuNSTo7akXSKJN6rFPld_6l1THy2CgsMnfKisKfRw
URL: /orders, Token: eyJhbGciOiJIUzI1NiIsInR5cCI6IkpXVCJ9.eyJpZCI6IjZhMjhkZTIwMDc5MmRkZDNlYmZkOGEyZSIsInJvbGUiOiJERUxJVkVSWV9CT1kiLCJpYXQiOjE3ODEwNjMzMjksImV4cCI6MTc4MzY1NTMyOX0.CzKuNSTo7akXSKJN6rFPld_6l1THy2CgsMnfKisKfRw
URL: /earnings, Token: eyJhbGciOiJIUzI1NiIsInR5cCI6IkpXVCJ9.eyJpZCI6IjZhMjhkZTIwMDc5MmRkZDNlYmZkOGEyZSIsInJvbGUiOiJERUxJVkVSWV9CT1kiLCJpYXQiOjE3ODEwNjMzMjksImV4cCI6MTc4MzY1NTMyOX0.CzKuNSTo7akXSKJN6rFPld_6l1THy2CgsMnfKisKfRw
URL: /earnings, Token: eyJhbGciOiJIUzI1NiIsInR5cCI6IkpXVCJ9.eyJpZCI6IjZhMjhkZTIwMDc5MmRkZDNlYmZkOGEyZSIsInJvbGUiOiJERUxJVkVSWV9CT1kiLCJpYXQiOjE3ODEwNjMzMjksImV4cCI6MTc4MzY1NTMyOX0.CzKuNSTo7akXSKJN6rFPld_6l1THy2CgsMnfKisKfRw
URL: /, Token: eyJhbGciOiJIUzI1NiIsInR5cCI6IkpXVCJ9.eyJpZCI6IjZhMjM3Zjc0ZGFiYzgxNGRiYmJiZWViZCIsInJvbGUiOiJBRE1JTiIsImlhdCI6MTc4MTA2MzAxNCwiZXhwIjoxNzgzNjU1MDE0fQ.N1OvtlvQEhcuupQ8iIOmP8qsNS_XcdW3FRFH7fqi_mo
URL: /dashboard-stats, Token: eyJhbGciOiJIUzI1NiIsInR5cCI6IkpXVCJ9.eyJpZCI6IjZhMjhkZTIwMDc5MmRkZDNlYmZkOGEyZSIsInJvbGUiOiJERUxJVkVSWV9CT1kiLCJpYXQiOjE3ODEwNjMzMjksImV4cCI6MTc4MzY1NTMyOX0.CzKuNSTo7akXSKJN6rFPld_6l1THy2CgsMnfKisKfRw
URL: /dashboard-stats, Token: eyJhbGciOiJIUzI1NiIsInR5cCI6IkpXVCJ9.eyJpZCI6IjZhMjhkZTIwMDc5MmRkZDNlYmZkOGEyZSIsInJvbGUiOiJERUxJVkVSWV9CT1kiLCJpYXQiOjE3ODEwNjMzMjksImV4cCI6MTc4MzY1NTMyOX0.CzKuNSTo7akXSKJN6rFPld_6l1THy2CgsMnfKisKfRw
URL: /, Token: eyJhbGciOiJIUzI1NiIsInR5cCI6IkpXVCJ9.eyJpZCI6IjZhMjM3Zjc0ZGFiYzgxNGRiYmJiZWViZCIsInJvbGUiOiJBRE1JTiIsImlhdCI6MTc4MTA2MzAxNCwiZXhwIjoxNzgzNjU1MDE0fQ.N1OvtlvQEhcuupQ8iIOmP8qsNS_XcdW3FRFH7fqi_mo
URL: /dashboard?t=1781063994932, Token: eyJhbGciOiJIUzI1NiIsInR5cCI6IkpXVCJ9.eyJpZCI6IjZhMjM3Zjc0ZGFiYzgxNGRiYmJiZWViZCIsInJvbGUiOiJBRE1JTiIsImlhdCI6MTc4MTA2MzAxNCwiZXhwIjoxNzgzNjU1MDE0fQ.N1OvtlvQEhcuupQ8iIOmP8qsNS_XcdW3FRFH7fqi_mo
URL: /dashboard?t=1781063994938, Token: eyJhbGciOiJIUzI1NiIsInR5cCI6IkpXVCJ9.eyJpZCI6IjZhMjM3Zjc0ZGFiYzgxNGRiYmJiZWViZCIsInJvbGUiOiJBRE1JTiIsImlhdCI6MTc4MTA2MzAxNCwiZXhwIjoxNzgzNjU1MDE0fQ.N1OvtlvQEhcuupQ8iIOmP8qsNS_XcdW3FRFH7fqi_mo
URL: /?t=1781063994934, Token: eyJhbGciOiJIUzI1NiIsInR5cCI6IkpXVCJ9.eyJpZCI6IjZhMjM3Zjc0ZGFiYzgxNGRiYmJiZWViZCIsInJvbGUiOiJBRE1JTiIsImlhdCI6MTc4MTA2MzAxNCwiZXhwIjoxNzgzNjU1MDE0fQ.N1OvtlvQEhcuupQ8iIOmP8qsNS_XcdW3FRFH7fqi_mo
URL: /?t=1781063994939, Token: eyJhbGciOiJIUzI1NiIsInR5cCI6IkpXVCJ9.eyJpZCI6IjZhMjM3Zjc0ZGFiYzgxNGRiYmJiZWViZCIsInJvbGUiOiJBRE1JTiIsImlhdCI6MTc4MTA2MzAxNCwiZXhwIjoxNzgzNjU1MDE0fQ.N1OvtlvQEhcuupQ8iIOmP8qsNS_XcdW3FRFH7fqi_mo
URL: /, Token: eyJhbGciOiJIUzI1NiIsInR5cCI6IkpXVCJ9.eyJpZCI6IjZhMjM3Zjc0ZGFiYzgxNGRiYmJiZWViZCIsInJvbGUiOiJBRE1JTiIsImlhdCI6MTc4MTA2MzAxNCwiZXhwIjoxNzgzNjU1MDE0fQ.N1OvtlvQEhcuupQ8iIOmP8qsNS_XcdW3FRFH7fqi_mo
URL: /dashboard?t=1781064010494, Token: eyJhbGciOiJIUzI1NiIsInR5cCI6IkpXVCJ9.eyJpZCI6IjZhMjM3Zjc0ZGFiYzgxNGRiYmJiZWViZCIsInJvbGUiOiJBRE1JTiIsImlhdCI6MTc4MTA2MzAxNCwiZXhwIjoxNzgzNjU1MDE0fQ.N1OvtlvQEhcuupQ8iIOmP8qsNS_XcdW3FRFH7fqi_mo
URL: /?t=1781064010495, Token: eyJhbGciOiJIUzI1NiIsInR5cCI6IkpXVCJ9.eyJpZCI6IjZhMjM3Zjc0ZGFiYzgxNGRiYmJiZWViZCIsInJvbGUiOiJBRE1JTiIsImlhdCI6MTc4MTA2MzAxNCwiZXhwIjoxNzgzNjU1MDE0fQ.N1OvtlvQEhcuupQ8iIOmP8qsNS_XcdW3FRFH7fqi_mo
URL: /dashboard?t=1781064025500, Token: eyJhbGciOiJIUzI1NiIsInR5cCI6IkpXVCJ9.eyJpZCI6IjZhMjM3Zjc0ZGFiYzgxNGRiYmJiZWViZCIsInJvbGUiOiJBRE1JTiIsImlhdCI6MTc4MTA2MzAxNCwiZXhwIjoxNzgzNjU1MDE0fQ.N1OvtlvQEhcuupQ8iIOmP8qsNS_XcdW3FRFH7fqi_mo
URL: /?t=1781064025501, Token: eyJhbGciOiJIUzI1NiIsInR5cCI6IkpXVCJ9.eyJpZCI6IjZhMjM3Zjc0ZGFiYzgxNGRiYmJiZWViZCIsInJvbGUiOiJBRE1JTiIsImlhdCI6MTc4MTA2MzAxNCwiZXhwIjoxNzgzNjU1MDE0fQ.N1OvtlvQEhcuupQ8iIOmP8qsNS_XcdW3FRFH7fqi_mo
URL: /, Token: eyJhbGciOiJIUzI1NiIsInR5cCI6IkpXVCJ9.eyJpZCI6IjZhMjM3Zjc0ZGFiYzgxNGRiYmJiZWViZCIsInJvbGUiOiJBRE1JTiIsImlhdCI6MTc4MTA2MzAxNCwiZXhwIjoxNzgzNjU1MDE0fQ.N1OvtlvQEhcuupQ8iIOmP8qsNS_XcdW3FRFH7fqi_mo
URL: /, Token: eyJhbGciOiJIUzI1NiIsInR5cCI6IkpXVCJ9.eyJpZCI6IjZhMjM3Zjc0ZGFiYzgxNGRiYmJiZWViZCIsInJvbGUiOiJBRE1JTiIsImlhdCI6MTc4MTA2MzAxNCwiZXhwIjoxNzgzNjU1MDE0fQ.N1OvtlvQEhcuupQ8iIOmP8qsNS_XcdW3FRFH7fqi_mo
URL: /dashboard?t=1781064032861, Token: eyJhbGciOiJIUzI1NiIsInR5cCI6IkpXVCJ9.eyJpZCI6IjZhMjM3Zjc0ZGFiYzgxNGRiYmJiZWViZCIsInJvbGUiOiJBRE1JTiIsImlhdCI6MTc4MTA2MzAxNCwiZXhwIjoxNzgzNjU1MDE0fQ.N1OvtlvQEhcuupQ8iIOmP8qsNS_XcdW3FRFH7fqi_mo
URL: /?t=1781064032862, Token: eyJhbGciOiJIUzI1NiIsInR5cCI6IkpXVCJ9.eyJpZCI6IjZhMjM3Zjc0ZGFiYzgxNGRiYmJiZWViZCIsInJvbGUiOiJBRE1JTiIsImlhdCI6MTc4MTA2MzAxNCwiZXhwIjoxNzgzNjU1MDE0fQ.N1OvtlvQEhcuupQ8iIOmP8qsNS_XcdW3FRFH7fqi_mo
URL: /dashboard?t=1781064032867, Token: eyJhbGciOiJIUzI1NiIsInR5cCI6IkpXVCJ9.eyJpZCI6IjZhMjM3Zjc0ZGFiYzgxNGRiYmJiZWViZCIsInJvbGUiOiJBRE1JTiIsImlhdCI6MTc4MTA2MzAxNCwiZXhwIjoxNzgzNjU1MDE0fQ.N1OvtlvQEhcuupQ8iIOmP8qsNS_XcdW3FRFH7fqi_mo
URL: /?t=1781064032867, Token: eyJhbGciOiJIUzI1NiIsInR5cCI6IkpXVCJ9.eyJpZCI6IjZhMjM3Zjc0ZGFiYzgxNGRiYmJiZWViZCIsInJvbGUiOiJBRE1JTiIsImlhdCI6MTc4MTA2MzAxNCwiZXhwIjoxNzgzNjU1MDE0fQ.N1OvtlvQEhcuupQ8iIOmP8qsNS_XcdW3FRFH7fqi_mo
URL: /, Token: eyJhbGciOiJIUzI1NiIsInR5cCI6IkpXVCJ9.eyJpZCI6IjZhMjM3Zjc0ZGFiYzgxNGRiYmJiZWViZCIsInJvbGUiOiJBRE1JTiIsImlhdCI6MTc4MTA2MzAxNCwiZXhwIjoxNzgzNjU1MDE0fQ.N1OvtlvQEhcuupQ8iIOmP8qsNS_XcdW3FRFH7fqi_mo
URL: /, Token: eyJhbGciOiJIUzI1NiIsInR5cCI6IkpXVCJ9.eyJpZCI6IjZhMjM3Zjc0ZGFiYzgxNGRiYmJiZWViZCIsInJvbGUiOiJBRE1JTiIsImlhdCI6MTc4MTA2MzAxNCwiZXhwIjoxNzgzNjU1MDE0fQ.N1OvtlvQEhcuupQ8iIOmP8qsNS_XcdW3FRFH7fqi_mo
URL: /, Token: eyJhbGciOiJIUzI1NiIsInR5cCI6IkpXVCJ9.eyJpZCI6IjZhMjM3Zjc0ZGFiYzgxNGRiYmJiZWViZCIsInJvbGUiOiJBRE1JTiIsImlhdCI6MTc4MTA2MzAxNCwiZXhwIjoxNzgzNjU1MDE0fQ.N1OvtlvQEhcuupQ8iIOmP8qsNS_XcdW3FRFH7fqi_mo
URL: /, Token: eyJhbGciOiJIUzI1NiIsInR5cCI6IkpXVCJ9.eyJpZCI6IjZhMjM3Zjc0ZGFiYzgxNGRiYmJiZWViZCIsInJvbGUiOiJBRE1JTiIsImlhdCI6MTc4MTA2MzAxNCwiZXhwIjoxNzgzNjU1MDE0fQ.N1OvtlvQEhcuupQ8iIOmP8qsNS_XcdW3FRFH7fqi_mo
URL: /, Token: eyJhbGciOiJIUzI1NiIsInR5cCI6IkpXVCJ9.eyJpZCI6IjZhMjM3Zjc0ZGFiYzgxNGRiYmJiZWViZCIsInJvbGUiOiJBRE1JTiIsImlhdCI6MTc4MTA2MzAxNCwiZXhwIjoxNzgzNjU1MDE0fQ.N1OvtlvQEhcuupQ8iIOmP8qsNS_XcdW3FRFH7fqi_mo
URL: /, Token: eyJhbGciOiJIUzI1NiIsInR5cCI6IkpXVCJ9.eyJpZCI6IjZhMjM3Zjc0ZGFiYzgxNGRiYmJiZWViZCIsInJvbGUiOiJBRE1JTiIsImlhdCI6MTc4MTA2MzAxNCwiZXhwIjoxNzgzNjU1MDE0fQ.N1OvtlvQEhcuupQ8iIOmP8qsNS_XcdW3FRFH7fqi_mo
URL: /, Token: eyJhbGciOiJIUzI1NiIsInR5cCI6IkpXVCJ9.eyJpZCI6IjZhMjM3Zjc0ZGFiYzgxNGRiYmJiZWViZCIsInJvbGUiOiJBRE1JTiIsImlhdCI6MTc4MTA2MzAxNCwiZXhwIjoxNzgzNjU1MDE0fQ.N1OvtlvQEhcuupQ8iIOmP8qsNS_XcdW3FRFH7fqi_mo
URL: /dashboard?t=1781064056937, Token: eyJhbGciOiJIUzI1NiIsInR5cCI6IkpXVCJ9.eyJpZCI6IjZhMjM3Zjc0ZGFiYzgxNGRiYmJiZWViZCIsInJvbGUiOiJBRE1JTiIsImlhdCI6MTc4MTA2MzAxNCwiZXhwIjoxNzgzNjU1MDE0fQ.N1OvtlvQEhcuupQ8iIOmP8qsNS_XcdW3FRFH7fqi_mo
URL: /, Token: eyJhbGciOiJIUzI1NiIsInR5cCI6IkpXVCJ9.eyJpZCI6IjZhMjM3Zjc0ZGFiYzgxNGRiYmJiZWViZCIsInJvbGUiOiJBRE1JTiIsImlhdCI6MTc4MTA2MzAxNCwiZXhwIjoxNzgzNjU1MDE0fQ.N1OvtlvQEhcuupQ8iIOmP8qsNS_XcdW3FRFH7fqi_mo
URL: /?t=1781064056938, Token: eyJhbGciOiJIUzI1NiIsInR5cCI6IkpXVCJ9.eyJpZCI6IjZhMjM3Zjc0ZGFiYzgxNGRiYmJiZWViZCIsInJvbGUiOiJBRE1JTiIsImlhdCI6MTc4MTA2MzAxNCwiZXhwIjoxNzgzNjU1MDE0fQ.N1OvtlvQEhcuupQ8iIOmP8qsNS_XcdW3FRFH7fqi_mo
URL: /dashboard?t=1781064056948, Token: eyJhbGciOiJIUzI1NiIsInR5cCI6IkpXVCJ9.eyJpZCI6IjZhMjM3Zjc0ZGFiYzgxNGRiYmJiZWViZCIsInJvbGUiOiJBRE1JTiIsImlhdCI6MTc4MTA2MzAxNCwiZXhwIjoxNzgzNjU1MDE0fQ.N1OvtlvQEhcuupQ8iIOmP8qsNS_XcdW3FRFH7fqi_mo
URL: /?t=1781064056949, Token: eyJhbGciOiJIUzI1NiIsInR5cCI6IkpXVCJ9.eyJpZCI6IjZhMjM3Zjc0ZGFiYzgxNGRiYmJiZWViZCIsInJvbGUiOiJBRE1JTiIsImlhdCI6MTc4MTA2MzAxNCwiZXhwIjoxNzgzNjU1MDE0fQ.N1OvtlvQEhcuupQ8iIOmP8qsNS_XcdW3FRFH7fqi_mo
URL: /, Token: eyJhbGciOiJIUzI1NiIsInR5cCI6IkpXVCJ9.eyJpZCI6IjZhMjM3Zjc0ZGFiYzgxNGRiYmJiZWViZCIsInJvbGUiOiJBRE1JTiIsImlhdCI6MTc4MTA2MzAxNCwiZXhwIjoxNzgzNjU1MDE0fQ.N1OvtlvQEhcuupQ8iIOmP8qsNS_XcdW3FRFH7fqi_mo
URL: /, Token: eyJhbGciOiJIUzI1NiIsInR5cCI6IkpXVCJ9.eyJpZCI6IjZhMjM3Zjc0ZGFiYzgxNGRiYmJiZWViZCIsInJvbGUiOiJBRE1JTiIsImlhdCI6MTc4MTA2MzAxNCwiZXhwIjoxNzgzNjU1MDE0fQ.N1OvtlvQEhcuupQ8iIOmP8qsNS_XcdW3FRFH7fqi_mo
URL: /, Token: eyJhbGciOiJIUzI1NiIsInR5cCI6IkpXVCJ9.eyJpZCI6IjZhMjM3Zjc0ZGFiYzgxNGRiYmJiZWViZCIsInJvbGUiOiJBRE1JTiIsImlhdCI6MTc4MTA2MzAxNCwiZXhwIjoxNzgzNjU1MDE0fQ.N1OvtlvQEhcuupQ8iIOmP8qsNS_XcdW3FRFH7fqi_mo
URL: /, Token: eyJhbGciOiJIUzI1NiIsInR5cCI6IkpXVCJ9.eyJpZCI6IjZhMjM3Zjc0ZGFiYzgxNGRiYmJiZWViZCIsInJvbGUiOiJBRE1JTiIsImlhdCI6MTc4MTA2MzAxNCwiZXhwIjoxNzgzNjU1MDE0fQ.N1OvtlvQEhcuupQ8iIOmP8qsNS_XcdW3FRFH7fqi_mo
URL: /, Token: eyJhbGciOiJIUzI1NiIsInR5cCI6IkpXVCJ9.eyJpZCI6IjZhMjM3Zjc0ZGFiYzgxNGRiYmJiZWViZCIsInJvbGUiOiJBRE1JTiIsImlhdCI6MTc4MTA2MzAxNCwiZXhwIjoxNzgzNjU1MDE0fQ.N1OvtlvQEhcuupQ8iIOmP8qsNS_XcdW3FRFH7fqi_mo
URL: /, Token: eyJhbGciOiJIUzI1NiIsInR5cCI6IkpXVCJ9.eyJpZCI6IjZhMjM3Zjc0ZGFiYzgxNGRiYmJiZWViZCIsInJvbGUiOiJBRE1JTiIsImlhdCI6MTc4MTA2MzAxNCwiZXhwIjoxNzgzNjU1MDE0fQ.N1OvtlvQEhcuupQ8iIOmP8qsNS_XcdW3FRFH7fqi_mo
URL: /, Token: eyJhbGciOiJIUzI1NiIsInR5cCI6IkpXVCJ9.eyJpZCI6IjZhMjM3Zjc0ZGFiYzgxNGRiYmJiZWViZCIsInJvbGUiOiJBRE1JTiIsImlhdCI6MTc4MTA2MzAxNCwiZXhwIjoxNzgzNjU1MDE0fQ.N1OvtlvQEhcuupQ8iIOmP8qsNS_XcdW3FRFH7fqi_mo
URL: /, Token: eyJhbGciOiJIUzI1NiIsInR5cCI6IkpXVCJ9.eyJpZCI6IjZhMjM3Zjc0ZGFiYzgxNGRiYmJiZWViZCIsInJvbGUiOiJBRE1JTiIsImlhdCI6MTc4MTA2MzAxNCwiZXhwIjoxNzgzNjU1MDE0fQ.N1OvtlvQEhcuupQ8iIOmP8qsNS_XcdW3FRFH7fqi_mo
URL: /, Token: eyJhbGciOiJIUzI1NiIsInR5cCI6IkpXVCJ9.eyJpZCI6IjZhMjM3Zjc0ZGFiYzgxNGRiYmJiZWViZCIsInJvbGUiOiJBRE1JTiIsImlhdCI6MTc4MTA2MzAxNCwiZXhwIjoxNzgzNjU1MDE0fQ.N1OvtlvQEhcuupQ8iIOmP8qsNS_XcdW3FRFH7fqi_mo
URL: /orders, Token: eyJhbGciOiJIUzI1NiIsInR5cCI6IkpXVCJ9.eyJpZCI6IjZhMjhkZTIwMDc5MmRkZDNlYmZkOGEyZSIsInJvbGUiOiJERUxJVkVSWV9CT1kiLCJpYXQiOjE3ODEwNjMzMjksImV4cCI6MTc4MzY1NTMyOX0.CzKuNSTo7akXSKJN6rFPld_6l1THy2CgsMnfKisKfRw
URL: /orders, Token: eyJhbGciOiJIUzI1NiIsInR5cCI6IkpXVCJ9.eyJpZCI6IjZhMjhkZTIwMDc5MmRkZDNlYmZkOGEyZSIsInJvbGUiOiJERUxJVkVSWV9CT1kiLCJpYXQiOjE3ODEwNjMzMjksImV4cCI6MTc4MzY1NTMyOX0.CzKuNSTo7akXSKJN6rFPld_6l1THy2CgsMnfKisKfRw
URL: /earnings, Token: eyJhbGciOiJIUzI1NiIsInR5cCI6IkpXVCJ9.eyJpZCI6IjZhMjhkZTIwMDc5MmRkZDNlYmZkOGEyZSIsInJvbGUiOiJERUxJVkVSWV9CT1kiLCJpYXQiOjE3ODEwNjMzMjksImV4cCI6MTc4MzY1NTMyOX0.CzKuNSTo7akXSKJN6rFPld_6l1THy2CgsMnfKisKfRw
URL: /, Token: eyJhbGciOiJIUzI1NiIsInR5cCI6IkpXVCJ9.eyJpZCI6IjZhMjM3Zjc0ZGFiYzgxNGRiYmJiZWViZCIsInJvbGUiOiJBRE1JTiIsImlhdCI6MTc4MTA2MzAxNCwiZXhwIjoxNzgzNjU1MDE0fQ.N1OvtlvQEhcuupQ8iIOmP8qsNS_XcdW3FRFH7fqi_mo
URL: /dashboard-stats, Token: eyJhbGciOiJIUzI1NiIsInR5cCI6IkpXVCJ9.eyJpZCI6IjZhMjhkZTIwMDc5MmRkZDNlYmZkOGEyZSIsInJvbGUiOiJERUxJVkVSWV9CT1kiLCJpYXQiOjE3ODEwNjMzMjksImV4cCI6MTc4MzY1NTMyOX0.CzKuNSTo7akXSKJN6rFPld_6l1THy2CgsMnfKisKfRw
URL: /orders, Token: eyJhbGciOiJIUzI1NiIsInR5cCI6IkpXVCJ9.eyJpZCI6IjZhMjhkZTIwMDc5MmRkZDNlYmZkOGEyZSIsInJvbGUiOiJERUxJVkVSWV9CT1kiLCJpYXQiOjE3ODEwNjMzMjksImV4cCI6MTc4MzY1NTMyOX0.CzKuNSTo7akXSKJN6rFPld_6l1THy2CgsMnfKisKfRw
URL: /earnings, Token: eyJhbGciOiJIUzI1NiIsInR5cCI6IkpXVCJ9.eyJpZCI6IjZhMjhkZTIwMDc5MmRkZDNlYmZkOGEyZSIsInJvbGUiOiJERUxJVkVSWV9CT1kiLCJpYXQiOjE3ODEwNjMzMjksImV4cCI6MTc4MzY1NTMyOX0.CzKuNSTo7akXSKJN6rFPld_6l1THy2CgsMnfKisKfRw
URL: /dashboard-stats, Token: eyJhbGciOiJIUzI1NiIsInR5cCI6IkpXVCJ9.eyJpZCI6IjZhMjhkZTIwMDc5MmRkZDNlYmZkOGEyZSIsInJvbGUiOiJERUxJVkVSWV9CT1kiLCJpYXQiOjE3ODEwNjMzMjksImV4cCI6MTc4MzY1NTMyOX0.CzKuNSTo7akXSKJN6rFPld_6l1THy2CgsMnfKisKfRw
URL: /, Token: eyJhbGciOiJIUzI1NiIsInR5cCI6IkpXVCJ9.eyJpZCI6IjZhMjM3Zjc0ZGFiYzgxNGRiYmJiZWViZCIsInJvbGUiOiJBRE1JTiIsImlhdCI6MTc4MTA2MzAxNCwiZXhwIjoxNzgzNjU1MDE0fQ.N1OvtlvQEhcuupQ8iIOmP8qsNS_XcdW3FRFH7fqi_mo
URL: /, Token: eyJhbGciOiJIUzI1NiIsInR5cCI6IkpXVCJ9.eyJpZCI6IjZhMjM3Zjc0ZGFiYzgxNGRiYmJiZWViZCIsInJvbGUiOiJBRE1JTiIsImlhdCI6MTc4MTA2MzAxNCwiZXhwIjoxNzgzNjU1MDE0fQ.N1OvtlvQEhcuupQ8iIOmP8qsNS_XcdW3FRFH7fqi_mo
URL: /, Token: eyJhbGciOiJIUzI1NiIsInR5cCI6IkpXVCJ9.eyJpZCI6IjZhMjM3Zjc0ZGFiYzgxNGRiYmJiZWViZCIsInJvbGUiOiJBRE1JTiIsImlhdCI6MTc4MTA2MzAxNCwiZXhwIjoxNzgzNjU1MDE0fQ.N1OvtlvQEhcuupQ8iIOmP8qsNS_XcdW3FRFH7fqi_mo
URL: /, Token: eyJhbGciOiJIUzI1NiIsInR5cCI6IkpXVCJ9.eyJpZCI6IjZhMjM3Zjc0ZGFiYzgxNGRiYmJiZWViZCIsInJvbGUiOiJBRE1JTiIsImlhdCI6MTc4MTA2MzAxNCwiZXhwIjoxNzgzNjU1MDE0fQ.N1OvtlvQEhcuupQ8iIOmP8qsNS_XcdW3FRFH7fqi_mo
URL: /earnings, Token: eyJhbGciOiJIUzI1NiIsInR5cCI6IkpXVCJ9.eyJpZCI6IjZhMjhkZTIwMDc5MmRkZDNlYmZkOGEyZSIsInJvbGUiOiJERUxJVkVSWV9CT1kiLCJpYXQiOjE3ODEwNjMzMjksImV4cCI6MTc4MzY1NTMyOX0.CzKuNSTo7akXSKJN6rFPld_6l1THy2CgsMnfKisKfRw
URL: /dashboard-stats, Token: eyJhbGciOiJIUzI1NiIsInR5cCI6IkpXVCJ9.eyJpZCI6IjZhMjhkZTIwMDc5MmRkZDNlYmZkOGEyZSIsInJvbGUiOiJERUxJVkVSWV9CT1kiLCJpYXQiOjE3ODEwNjMzMjksImV4cCI6MTc4MzY1NTMyOX0.CzKuNSTo7akXSKJN6rFPld_6l1THy2CgsMnfKisKfRw
URL: /orders, Token: eyJhbGciOiJIUzI1NiIsInR5cCI6IkpXVCJ9.eyJpZCI6IjZhMjhkZTIwMDc5MmRkZDNlYmZkOGEyZSIsInJvbGUiOiJERUxJVkVSWV9CT1kiLCJpYXQiOjE3ODEwNjMzMjksImV4cCI6MTc4MzY1NTMyOX0.CzKuNSTo7akXSKJN6rFPld_6l1THy2CgsMnfKisKfRw
URL: /earnings, Token: eyJhbGciOiJIUzI1NiIsInR5cCI6IkpXVCJ9.eyJpZCI6IjZhMjhkZTIwMDc5MmRkZDNlYmZkOGEyZSIsInJvbGUiOiJERUxJVkVSWV9CT1kiLCJpYXQiOjE3ODEwNjMzMjksImV4cCI6MTc4MzY1NTMyOX0.CzKuNSTo7akXSKJN6rFPld_6l1THy2CgsMnfKisKfRw
URL: /, Token: eyJhbGciOiJIUzI1NiIsInR5cCI6IkpXVCJ9.eyJpZCI6IjZhMjM3Zjc0ZGFiYzgxNGRiYmJiZWViZCIsInJvbGUiOiJBRE1JTiIsImlhdCI6MTc4MTA2MzAxNCwiZXhwIjoxNzgzNjU1MDE0fQ.N1OvtlvQEhcuupQ8iIOmP8qsNS_XcdW3FRFH7fqi_mo
URL: /, Token: eyJhbGciOiJIUzI1NiIsInR5cCI6IkpXVCJ9.eyJpZCI6IjZhMjM3Zjc0ZGFiYzgxNGRiYmJiZWViZCIsInJvbGUiOiJBRE1JTiIsImlhdCI6MTc4MTA2MzAxNCwiZXhwIjoxNzgzNjU1MDE0fQ.N1OvtlvQEhcuupQ8iIOmP8qsNS_XcdW3FRFH7fqi_mo
URL: /?t=1781064609093, Token: eyJhbGciOiJIUzI1NiIsInR5cCI6IkpXVCJ9.eyJpZCI6IjZhMjM3Zjc0ZGFiYzgxNGRiYmJiZWViZCIsInJvbGUiOiJBRE1JTiIsImlhdCI6MTc4MTA2MzAxNCwiZXhwIjoxNzgzNjU1MDE0fQ.N1OvtlvQEhcuupQ8iIOmP8qsNS_XcdW3FRFH7fqi_mo
URL: /, Token: eyJhbGciOiJIUzI1NiIsInR5cCI6IkpXVCJ9.eyJpZCI6IjZhMjM3Zjc0ZGFiYzgxNGRiYmJiZWViZCIsInJvbGUiOiJBRE1JTiIsImlhdCI6MTc4MTA2MzAxNCwiZXhwIjoxNzgzNjU1MDE0fQ.N1OvtlvQEhcuupQ8iIOmP8qsNS_XcdW3FRFH7fqi_mo
URL: /?t=1781064609096, Token: eyJhbGciOiJIUzI1NiIsInR5cCI6IkpXVCJ9.eyJpZCI6IjZhMjM3Zjc0ZGFiYzgxNGRiYmJiZWViZCIsInJvbGUiOiJBRE1JTiIsImlhdCI6MTc4MTA2MzAxNCwiZXhwIjoxNzgzNjU1MDE0fQ.N1OvtlvQEhcuupQ8iIOmP8qsNS_XcdW3FRFH7fqi_mo
URL: /, Token: eyJhbGciOiJIUzI1NiIsInR5cCI6IkpXVCJ9.eyJpZCI6IjZhMjM3Zjc0ZGFiYzgxNGRiYmJiZWViZCIsInJvbGUiOiJBRE1JTiIsImlhdCI6MTc4MTA2MzAxNCwiZXhwIjoxNzgzNjU1MDE0fQ.N1OvtlvQEhcuupQ8iIOmP8qsNS_XcdW3FRFH7fqi_mo
URL: /dashboard?t=1781064610074, Token: eyJhbGciOiJIUzI1NiIsInR5cCI6IkpXVCJ9.eyJpZCI6IjZhMjM3Zjc0ZGFiYzgxNGRiYmJiZWViZCIsInJvbGUiOiJBRE1JTiIsImlhdCI6MTc4MTA2MzAxNCwiZXhwIjoxNzgzNjU1MDE0fQ.N1OvtlvQEhcuupQ8iIOmP8qsNS_XcdW3FRFH7fqi_mo
URL: /?t=1781064610075, Token: eyJhbGciOiJIUzI1NiIsInR5cCI6IkpXVCJ9.eyJpZCI6IjZhMjM3Zjc0ZGFiYzgxNGRiYmJiZWViZCIsInJvbGUiOiJBRE1JTiIsImlhdCI6MTc4MTA2MzAxNCwiZXhwIjoxNzgzNjU1MDE0fQ.N1OvtlvQEhcuupQ8iIOmP8qsNS_XcdW3FRFH7fqi_mo
URL: /dashboard?t=1781064610076, Token: eyJhbGciOiJIUzI1NiIsInR5cCI6IkpXVCJ9.eyJpZCI6IjZhMjM3Zjc0ZGFiYzgxNGRiYmJiZWViZCIsInJvbGUiOiJBRE1JTiIsImlhdCI6MTc4MTA2MzAxNCwiZXhwIjoxNzgzNjU1MDE0fQ.N1OvtlvQEhcuupQ8iIOmP8qsNS_XcdW3FRFH7fqi_mo
URL: /?t=1781064610077, Token: eyJhbGciOiJIUzI1NiIsInR5cCI6IkpXVCJ9.eyJpZCI6IjZhMjM3Zjc0ZGFiYzgxNGRiYmJiZWViZCIsInJvbGUiOiJBRE1JTiIsImlhdCI6MTc4MTA2MzAxNCwiZXhwIjoxNzgzNjU1MDE0fQ.N1OvtlvQEhcuupQ8iIOmP8qsNS_XcdW3FRFH7fqi_mo
URL: /dashboard?t=1781064625502, Token: eyJhbGciOiJIUzI1NiIsInR5cCI6IkpXVCJ9.eyJpZCI6IjZhMjM3Zjc0ZGFiYzgxNGRiYmJiZWViZCIsInJvbGUiOiJBRE1JTiIsImlhdCI6MTc4MTA2MzAxNCwiZXhwIjoxNzgzNjU1MDE0fQ.N1OvtlvQEhcuupQ8iIOmP8qsNS_XcdW3FRFH7fqi_mo
URL: /?t=1781064625503, Token: eyJhbGciOiJIUzI1NiIsInR5cCI6IkpXVCJ9.eyJpZCI6IjZhMjM3Zjc0ZGFiYzgxNGRiYmJiZWViZCIsInJvbGUiOiJBRE1JTiIsImlhdCI6MTc4MTA2MzAxNCwiZXhwIjoxNzgzNjU1MDE0fQ.N1OvtlvQEhcuupQ8iIOmP8qsNS_XcdW3FRFH7fqi_mo
URL: /, Token: eyJhbGciOiJIUzI1NiIsInR5cCI6IkpXVCJ9.eyJpZCI6IjZhMjM3Zjc0ZGFiYzgxNGRiYmJiZWViZCIsInJvbGUiOiJBRE1JTiIsImlhdCI6MTc4MTA2MzAxNCwiZXhwIjoxNzgzNjU1MDE0fQ.N1OvtlvQEhcuupQ8iIOmP8qsNS_XcdW3FRFH7fqi_mo
URL: /dashboard?t=1781064640080, Token: eyJhbGciOiJIUzI1NiIsInR5cCI6IkpXVCJ9.eyJpZCI6IjZhMjM3Zjc0ZGFiYzgxNGRiYmJiZWViZCIsInJvbGUiOiJBRE1JTiIsImlhdCI6MTc4MTA2MzAxNCwiZXhwIjoxNzgzNjU1MDE0fQ.N1OvtlvQEhcuupQ8iIOmP8qsNS_XcdW3FRFH7fqi_mo
URL: /?t=1781064640080, Token: eyJhbGciOiJIUzI1NiIsInR5cCI6IkpXVCJ9.eyJpZCI6IjZhMjM3Zjc0ZGFiYzgxNGRiYmJiZWViZCIsInJvbGUiOiJBRE1JTiIsImlhdCI6MTc4MTA2MzAxNCwiZXhwIjoxNzgzNjU1MDE0fQ.N1OvtlvQEhcuupQ8iIOmP8qsNS_XcdW3FRFH7fqi_mo
URL: /?t=1781064654651, Token: eyJhbGciOiJIUzI1NiIsInR5cCI6IkpXVCJ9.eyJpZCI6IjZhMjM3Zjc0ZGFiYzgxNGRiYmJiZWViZCIsInJvbGUiOiJBRE1JTiIsImlhdCI6MTc4MTA2MzAxNCwiZXhwIjoxNzgzNjU1MDE0fQ.N1OvtlvQEhcuupQ8iIOmP8qsNS_XcdW3FRFH7fqi_mo
URL: /?t=1781064654654, Token: eyJhbGciOiJIUzI1NiIsInR5cCI6IkpXVCJ9.eyJpZCI6IjZhMjM3Zjc0ZGFiYzgxNGRiYmJiZWViZCIsInJvbGUiOiJBRE1JTiIsImlhdCI6MTc4MTA2MzAxNCwiZXhwIjoxNzgzNjU1MDE0fQ.N1OvtlvQEhcuupQ8iIOmP8qsNS_XcdW3FRFH7fqi_mo
URL: /, Token: eyJhbGciOiJIUzI1NiIsInR5cCI6IkpXVCJ9.eyJpZCI6IjZhMjM3Zjc0ZGFiYzgxNGRiYmJiZWViZCIsInJvbGUiOiJBRE1JTiIsImlhdCI6MTc4MTA2MzAxNCwiZXhwIjoxNzgzNjU1MDE0fQ.N1OvtlvQEhcuupQ8iIOmP8qsNS_XcdW3FRFH7fqi_mo
URL: /, Token: eyJhbGciOiJIUzI1NiIsInR5cCI6IkpXVCJ9.eyJpZCI6IjZhMjM3Zjc0ZGFiYzgxNGRiYmJiZWViZCIsInJvbGUiOiJBRE1JTiIsImlhdCI6MTc4MTA2MzAxNCwiZXhwIjoxNzgzNjU1MDE0fQ.N1OvtlvQEhcuupQ8iIOmP8qsNS_XcdW3FRFH7fqi_mo
URL: /, Token: eyJhbGciOiJIUzI1NiIsInR5cCI6IkpXVCJ9.eyJpZCI6IjZhMjM3Zjc0ZGFiYzgxNGRiYmJiZWViZCIsInJvbGUiOiJBRE1JTiIsImlhdCI6MTc4MTA2MzAxNCwiZXhwIjoxNzgzNjU1MDE0fQ.N1OvtlvQEhcuupQ8iIOmP8qsNS_XcdW3FRFH7fqi_mo
URL: /, Token: eyJhbGciOiJIUzI1NiIsInR5cCI6IkpXVCJ9.eyJpZCI6IjZhMjM3Zjc0ZGFiYzgxNGRiYmJiZWViZCIsInJvbGUiOiJBRE1JTiIsImlhdCI6MTc4MTA2MzAxNCwiZXhwIjoxNzgzNjU1MDE0fQ.N1OvtlvQEhcuupQ8iIOmP8qsNS_XcdW3FRFH7fqi_mo
URL: /, Token: eyJhbGciOiJIUzI1NiIsInR5cCI6IkpXVCJ9.eyJpZCI6IjZhMjM3Zjc0ZGFiYzgxNGRiYmJiZWViZCIsInJvbGUiOiJBRE1JTiIsImlhdCI6MTc4MTA2MzAxNCwiZXhwIjoxNzgzNjU1MDE0fQ.N1OvtlvQEhcuupQ8iIOmP8qsNS_XcdW3FRFH7fqi_mo
URL: /, Token: eyJhbGciOiJIUzI1NiIsInR5cCI6IkpXVCJ9.eyJpZCI6IjZhMjM3Zjc0ZGFiYzgxNGRiYmJiZWViZCIsInJvbGUiOiJBRE1JTiIsImlhdCI6MTc4MTA2MzAxNCwiZXhwIjoxNzgzNjU1MDE0fQ.N1OvtlvQEhcuupQ8iIOmP8qsNS_XcdW3FRFH7fqi_mo
URL: /, Token: eyJhbGciOiJIUzI1NiIsInR5cCI6IkpXVCJ9.eyJpZCI6IjZhMjM3Zjc0ZGFiYzgxNGRiYmJiZWViZCIsInJvbGUiOiJBRE1JTiIsImlhdCI6MTc4MTA2MzAxNCwiZXhwIjoxNzgzNjU1MDE0fQ.N1OvtlvQEhcuupQ8iIOmP8qsNS_XcdW3FRFH7fqi_mo
URL: /, Token: eyJhbGciOiJIUzI1NiIsInR5cCI6IkpXVCJ9.eyJpZCI6IjZhMjM3Zjc0ZGFiYzgxNGRiYmJiZWViZCIsInJvbGUiOiJBRE1JTiIsImlhdCI6MTc4MTA2MzAxNCwiZXhwIjoxNzgzNjU1MDE0fQ.N1OvtlvQEhcuupQ8iIOmP8qsNS_XcdW3FRFH7fqi_mo
URL: /, Token: eyJhbGciOiJIUzI1NiIsInR5cCI6IkpXVCJ9.eyJpZCI6IjZhMjM3Zjc0ZGFiYzgxNGRiYmJiZWViZCIsInJvbGUiOiJBRE1JTiIsImlhdCI6MTc4MTA2MzAxNCwiZXhwIjoxNzgzNjU1MDE0fQ.N1OvtlvQEhcuupQ8iIOmP8qsNS_XcdW3FRFH7fqi_mo
URL: /, Token: eyJhbGciOiJIUzI1NiIsInR5cCI6IkpXVCJ9.eyJpZCI6IjZhMjM3Zjc0ZGFiYzgxNGRiYmJiZWViZCIsInJvbGUiOiJBRE1JTiIsImlhdCI6MTc4MTA2MzAxNCwiZXhwIjoxNzgzNjU1MDE0fQ.N1OvtlvQEhcuupQ8iIOmP8qsNS_XcdW3FRFH7fqi_mo
URL: /, Token: eyJhbGciOiJIUzI1NiIsInR5cCI6IkpXVCJ9.eyJpZCI6IjZhMjM3Zjc0ZGFiYzgxNGRiYmJiZWViZCIsInJvbGUiOiJBRE1JTiIsImlhdCI6MTc4MTA2MzAxNCwiZXhwIjoxNzgzNjU1MDE0fQ.N1OvtlvQEhcuupQ8iIOmP8qsNS_XcdW3FRFH7fqi_mo
URL: /, Token: eyJhbGciOiJIUzI1NiIsInR5cCI6IkpXVCJ9.eyJpZCI6IjZhMjM3Zjc0ZGFiYzgxNGRiYmJiZWViZCIsInJvbGUiOiJBRE1JTiIsImlhdCI6MTc4MTA2MzAxNCwiZXhwIjoxNzgzNjU1MDE0fQ.N1OvtlvQEhcuupQ8iIOmP8qsNS_XcdW3FRFH7fqi_mo
URL: /, Token: eyJhbGciOiJIUzI1NiIsInR5cCI6IkpXVCJ9.eyJpZCI6IjZhMjM3Zjc0ZGFiYzgxNGRiYmJiZWViZCIsInJvbGUiOiJBRE1JTiIsImlhdCI6MTc4MTA2MzAxNCwiZXhwIjoxNzgzNjU1MDE0fQ.N1OvtlvQEhcuupQ8iIOmP8qsNS_XcdW3FRFH7fqi_mo
URL: /, Token: eyJhbGciOiJIUzI1NiIsInR5cCI6IkpXVCJ9.eyJpZCI6IjZhMjM3Zjc0ZGFiYzgxNGRiYmJiZWViZCIsInJvbGUiOiJBRE1JTiIsImlhdCI6MTc4MTA2MzAxNCwiZXhwIjoxNzgzNjU1MDE0fQ.N1OvtlvQEhcuupQ8iIOmP8qsNS_XcdW3FRFH7fqi_mo
URL: /, Token: eyJhbGciOiJIUzI1NiIsInR5cCI6IkpXVCJ9.eyJpZCI6IjZhMjM3Zjc0ZGFiYzgxNGRiYmJiZWViZCIsInJvbGUiOiJBRE1JTiIsImlhdCI6MTc4MTA2MzAxNCwiZXhwIjoxNzgzNjU1MDE0fQ.N1OvtlvQEhcuupQ8iIOmP8qsNS_XcdW3FRFH7fqi_mo
URL: /, Token: eyJhbGciOiJIUzI1NiIsInR5cCI6IkpXVCJ9.eyJpZCI6IjZhMjM3Zjc0ZGFiYzgxNGRiYmJiZWViZCIsInJvbGUiOiJBRE1JTiIsImlhdCI6MTc4MTA2MzAxNCwiZXhwIjoxNzgzNjU1MDE0fQ.N1OvtlvQEhcuupQ8iIOmP8qsNS_XcdW3FRFH7fqi_mo
URL: /dashboard?t=1781075551913, Token: eyJhbGciOiJIUzI1NiIsInR5cCI6IkpXVCJ9.eyJpZCI6IjZhMjM3Zjc0ZGFiYzgxNGRiYmJiZWViZCIsInJvbGUiOiJBRE1JTiIsImlhdCI6MTc4MDg5MTIzOCwiZXhwIjoxNzgzNDgzMjM4fQ.JwB419v-5yMrKzkIqHj3QmqTRIlmC4bWyRjgUB4iqvY
URL: /?t=1781075551914, Token: eyJhbGciOiJIUzI1NiIsInR5cCI6IkpXVCJ9.eyJpZCI6IjZhMjM3Zjc0ZGFiYzgxNGRiYmJiZWViZCIsInJvbGUiOiJBRE1JTiIsImlhdCI6MTc4MDg5MTIzOCwiZXhwIjoxNzgzNDgzMjM4fQ.JwB419v-5yMrKzkIqHj3QmqTRIlmC4bWyRjgUB4iqvY
URL: /dashboard?t=1781075551920, Token: eyJhbGciOiJIUzI1NiIsInR5cCI6IkpXVCJ9.eyJpZCI6IjZhMjM3Zjc0ZGFiYzgxNGRiYmJiZWViZCIsInJvbGUiOiJBRE1JTiIsImlhdCI6MTc4MDg5MTIzOCwiZXhwIjoxNzgzNDgzMjM4fQ.JwB419v-5yMrKzkIqHj3QmqTRIlmC4bWyRjgUB4iqvY
URL: /, Token: eyJhbGciOiJIUzI1NiIsInR5cCI6IkpXVCJ9.eyJpZCI6IjZhMjM3Zjc0ZGFiYzgxNGRiYmJiZWViZCIsInJvbGUiOiJBRE1JTiIsImlhdCI6MTc4MDg5MTIzOCwiZXhwIjoxNzgzNDgzMjM4fQ.JwB419v-5yMrKzkIqHj3QmqTRIlmC4bWyRjgUB4iqvY
URL: /?t=1781075551920, Token: eyJhbGciOiJIUzI1NiIsInR5cCI6IkpXVCJ9.eyJpZCI6IjZhMjM3Zjc0ZGFiYzgxNGRiYmJiZWViZCIsInJvbGUiOiJBRE1JTiIsImlhdCI6MTc4MDg5MTIzOCwiZXhwIjoxNzgzNDgzMjM4fQ.JwB419v-5yMrKzkIqHj3QmqTRIlmC4bWyRjgUB4iqvY
URL: /, Token: eyJhbGciOiJIUzI1NiIsInR5cCI6IkpXVCJ9.eyJpZCI6IjZhMjM3Zjc0ZGFiYzgxNGRiYmJiZWViZCIsInJvbGUiOiJBRE1JTiIsImlhdCI6MTc4MDg5MTIzOCwiZXhwIjoxNzgzNDgzMjM4fQ.JwB419v-5yMrKzkIqHj3QmqTRIlmC4bWyRjgUB4iqvY
URL: /dashboard?t=1781075566926, Token: eyJhbGciOiJIUzI1NiIsInR5cCI6IkpXVCJ9.eyJpZCI6IjZhMjM3Zjc0ZGFiYzgxNGRiYmJiZWViZCIsInJvbGUiOiJBRE1JTiIsImlhdCI6MTc4MDg5MTIzOCwiZXhwIjoxNzgzNDgzMjM4fQ.JwB419v-5yMrKzkIqHj3QmqTRIlmC4bWyRjgUB4iqvY
URL: /?t=1781075566927, Token: eyJhbGciOiJIUzI1NiIsInR5cCI6IkpXVCJ9.eyJpZCI6IjZhMjM3Zjc0ZGFiYzgxNGRiYmJiZWViZCIsInJvbGUiOiJBRE1JTiIsImlhdCI6MTc4MDg5MTIzOCwiZXhwIjoxNzgzNDgzMjM4fQ.JwB419v-5yMrKzkIqHj3QmqTRIlmC4bWyRjgUB4iqvY
URL: /, Token: eyJhbGciOiJIUzI1NiIsInR5cCI6IkpXVCJ9.eyJpZCI6IjZhMjM3Zjc0ZGFiYzgxNGRiYmJiZWViZCIsInJvbGUiOiJBRE1JTiIsImlhdCI6MTc4MTA2MzAxNCwiZXhwIjoxNzgzNjU1MDE0fQ.N1OvtlvQEhcuupQ8iIOmP8qsNS_XcdW3FRFH7fqi_mo
URL: /, Token: eyJhbGciOiJIUzI1NiIsInR5cCI6IkpXVCJ9.eyJpZCI6IjZhMjM3Zjc0ZGFiYzgxNGRiYmJiZWViZCIsInJvbGUiOiJBRE1JTiIsImlhdCI6MTc4MDg5MTIzOCwiZXhwIjoxNzgzNDgzMjM4fQ.JwB419v-5yMrKzkIqHj3QmqTRIlmC4bWyRjgUB4iqvY
URL: /dashboard?t=1781075581929, Token: eyJhbGciOiJIUzI1NiIsInR5cCI6IkpXVCJ9.eyJpZCI6IjZhMjM3Zjc0ZGFiYzgxNGRiYmJiZWViZCIsInJvbGUiOiJBRE1JTiIsImlhdCI6MTc4MDg5MTIzOCwiZXhwIjoxNzgzNDgzMjM4fQ.JwB419v-5yMrKzkIqHj3QmqTRIlmC4bWyRjgUB4iqvY
URL: /?t=1781075581929, Token: eyJhbGciOiJIUzI1NiIsInR5cCI6IkpXVCJ9.eyJpZCI6IjZhMjM3Zjc0ZGFiYzgxNGRiYmJiZWViZCIsInJvbGUiOiJBRE1JTiIsImlhdCI6MTc4MDg5MTIzOCwiZXhwIjoxNzgzNDgzMjM4fQ.JwB419v-5yMrKzkIqHj3QmqTRIlmC4bWyRjgUB4iqvY
URL: /, Token: eyJhbGciOiJIUzI1NiIsInR5cCI6IkpXVCJ9.eyJpZCI6IjZhMjM3Zjc0ZGFiYzgxNGRiYmJiZWViZCIsInJvbGUiOiJBRE1JTiIsImlhdCI6MTc4MTA2MzAxNCwiZXhwIjoxNzgzNjU1MDE0fQ.N1OvtlvQEhcuupQ8iIOmP8qsNS_XcdW3FRFH7fqi_mo
URL: /, Token: eyJhbGciOiJIUzI1NiIsInR5cCI6IkpXVCJ9.eyJpZCI6IjZhMjM3Zjc0ZGFiYzgxNGRiYmJiZWViZCIsInJvbGUiOiJBRE1JTiIsImlhdCI6MTc4MTA2MzAxNCwiZXhwIjoxNzgzNjU1MDE0fQ.N1OvtlvQEhcuupQ8iIOmP8qsNS_XcdW3FRFH7fqi_mo
URL: /dashboard?t=1781075596929, Token: eyJhbGciOiJIUzI1NiIsInR5cCI6IkpXVCJ9.eyJpZCI6IjZhMjM3Zjc0ZGFiYzgxNGRiYmJiZWViZCIsInJvbGUiOiJBRE1JTiIsImlhdCI6MTc4MDg5MTIzOCwiZXhwIjoxNzgzNDgzMjM4fQ.JwB419v-5yMrKzkIqHj3QmqTRIlmC4bWyRjgUB4iqvY
URL: /?t=1781075596929, Token: eyJhbGciOiJIUzI1NiIsInR5cCI6IkpXVCJ9.eyJpZCI6IjZhMjM3Zjc0ZGFiYzgxNGRiYmJiZWViZCIsInJvbGUiOiJBRE1JTiIsImlhdCI6MTc4MDg5MTIzOCwiZXhwIjoxNzgzNDgzMjM4fQ.JwB419v-5yMrKzkIqHj3QmqTRIlmC4bWyRjgUB4iqvY
URL: /dashboard?t=1781075611925, Token: eyJhbGciOiJIUzI1NiIsInR5cCI6IkpXVCJ9.eyJpZCI6IjZhMjM3Zjc0ZGFiYzgxNGRiYmJiZWViZCIsInJvbGUiOiJBRE1JTiIsImlhdCI6MTc4MDg5MTIzOCwiZXhwIjoxNzgzNDgzMjM4fQ.JwB419v-5yMrKzkIqHj3QmqTRIlmC4bWyRjgUB4iqvY
URL: /?t=1781075611925, Token: eyJhbGciOiJIUzI1NiIsInR5cCI6IkpXVCJ9.eyJpZCI6IjZhMjM3Zjc0ZGFiYzgxNGRiYmJiZWViZCIsInJvbGUiOiJBRE1JTiIsImlhdCI6MTc4MDg5MTIzOCwiZXhwIjoxNzgzNDgzMjM4fQ.JwB419v-5yMrKzkIqHj3QmqTRIlmC4bWyRjgUB4iqvY
URL: /, Token: eyJhbGciOiJIUzI1NiIsInR5cCI6IkpXVCJ9.eyJpZCI6IjZhMjM3Zjc0ZGFiYzgxNGRiYmJiZWViZCIsInJvbGUiOiJBRE1JTiIsImlhdCI6MTc4MDg5MTIzOCwiZXhwIjoxNzgzNDgzMjM4fQ.JwB419v-5yMrKzkIqHj3QmqTRIlmC4bWyRjgUB4iqvY
URL: /, Token: eyJhbGciOiJIUzI1NiIsInR5cCI6IkpXVCJ9.eyJpZCI6IjZhMjM3Zjc0ZGFiYzgxNGRiYmJiZWViZCIsInJvbGUiOiJBRE1JTiIsImlhdCI6MTc4MTA2MzAxNCwiZXhwIjoxNzgzNjU1MDE0fQ.N1OvtlvQEhcuupQ8iIOmP8qsNS_XcdW3FRFH7fqi_mo
URL: /dashboard?t=1781075627742, Token: eyJhbGciOiJIUzI1NiIsInR5cCI6IkpXVCJ9.eyJpZCI6IjZhMjM3Zjc0ZGFiYzgxNGRiYmJiZWViZCIsInJvbGUiOiJBRE1JTiIsImlhdCI6MTc4MDg5MTIzOCwiZXhwIjoxNzgzNDgzMjM4fQ.JwB419v-5yMrKzkIqHj3QmqTRIlmC4bWyRjgUB4iqvY
URL: /?t=1781075627742, Token: eyJhbGciOiJIUzI1NiIsInR5cCI6IkpXVCJ9.eyJpZCI6IjZhMjM3Zjc0ZGFiYzgxNGRiYmJiZWViZCIsInJvbGUiOiJBRE1JTiIsImlhdCI6MTc4MDg5MTIzOCwiZXhwIjoxNzgzNDgzMjM4fQ.JwB419v-5yMrKzkIqHj3QmqTRIlmC4bWyRjgUB4iqvY
URL: /, Token: eyJhbGciOiJIUzI1NiIsInR5cCI6IkpXVCJ9.eyJpZCI6IjZhMjM3Zjc0ZGFiYzgxNGRiYmJiZWViZCIsInJvbGUiOiJBRE1JTiIsImlhdCI6MTc4MDg5MTIzOCwiZXhwIjoxNzgzNDgzMjM4fQ.JwB419v-5yMrKzkIqHj3QmqTRIlmC4bWyRjgUB4iqvY
URL: /dashboard?t=1781075642753, Token: eyJhbGciOiJIUzI1NiIsInR5cCI6IkpXVCJ9.eyJpZCI6IjZhMjM3Zjc0ZGFiYzgxNGRiYmJiZWViZCIsInJvbGUiOiJBRE1JTiIsImlhdCI6MTc4MDg5MTIzOCwiZXhwIjoxNzgzNDgzMjM4fQ.JwB419v-5yMrKzkIqHj3QmqTRIlmC4bWyRjgUB4iqvY
URL: /?t=1781075642756, Token: eyJhbGciOiJIUzI1NiIsInR5cCI6IkpXVCJ9.eyJpZCI6IjZhMjM3Zjc0ZGFiYzgxNGRiYmJiZWViZCIsInJvbGUiOiJBRE1JTiIsImlhdCI6MTc4MDg5MTIzOCwiZXhwIjoxNzgzNDgzMjM4fQ.JwB419v-5yMrKzkIqHj3QmqTRIlmC4bWyRjgUB4iqvY
URL: /, Token: eyJhbGciOiJIUzI1NiIsInR5cCI6IkpXVCJ9.eyJpZCI6IjZhMjM3Zjc0ZGFiYzgxNGRiYmJiZWViZCIsInJvbGUiOiJBRE1JTiIsImlhdCI6MTc4MTA2MzAxNCwiZXhwIjoxNzgzNjU1MDE0fQ.N1OvtlvQEhcuupQ8iIOmP8qsNS_XcdW3FRFH7fqi_mo
URL: /?t=1781075648913, Token: eyJhbGciOiJIUzI1NiIsInR5cCI6IkpXVCJ9.eyJpZCI6IjZhMjM3Zjc0ZGFiYzgxNGRiYmJiZWViZCIsInJvbGUiOiJBRE1JTiIsImlhdCI6MTc4MDg5MTIzOCwiZXhwIjoxNzgzNDgzMjM4fQ.JwB419v-5yMrKzkIqHj3QmqTRIlmC4bWyRjgUB4iqvY
URL: /?t=1781075648915, Token: eyJhbGciOiJIUzI1NiIsInR5cCI6IkpXVCJ9.eyJpZCI6IjZhMjM3Zjc0ZGFiYzgxNGRiYmJiZWViZCIsInJvbGUiOiJBRE1JTiIsImlhdCI6MTc4MDg5MTIzOCwiZXhwIjoxNzgzNDgzMjM4fQ.JwB419v-5yMrKzkIqHj3QmqTRIlmC4bWyRjgUB4iqvY
URL: /, Token: eyJhbGciOiJIUzI1NiIsInR5cCI6IkpXVCJ9.eyJpZCI6IjZhMjM3Zjc0ZGFiYzgxNGRiYmJiZWViZCIsInJvbGUiOiJBRE1JTiIsImlhdCI6MTc4MDg5MTIzOCwiZXhwIjoxNzgzNDgzMjM4fQ.JwB419v-5yMrKzkIqHj3QmqTRIlmC4bWyRjgUB4iqvY
URL: /, Token: eyJhbGciOiJIUzI1NiIsInR5cCI6IkpXVCJ9.eyJpZCI6IjZhMjM3Zjc0ZGFiYzgxNGRiYmJiZWViZCIsInJvbGUiOiJBRE1JTiIsImlhdCI6MTc4MDg5MTIzOCwiZXhwIjoxNzgzNDgzMjM4fQ.JwB419v-5yMrKzkIqHj3QmqTRIlmC4bWyRjgUB4iqvY
URL: /, Token: eyJhbGciOiJIUzI1NiIsInR5cCI6IkpXVCJ9.eyJpZCI6IjZhMjM3Zjc0ZGFiYzgxNGRiYmJiZWViZCIsInJvbGUiOiJBRE1JTiIsImlhdCI6MTc4MDg5MTIzOCwiZXhwIjoxNzgzNDgzMjM4fQ.JwB419v-5yMrKzkIqHj3QmqTRIlmC4bWyRjgUB4iqvY
URL: /, Token: eyJhbGciOiJIUzI1NiIsInR5cCI6IkpXVCJ9.eyJpZCI6IjZhMjM3Zjc0ZGFiYzgxNGRiYmJiZWViZCIsInJvbGUiOiJBRE1JTiIsImlhdCI6MTc4MDg5MTIzOCwiZXhwIjoxNzgzNDgzMjM4fQ.JwB419v-5yMrKzkIqHj3QmqTRIlmC4bWyRjgUB4iqvY
URL: /, Token: eyJhbGciOiJIUzI1NiIsInR5cCI6IkpXVCJ9.eyJpZCI6IjZhMjM3Zjc0ZGFiYzgxNGRiYmJiZWViZCIsInJvbGUiOiJBRE1JTiIsImlhdCI6MTc4MDg5MTIzOCwiZXhwIjoxNzgzNDgzMjM4fQ.JwB419v-5yMrKzkIqHj3QmqTRIlmC4bWyRjgUB4iqvY
URL: /, Token: eyJhbGciOiJIUzI1NiIsInR5cCI6IkpXVCJ9.eyJpZCI6IjZhMjM3Zjc0ZGFiYzgxNGRiYmJiZWViZCIsInJvbGUiOiJBRE1JTiIsImlhdCI6MTc4MDg5MTIzOCwiZXhwIjoxNzgzNDgzMjM4fQ.JwB419v-5yMrKzkIqHj3QmqTRIlmC4bWyRjgUB4iqvY
URL: /, Token: eyJhbGciOiJIUzI1NiIsInR5cCI6IkpXVCJ9.eyJpZCI6IjZhMjM3Zjc0ZGFiYzgxNGRiYmJiZWViZCIsInJvbGUiOiJBRE1JTiIsImlhdCI6MTc4MDg5MTIzOCwiZXhwIjoxNzgzNDgzMjM4fQ.JwB419v-5yMrKzkIqHj3QmqTRIlmC4bWyRjgUB4iqvY
URL: /, Token: eyJhbGciOiJIUzI1NiIsInR5cCI6IkpXVCJ9.eyJpZCI6IjZhMjM3Zjc0ZGFiYzgxNGRiYmJiZWViZCIsInJvbGUiOiJBRE1JTiIsImlhdCI6MTc4MDg5MTIzOCwiZXhwIjoxNzgzNDgzMjM4fQ.JwB419v-5yMrKzkIqHj3QmqTRIlmC4bWyRjgUB4iqvY
URL: /, Token: eyJhbGciOiJIUzI1NiIsInR5cCI6IkpXVCJ9.eyJpZCI6IjZhMjM3Zjc0ZGFiYzgxNGRiYmJiZWViZCIsInJvbGUiOiJBRE1JTiIsImlhdCI6MTc4MDg5MTIzOCwiZXhwIjoxNzgzNDgzMjM4fQ.JwB419v-5yMrKzkIqHj3QmqTRIlmC4bWyRjgUB4iqvY
URL: /, Token: eyJhbGciOiJIUzI1NiIsInR5cCI6IkpXVCJ9.eyJpZCI6IjZhMjM3Zjc0ZGFiYzgxNGRiYmJiZWViZCIsInJvbGUiOiJBRE1JTiIsImlhdCI6MTc4MTA2MzAxNCwiZXhwIjoxNzgzNjU1MDE0fQ.N1OvtlvQEhcuupQ8iIOmP8qsNS_XcdW3FRFH7fqi_mo
URL: /, Token: eyJhbGciOiJIUzI1NiIsInR5cCI6IkpXVCJ9.eyJpZCI6IjZhMjM3Zjc0ZGFiYzgxNGRiYmJiZWViZCIsInJvbGUiOiJBRE1JTiIsImlhdCI6MTc4MDg5MTIzOCwiZXhwIjoxNzgzNDgzMjM4fQ.JwB419v-5yMrKzkIqHj3QmqTRIlmC4bWyRjgUB4iqvY
URL: /, Token: eyJhbGciOiJIUzI1NiIsInR5cCI6IkpXVCJ9.eyJpZCI6IjZhMjM3Zjc0ZGFiYzgxNGRiYmJiZWViZCIsInJvbGUiOiJBRE1JTiIsImlhdCI6MTc4MTA2MzAxNCwiZXhwIjoxNzgzNjU1MDE0fQ.N1OvtlvQEhcuupQ8iIOmP8qsNS_XcdW3FRFH7fqi_mo
URL: /, Token: eyJhbGciOiJIUzI1NiIsInR5cCI6IkpXVCJ9.eyJpZCI6IjZhMjM3Zjc0ZGFiYzgxNGRiYmJiZWViZCIsInJvbGUiOiJBRE1JTiIsImlhdCI6MTc4MDg5MTIzOCwiZXhwIjoxNzgzNDgzMjM4fQ.JwB419v-5yMrKzkIqHj3QmqTRIlmC4bWyRjgUB4iqvY
URL: /, Token: eyJhbGciOiJIUzI1NiIsInR5cCI6IkpXVCJ9.eyJpZCI6IjZhMjM3Zjc0ZGFiYzgxNGRiYmJiZWViZCIsInJvbGUiOiJBRE1JTiIsImlhdCI6MTc4MTA2MzAxNCwiZXhwIjoxNzgzNjU1MDE0fQ.N1OvtlvQEhcuupQ8iIOmP8qsNS_XcdW3FRFH7fqi_mo
URL: /, Token: eyJhbGciOiJIUzI1NiIsInR5cCI6IkpXVCJ9.eyJpZCI6IjZhMjM3Zjc0ZGFiYzgxNGRiYmJiZWViZCIsInJvbGUiOiJBRE1JTiIsImlhdCI6MTc4MTA2MzAxNCwiZXhwIjoxNzgzNjU1MDE0fQ.N1OvtlvQEhcuupQ8iIOmP8qsNS_XcdW3FRFH7fqi_mo
URL: /, Token: eyJhbGciOiJIUzI1NiIsInR5cCI6IkpXVCJ9.eyJpZCI6IjZhMjM3Zjc0ZGFiYzgxNGRiYmJiZWViZCIsInJvbGUiOiJBRE1JTiIsImlhdCI6MTc4MDg5MTIzOCwiZXhwIjoxNzgzNDgzMjM4fQ.JwB419v-5yMrKzkIqHj3QmqTRIlmC4bWyRjgUB4iqvY
URL: /, Token: eyJhbGciOiJIUzI1NiIsInR5cCI6IkpXVCJ9.eyJpZCI6IjZhMjM3Zjc0ZGFiYzgxNGRiYmJiZWViZCIsInJvbGUiOiJBRE1JTiIsImlhdCI6MTc4MDg5MTIzOCwiZXhwIjoxNzgzNDgzMjM4fQ.JwB419v-5yMrKzkIqHj3QmqTRIlmC4bWyRjgUB4iqvY
URL: /, Token: eyJhbGciOiJIUzI1NiIsInR5cCI6IkpXVCJ9.eyJpZCI6IjZhMjM3Zjc0ZGFiYzgxNGRiYmJiZWViZCIsInJvbGUiOiJBRE1JTiIsImlhdCI6MTc4MTA2MzAxNCwiZXhwIjoxNzgzNjU1MDE0fQ.N1OvtlvQEhcuupQ8iIOmP8qsNS_XcdW3FRFH7fqi_mo
URL: /, Token: eyJhbGciOiJIUzI1NiIsInR5cCI6IkpXVCJ9.eyJpZCI6IjZhMjM3Zjc0ZGFiYzgxNGRiYmJiZWViZCIsInJvbGUiOiJBRE1JTiIsImlhdCI6MTc4MTA2MzAxNCwiZXhwIjoxNzgzNjU1MDE0fQ.N1OvtlvQEhcuupQ8iIOmP8qsNS_XcdW3FRFH7fqi_mo
URL: /, Token: eyJhbGciOiJIUzI1NiIsInR5cCI6IkpXVCJ9.eyJpZCI6IjZhMjM3Zjc0ZGFiYzgxNGRiYmJiZWViZCIsInJvbGUiOiJBRE1JTiIsImlhdCI6MTc4MDg5MTIzOCwiZXhwIjoxNzgzNDgzMjM4fQ.JwB419v-5yMrKzkIqHj3QmqTRIlmC4bWyRjgUB4iqvY
URL: /, Token: eyJhbGciOiJIUzI1NiIsInR5cCI6IkpXVCJ9.eyJpZCI6IjZhMjM3Zjc0ZGFiYzgxNGRiYmJiZWViZCIsInJvbGUiOiJBRE1JTiIsImlhdCI6MTc4MTA2MzAxNCwiZXhwIjoxNzgzNjU1MDE0fQ.N1OvtlvQEhcuupQ8iIOmP8qsNS_XcdW3FRFH7fqi_mo
URL: /, Token: eyJhbGciOiJIUzI1NiIsInR5cCI6IkpXVCJ9.eyJpZCI6IjZhMjM3Zjc0ZGFiYzgxNGRiYmJiZWViZCIsInJvbGUiOiJBRE1JTiIsImlhdCI6MTc4MDg5MTIzOCwiZXhwIjoxNzgzNDgzMjM4fQ.JwB419v-5yMrKzkIqHj3QmqTRIlmC4bWyRjgUB4iqvY
URL: /, Token: eyJhbGciOiJIUzI1NiIsInR5cCI6IkpXVCJ9.eyJpZCI6IjZhMjM3Zjc0ZGFiYzgxNGRiYmJiZWViZCIsInJvbGUiOiJBRE1JTiIsImlhdCI6MTc4MTA2MzAxNCwiZXhwIjoxNzgzNjU1MDE0fQ.N1OvtlvQEhcuupQ8iIOmP8qsNS_XcdW3FRFH7fqi_mo
URL: /, Token: eyJhbGciOiJIUzI1NiIsInR5cCI6IkpXVCJ9.eyJpZCI6IjZhMjM3Zjc0ZGFiYzgxNGRiYmJiZWViZCIsInJvbGUiOiJBRE1JTiIsImlhdCI6MTc4MTA2MzAxNCwiZXhwIjoxNzgzNjU1MDE0fQ.N1OvtlvQEhcuupQ8iIOmP8qsNS_XcdW3FRFH7fqi_mo
URL: /, Token: eyJhbGciOiJIUzI1NiIsInR5cCI6IkpXVCJ9.eyJpZCI6IjZhMjM3Zjc0ZGFiYzgxNGRiYmJiZWViZCIsInJvbGUiOiJBRE1JTiIsImlhdCI6MTc4MTA2MzAxNCwiZXhwIjoxNzgzNjU1MDE0fQ.N1OvtlvQEhcuupQ8iIOmP8qsNS_XcdW3FRFH7fqi_mo
URL: /, Token: eyJhbGciOiJIUzI1NiIsInR5cCI6IkpXVCJ9.eyJpZCI6IjZhMjM3Zjc0ZGFiYzgxNGRiYmJiZWViZCIsInJvbGUiOiJBRE1JTiIsImlhdCI6MTc4MDg5MTIzOCwiZXhwIjoxNzgzNDgzMjM4fQ.JwB419v-5yMrKzkIqHj3QmqTRIlmC4bWyRjgUB4iqvY
URL: /, Token: eyJhbGciOiJIUzI1NiIsInR5cCI6IkpXVCJ9.eyJpZCI6IjZhMjM3Zjc0ZGFiYzgxNGRiYmJiZWViZCIsInJvbGUiOiJBRE1JTiIsImlhdCI6MTc4MTA2MzAxNCwiZXhwIjoxNzgzNjU1MDE0fQ.N1OvtlvQEhcuupQ8iIOmP8qsNS_XcdW3FRFH7fqi_mo
URL: /, Token: eyJhbGciOiJIUzI1NiIsInR5cCI6IkpXVCJ9.eyJpZCI6IjZhMjM3Zjc0ZGFiYzgxNGRiYmJiZWViZCIsInJvbGUiOiJBRE1JTiIsImlhdCI6MTc4MTA2MzAxNCwiZXhwIjoxNzgzNjU1MDE0fQ.N1OvtlvQEhcuupQ8iIOmP8qsNS_XcdW3FRFH7fqi_mo
URL: /, Token: eyJhbGciOiJIUzI1NiIsInR5cCI6IkpXVCJ9.eyJpZCI6IjZhMjM3Zjc0ZGFiYzgxNGRiYmJiZWViZCIsInJvbGUiOiJBRE1JTiIsImlhdCI6MTc4MDg5MTIzOCwiZXhwIjoxNzgzNDgzMjM4fQ.JwB419v-5yMrKzkIqHj3QmqTRIlmC4bWyRjgUB4iqvY
URL: /, Token: eyJhbGciOiJIUzI1NiIsInR5cCI6IkpXVCJ9.eyJpZCI6IjZhMjM3Zjc0ZGFiYzgxNGRiYmJiZWViZCIsInJvbGUiOiJBRE1JTiIsImlhdCI6MTc4MTA2MzAxNCwiZXhwIjoxNzgzNjU1MDE0fQ.N1OvtlvQEhcuupQ8iIOmP8qsNS_XcdW3FRFH7fqi_mo
URL: /, Token: eyJhbGciOiJIUzI1NiIsInR5cCI6IkpXVCJ9.eyJpZCI6IjZhMjM3Zjc0ZGFiYzgxNGRiYmJiZWViZCIsInJvbGUiOiJBRE1JTiIsImlhdCI6MTc4MTA2MzAxNCwiZXhwIjoxNzgzNjU1MDE0fQ.N1OvtlvQEhcuupQ8iIOmP8qsNS_XcdW3FRFH7fqi_mo
URL: /, Token: eyJhbGciOiJIUzI1NiIsInR5cCI6IkpXVCJ9.eyJpZCI6IjZhMjM3Zjc0ZGFiYzgxNGRiYmJiZWViZCIsInJvbGUiOiJBRE1JTiIsImlhdCI6MTc4MDg5MTIzOCwiZXhwIjoxNzgzNDgzMjM4fQ.JwB419v-5yMrKzkIqHj3QmqTRIlmC4bWyRjgUB4iqvY
URL: /, Token: eyJhbGciOiJIUzI1NiIsInR5cCI6IkpXVCJ9.eyJpZCI6IjZhMjM3Zjc0ZGFiYzgxNGRiYmJiZWViZCIsInJvbGUiOiJBRE1JTiIsImlhdCI6MTc4MDg5MTIzOCwiZXhwIjoxNzgzNDgzMjM4fQ.JwB419v-5yMrKzkIqHj3QmqTRIlmC4bWyRjgUB4iqvY
URL: /, Token: eyJhbGciOiJIUzI1NiIsInR5cCI6IkpXVCJ9.eyJpZCI6IjZhMjM3Zjc0ZGFiYzgxNGRiYmJiZWViZCIsInJvbGUiOiJBRE1JTiIsImlhdCI6MTc4MTA2MzAxNCwiZXhwIjoxNzgzNjU1MDE0fQ.N1OvtlvQEhcuupQ8iIOmP8qsNS_XcdW3FRFH7fqi_mo
URL: /, Token: eyJhbGciOiJIUzI1NiIsInR5cCI6IkpXVCJ9.eyJpZCI6IjZhMjM3Zjc0ZGFiYzgxNGRiYmJiZWViZCIsInJvbGUiOiJBRE1JTiIsImlhdCI6MTc4MTA2MzAxNCwiZXhwIjoxNzgzNjU1MDE0fQ.N1OvtlvQEhcuupQ8iIOmP8qsNS_XcdW3FRFH7fqi_mo
URL: /, Token: eyJhbGciOiJIUzI1NiIsInR5cCI6IkpXVCJ9.eyJpZCI6IjZhMjM3Zjc0ZGFiYzgxNGRiYmJiZWViZCIsInJvbGUiOiJBRE1JTiIsImlhdCI6MTc4MTA3NjA1MiwiZXhwIjoxNzgzNjY4MDUyfQ.qz59urO6gEHmvzDPisftO30qHHAcyP0cxsFWsh48Zdo
URL: /, Token: eyJhbGciOiJIUzI1NiIsInR5cCI6IkpXVCJ9.eyJpZCI6IjZhMjM3Zjc0ZGFiYzgxNGRiYmJiZWViZCIsInJvbGUiOiJBRE1JTiIsImlhdCI6MTc4MTA3NjA1MiwiZXhwIjoxNzgzNjY4MDUyfQ.qz59urO6gEHmvzDPisftO30qHHAcyP0cxsFWsh48Zdo
URL: /, Token: eyJhbGciOiJIUzI1NiIsInR5cCI6IkpXVCJ9.eyJpZCI6IjZhMjM3Zjc0ZGFiYzgxNGRiYmJiZWViZCIsInJvbGUiOiJBRE1JTiIsImlhdCI6MTc4MDg5MTIzOCwiZXhwIjoxNzgzNDgzMjM4fQ.JwB419v-5yMrKzkIqHj3QmqTRIlmC4bWyRjgUB4iqvY
URL: /, Token: eyJhbGciOiJIUzI1NiIsInR5cCI6IkpXVCJ9.eyJpZCI6IjZhMjM3Zjc0ZGFiYzgxNGRiYmJiZWViZCIsInJvbGUiOiJBRE1JTiIsImlhdCI6MTc4MDg5MTIzOCwiZXhwIjoxNzgzNDgzMjM4fQ.JwB419v-5yMrKzkIqHj3QmqTRIlmC4bWyRjgUB4iqvY
URL: /, Token: eyJhbGciOiJIUzI1NiIsInR5cCI6IkpXVCJ9.eyJpZCI6IjZhMjM3Zjc0ZGFiYzgxNGRiYmJiZWViZCIsInJvbGUiOiJBRE1JTiIsImlhdCI6MTc4MDg5MTIzOCwiZXhwIjoxNzgzNDgzMjM4fQ.JwB419v-5yMrKzkIqHj3QmqTRIlmC4bWyRjgUB4iqvY
URL: /, Token: eyJhbGciOiJIUzI1NiIsInR5cCI6IkpXVCJ9.eyJpZCI6IjZhMjM3Zjc0ZGFiYzgxNGRiYmJiZWViZCIsInJvbGUiOiJBRE1JTiIsImlhdCI6MTc4MTA3NjE0MiwiZXhwIjoxNzgzNjY4MTQyfQ.Q7ewQVOSKp2S1FR0wlcnvvJjHmvglkRugwpAc8ccfLg
URL: /, Token: eyJhbGciOiJIUzI1NiIsInR5cCI6IkpXVCJ9.eyJpZCI6IjZhMjM3Zjc0ZGFiYzgxNGRiYmJiZWViZCIsInJvbGUiOiJBRE1JTiIsImlhdCI6MTc4MTA3NjE0MiwiZXhwIjoxNzgzNjY4MTQyfQ.Q7ewQVOSKp2S1FR0wlcnvvJjHmvglkRugwpAc8ccfLg
URL: /, Token: eyJhbGciOiJIUzI1NiIsInR5cCI6IkpXVCJ9.eyJpZCI6IjZhMjM3Zjc0ZGFiYzgxNGRiYmJiZWViZCIsInJvbGUiOiJBRE1JTiIsImlhdCI6MTc4MDg5MTIzOCwiZXhwIjoxNzgzNDgzMjM4fQ.JwB419v-5yMrKzkIqHj3QmqTRIlmC4bWyRjgUB4iqvY
URL: /, Token: eyJhbGciOiJIUzI1NiIsInR5cCI6IkpXVCJ9.eyJpZCI6IjZhMjM3Zjc0ZGFiYzgxNGRiYmJiZWViZCIsInJvbGUiOiJBRE1JTiIsImlhdCI6MTc4MTA3NjE0MiwiZXhwIjoxNzgzNjY4MTQyfQ.Q7ewQVOSKp2S1FR0wlcnvvJjHmvglkRugwpAc8ccfLg
URL: /, Token: eyJhbGciOiJIUzI1NiIsInR5cCI6IkpXVCJ9.eyJpZCI6IjZhMjM3Zjc0ZGFiYzgxNGRiYmJiZWViZCIsInJvbGUiOiJBRE1JTiIsImlhdCI6MTc4MDg5MTIzOCwiZXhwIjoxNzgzNDgzMjM4fQ.JwB419v-5yMrKzkIqHj3QmqTRIlmC4bWyRjgUB4iqvY
URL: /, Token: eyJhbGciOiJIUzI1NiIsInR5cCI6IkpXVCJ9.eyJpZCI6IjZhMjM3Zjc0ZGFiYzgxNGRiYmJiZWViZCIsInJvbGUiOiJBRE1JTiIsImlhdCI6MTc4MTA3NjE0MiwiZXhwIjoxNzgzNjY4MTQyfQ.Q7ewQVOSKp2S1FR0wlcnvvJjHmvglkRugwpAc8ccfLg
URL: /, Token: eyJhbGciOiJIUzI1NiIsInR5cCI6IkpXVCJ9.eyJpZCI6IjZhMjM3Zjc0ZGFiYzgxNGRiYmJiZWViZCIsInJvbGUiOiJBRE1JTiIsImlhdCI6MTc4MDg5MTIzOCwiZXhwIjoxNzgzNDgzMjM4fQ.JwB419v-5yMrKzkIqHj3QmqTRIlmC4bWyRjgUB4iqvY
URL: /, Token: eyJhbGciOiJIUzI1NiIsInR5cCI6IkpXVCJ9.eyJpZCI6IjZhMjM3Zjc0ZGFiYzgxNGRiYmJiZWViZCIsInJvbGUiOiJBRE1JTiIsImlhdCI6MTc4MTA3NjE0MiwiZXhwIjoxNzgzNjY4MTQyfQ.Q7ewQVOSKp2S1FR0wlcnvvJjHmvglkRugwpAc8ccfLg
URL: /, Token: eyJhbGciOiJIUzI1NiIsInR5cCI6IkpXVCJ9.eyJpZCI6IjZhMjM3Zjc0ZGFiYzgxNGRiYmJiZWViZCIsInJvbGUiOiJBRE1JTiIsImlhdCI6MTc4MDg5MTIzOCwiZXhwIjoxNzgzNDgzMjM4fQ.JwB419v-5yMrKzkIqHj3QmqTRIlmC4bWyRjgUB4iqvY
URL: /, Token: eyJhbGciOiJIUzI1NiIsInR5cCI6IkpXVCJ9.eyJpZCI6IjZhMjM3Zjc0ZGFiYzgxNGRiYmJiZWViZCIsInJvbGUiOiJBRE1JTiIsImlhdCI6MTc4MTA3NjE0MiwiZXhwIjoxNzgzNjY4MTQyfQ.Q7ewQVOSKp2S1FR0wlcnvvJjHmvglkRugwpAc8ccfLg
URL: /, Token: eyJhbGciOiJIUzI1NiIsInR5cCI6IkpXVCJ9.eyJpZCI6IjZhMjM3Zjc0ZGFiYzgxNGRiYmJiZWViZCIsInJvbGUiOiJBRE1JTiIsImlhdCI6MTc4MDg5MTIzOCwiZXhwIjoxNzgzNDgzMjM4fQ.JwB419v-5yMrKzkIqHj3QmqTRIlmC4bWyRjgUB4iqvY
URL: /, Token: eyJhbGciOiJIUzI1NiIsInR5cCI6IkpXVCJ9.eyJpZCI6IjZhMjM3Zjc0ZGFiYzgxNGRiYmJiZWViZCIsInJvbGUiOiJBRE1JTiIsImlhdCI6MTc4MTA3NjE0MiwiZXhwIjoxNzgzNjY4MTQyfQ.Q7ewQVOSKp2S1FR0wlcnvvJjHmvglkRugwpAc8ccfLg
URL: /?t=1781076280906, Token: eyJhbGciOiJIUzI1NiIsInR5cCI6IkpXVCJ9.eyJpZCI6IjZhMjM3Zjc0ZGFiYzgxNGRiYmJiZWViZCIsInJvbGUiOiJBRE1JTiIsImlhdCI6MTc4MDg5MTIzOCwiZXhwIjoxNzgzNDgzMjM4fQ.JwB419v-5yMrKzkIqHj3QmqTRIlmC4bWyRjgUB4iqvY
URL: /?t=1781076280908, Token: eyJhbGciOiJIUzI1NiIsInR5cCI6IkpXVCJ9.eyJpZCI6IjZhMjM3Zjc0ZGFiYzgxNGRiYmJiZWViZCIsInJvbGUiOiJBRE1JTiIsImlhdCI6MTc4MDg5MTIzOCwiZXhwIjoxNzgzNDgzMjM4fQ.JwB419v-5yMrKzkIqHj3QmqTRIlmC4bWyRjgUB4iqvY
URL: /, Token: eyJhbGciOiJIUzI1NiIsInR5cCI6IkpXVCJ9.eyJpZCI6IjZhMjM3Zjc0ZGFiYzgxNGRiYmJiZWViZCIsInJvbGUiOiJBRE1JTiIsImlhdCI6MTc4MDg5MTIzOCwiZXhwIjoxNzgzNDgzMjM4fQ.JwB419v-5yMrKzkIqHj3QmqTRIlmC4bWyRjgUB4iqvY
URL: /, Token: eyJhbGciOiJIUzI1NiIsInR5cCI6IkpXVCJ9.eyJpZCI6IjZhMjM3Zjc0ZGFiYzgxNGRiYmJiZWViZCIsInJvbGUiOiJBRE1JTiIsImlhdCI6MTc4MDg5MTIzOCwiZXhwIjoxNzgzNDgzMjM4fQ.JwB419v-5yMrKzkIqHj3QmqTRIlmC4bWyRjgUB4iqvY
URL: /, Token: eyJhbGciOiJIUzI1NiIsInR5cCI6IkpXVCJ9.eyJpZCI6IjZhMjM3Zjc0ZGFiYzgxNGRiYmJiZWViZCIsInJvbGUiOiJBRE1JTiIsImlhdCI6MTc4MDg5MTIzOCwiZXhwIjoxNzgzNDgzMjM4fQ.JwB419v-5yMrKzkIqHj3QmqTRIlmC4bWyRjgUB4iqvY
URL: /, Token: eyJhbGciOiJIUzI1NiIsInR5cCI6IkpXVCJ9.eyJpZCI6IjZhMjM3Zjc0ZGFiYzgxNGRiYmJiZWViZCIsInJvbGUiOiJBRE1JTiIsImlhdCI6MTc4MDg5MTIzOCwiZXhwIjoxNzgzNDgzMjM4fQ.JwB419v-5yMrKzkIqHj3QmqTRIlmC4bWyRjgUB4iqvY
URL: /dashboard?t=1781076284980, Token: eyJhbGciOiJIUzI1NiIsInR5cCI6IkpXVCJ9.eyJpZCI6IjZhMjM3Zjc0ZGFiYzgxNGRiYmJiZWViZCIsInJvbGUiOiJBRE1JTiIsImlhdCI6MTc4MDg5MTIzOCwiZXhwIjoxNzgzNDgzMjM4fQ.JwB419v-5yMrKzkIqHj3QmqTRIlmC4bWyRjgUB4iqvY
URL: /?t=1781076284980, Token: eyJhbGciOiJIUzI1NiIsInR5cCI6IkpXVCJ9.eyJpZCI6IjZhMjM3Zjc0ZGFiYzgxNGRiYmJiZWViZCIsInJvbGUiOiJBRE1JTiIsImlhdCI6MTc4MDg5MTIzOCwiZXhwIjoxNzgzNDgzMjM4fQ.JwB419v-5yMrKzkIqHj3QmqTRIlmC4bWyRjgUB4iqvY
URL: /dashboard?t=1781076284981, Token: eyJhbGciOiJIUzI1NiIsInR5cCI6IkpXVCJ9.eyJpZCI6IjZhMjM3Zjc0ZGFiYzgxNGRiYmJiZWViZCIsInJvbGUiOiJBRE1JTiIsImlhdCI6MTc4MDg5MTIzOCwiZXhwIjoxNzgzNDgzMjM4fQ.JwB419v-5yMrKzkIqHj3QmqTRIlmC4bWyRjgUB4iqvY
URL: /?t=1781076284981, Token: eyJhbGciOiJIUzI1NiIsInR5cCI6IkpXVCJ9.eyJpZCI6IjZhMjM3Zjc0ZGFiYzgxNGRiYmJiZWViZCIsInJvbGUiOiJBRE1JTiIsImlhdCI6MTc4MDg5MTIzOCwiZXhwIjoxNzgzNDgzMjM4fQ.JwB419v-5yMrKzkIqHj3QmqTRIlmC4bWyRjgUB4iqvY
URL: /, Token: eyJhbGciOiJIUzI1NiIsInR5cCI6IkpXVCJ9.eyJpZCI6IjZhMjM3Zjc0ZGFiYzgxNGRiYmJiZWViZCIsInJvbGUiOiJBRE1JTiIsImlhdCI6MTc4MDg5MTIzOCwiZXhwIjoxNzgzNDgzMjM4fQ.JwB419v-5yMrKzkIqHj3QmqTRIlmC4bWyRjgUB4iqvY
URL: /, Token: eyJhbGciOiJIUzI1NiIsInR5cCI6IkpXVCJ9.eyJpZCI6IjZhMjM3Zjc0ZGFiYzgxNGRiYmJiZWViZCIsInJvbGUiOiJBRE1JTiIsImlhdCI6MTc4MDg5MTIzOCwiZXhwIjoxNzgzNDgzMjM4fQ.JwB419v-5yMrKzkIqHj3QmqTRIlmC4bWyRjgUB4iqvY
URL: /, Token: eyJhbGciOiJIUzI1NiIsInR5cCI6IkpXVCJ9.eyJpZCI6IjZhMjM3Zjc0ZGFiYzgxNGRiYmJiZWViZCIsInJvbGUiOiJBRE1JTiIsImlhdCI6MTc4MDg5MTIzOCwiZXhwIjoxNzgzNDgzMjM4fQ.JwB419v-5yMrKzkIqHj3QmqTRIlmC4bWyRjgUB4iqvY
URL: /, Token: eyJhbGciOiJIUzI1NiIsInR5cCI6IkpXVCJ9.eyJpZCI6IjZhMjM3Zjc0ZGFiYzgxNGRiYmJiZWViZCIsInJvbGUiOiJBRE1JTiIsImlhdCI6MTc4MTA3NjE0MiwiZXhwIjoxNzgzNjY4MTQyfQ.Q7ewQVOSKp2S1FR0wlcnvvJjHmvglkRugwpAc8ccfLg
URL: /, Token: eyJhbGciOiJIUzI1NiIsInR5cCI6IkpXVCJ9.eyJpZCI6IjZhMjM3Zjc0ZGFiYzgxNGRiYmJiZWViZCIsInJvbGUiOiJBRE1JTiIsImlhdCI6MTc4MDg5MTIzOCwiZXhwIjoxNzgzNDgzMjM4fQ.JwB419v-5yMrKzkIqHj3QmqTRIlmC4bWyRjgUB4iqvY
URL: /, Token: eyJhbGciOiJIUzI1NiIsInR5cCI6IkpXVCJ9.eyJpZCI6IjZhMjM3Zjc0ZGFiYzgxNGRiYmJiZWViZCIsInJvbGUiOiJBRE1JTiIsImlhdCI6MTc4MTA3NjE0MiwiZXhwIjoxNzgzNjY4MTQyfQ.Q7ewQVOSKp2S1FR0wlcnvvJjHmvglkRugwpAc8ccfLg
URL: /, Token: eyJhbGciOiJIUzI1NiIsInR5cCI6IkpXVCJ9.eyJpZCI6IjZhMjM3Zjc0ZGFiYzgxNGRiYmJiZWViZCIsInJvbGUiOiJBRE1JTiIsImlhdCI6MTc4MDg5MTIzOCwiZXhwIjoxNzgzNDgzMjM4fQ.JwB419v-5yMrKzkIqHj3QmqTRIlmC4bWyRjgUB4iqvY
URL: /, Token: eyJhbGciOiJIUzI1NiIsInR5cCI6IkpXVCJ9.eyJpZCI6IjZhMjM3Zjc0ZGFiYzgxNGRiYmJiZWViZCIsInJvbGUiOiJBRE1JTiIsImlhdCI6MTc4MTA3NjE0MiwiZXhwIjoxNzgzNjY4MTQyfQ.Q7ewQVOSKp2S1FR0wlcnvvJjHmvglkRugwpAc8ccfLg
URL: /, Token: eyJhbGciOiJIUzI1NiIsInR5cCI6IkpXVCJ9.eyJpZCI6IjZhMjM3Zjc0ZGFiYzgxNGRiYmJiZWViZCIsInJvbGUiOiJBRE1JTiIsImlhdCI6MTc4MDg5MTIzOCwiZXhwIjoxNzgzNDgzMjM4fQ.JwB419v-5yMrKzkIqHj3QmqTRIlmC4bWyRjgUB4iqvY
URL: /, Token: eyJhbGciOiJIUzI1NiIsInR5cCI6IkpXVCJ9.eyJpZCI6IjZhMjM3Zjc0ZGFiYzgxNGRiYmJiZWViZCIsInJvbGUiOiJBRE1JTiIsImlhdCI6MTc4MTA3NjE0MiwiZXhwIjoxNzgzNjY4MTQyfQ.Q7ewQVOSKp2S1FR0wlcnvvJjHmvglkRugwpAc8ccfLg
URL: /, Token: eyJhbGciOiJIUzI1NiIsInR5cCI6IkpXVCJ9.eyJpZCI6IjZhMjM3Zjc0ZGFiYzgxNGRiYmJiZWViZCIsInJvbGUiOiJBRE1JTiIsImlhdCI6MTc4MDg5MTIzOCwiZXhwIjoxNzgzNDgzMjM4fQ.JwB419v-5yMrKzkIqHj3QmqTRIlmC4bWyRjgUB4iqvY
URL: /, Token: eyJhbGciOiJIUzI1NiIsInR5cCI6IkpXVCJ9.eyJpZCI6IjZhMjM3Zjc0ZGFiYzgxNGRiYmJiZWViZCIsInJvbGUiOiJBRE1JTiIsImlhdCI6MTc4MDg5MTIzOCwiZXhwIjoxNzgzNDgzMjM4fQ.JwB419v-5yMrKzkIqHj3QmqTRIlmC4bWyRjgUB4iqvY
URL: /, Token: eyJhbGciOiJIUzI1NiIsInR5cCI6IkpXVCJ9.eyJpZCI6IjZhMjM3Zjc0ZGFiYzgxNGRiYmJiZWViZCIsInJvbGUiOiJBRE1JTiIsImlhdCI6MTc4MTA3NjE0MiwiZXhwIjoxNzgzNjY4MTQyfQ.Q7ewQVOSKp2S1FR0wlcnvvJjHmvglkRugwpAc8ccfLg
URL: /, Token: eyJhbGciOiJIUzI1NiIsInR5cCI6IkpXVCJ9.eyJpZCI6IjZhMjM3Zjc0ZGFiYzgxNGRiYmJiZWViZCIsInJvbGUiOiJBRE1JTiIsImlhdCI6MTc4MTA3NjE0MiwiZXhwIjoxNzgzNjY4MTQyfQ.Q7ewQVOSKp2S1FR0wlcnvvJjHmvglkRugwpAc8ccfLg
URL: /, Token: eyJhbGciOiJIUzI1NiIsInR5cCI6IkpXVCJ9.eyJpZCI6IjZhMjM3Zjc0ZGFiYzgxNGRiYmJiZWViZCIsInJvbGUiOiJBRE1JTiIsImlhdCI6MTc4MDg5MTIzOCwiZXhwIjoxNzgzNDgzMjM4fQ.JwB419v-5yMrKzkIqHj3QmqTRIlmC4bWyRjgUB4iqvY
URL: /, Token: eyJhbGciOiJIUzI1NiIsInR5cCI6IkpXVCJ9.eyJpZCI6IjZhMjM3Zjc0ZGFiYzgxNGRiYmJiZWViZCIsInJvbGUiOiJBRE1JTiIsImlhdCI6MTc4MTA3NjE0MiwiZXhwIjoxNzgzNjY4MTQyfQ.Q7ewQVOSKp2S1FR0wlcnvvJjHmvglkRugwpAc8ccfLg
URL: /, Token: eyJhbGciOiJIUzI1NiIsInR5cCI6IkpXVCJ9.eyJpZCI6IjZhMjM3Zjc0ZGFiYzgxNGRiYmJiZWViZCIsInJvbGUiOiJBRE1JTiIsImlhdCI6MTc4MTA3NjE0MiwiZXhwIjoxNzgzNjY4MTQyfQ.Q7ewQVOSKp2S1FR0wlcnvvJjHmvglkRugwpAc8ccfLg
URL: /, Token: eyJhbGciOiJIUzI1NiIsInR5cCI6IkpXVCJ9.eyJpZCI6IjZhMjM3Zjc0ZGFiYzgxNGRiYmJiZWViZCIsInJvbGUiOiJBRE1JTiIsImlhdCI6MTc4MTA3NjE0MiwiZXhwIjoxNzgzNjY4MTQyfQ.Q7ewQVOSKp2S1FR0wlcnvvJjHmvglkRugwpAc8ccfLg
URL: /, Token: eyJhbGciOiJIUzI1NiIsInR5cCI6IkpXVCJ9.eyJpZCI6IjZhMjM3Zjc0ZGFiYzgxNGRiYmJiZWViZCIsInJvbGUiOiJBRE1JTiIsImlhdCI6MTc4MTA3NjE0MiwiZXhwIjoxNzgzNjY4MTQyfQ.Q7ewQVOSKp2S1FR0wlcnvvJjHmvglkRugwpAc8ccfLg
URL: /, Token: eyJhbGciOiJIUzI1NiIsInR5cCI6IkpXVCJ9.eyJpZCI6IjZhMjM3Zjc0ZGFiYzgxNGRiYmJiZWViZCIsInJvbGUiOiJBRE1JTiIsImlhdCI6MTc4MDg5MTIzOCwiZXhwIjoxNzgzNDgzMjM4fQ.JwB419v-5yMrKzkIqHj3QmqTRIlmC4bWyRjgUB4iqvY
URL: /, Token: eyJhbGciOiJIUzI1NiIsInR5cCI6IkpXVCJ9.eyJpZCI6IjZhMjM3Zjc0ZGFiYzgxNGRiYmJiZWViZCIsInJvbGUiOiJBRE1JTiIsImlhdCI6MTc4MTA3NjE0MiwiZXhwIjoxNzgzNjY4MTQyfQ.Q7ewQVOSKp2S1FR0wlcnvvJjHmvglkRugwpAc8ccfLg
URL: /, Token: eyJhbGciOiJIUzI1NiIsInR5cCI6IkpXVCJ9.eyJpZCI6IjZhMjM3Zjc0ZGFiYzgxNGRiYmJiZWViZCIsInJvbGUiOiJBRE1JTiIsImlhdCI6MTc4MTA3NjE0MiwiZXhwIjoxNzgzNjY4MTQyfQ.Q7ewQVOSKp2S1FR0wlcnvvJjHmvglkRugwpAc8ccfLg
URL: /, Token: eyJhbGciOiJIUzI1NiIsInR5cCI6IkpXVCJ9.eyJpZCI6IjZhMjM3Zjc0ZGFiYzgxNGRiYmJiZWViZCIsInJvbGUiOiJBRE1JTiIsImlhdCI6MTc4MTA3NjE0MiwiZXhwIjoxNzgzNjY4MTQyfQ.Q7ewQVOSKp2S1FR0wlcnvvJjHmvglkRugwpAc8ccfLg
URL: /, Token: eyJhbGciOiJIUzI1NiIsInR5cCI6IkpXVCJ9.eyJpZCI6IjZhMjM3Zjc0ZGFiYzgxNGRiYmJiZWViZCIsInJvbGUiOiJBRE1JTiIsImlhdCI6MTc4MTA3NjE0MiwiZXhwIjoxNzgzNjY4MTQyfQ.Q7ewQVOSKp2S1FR0wlcnvvJjHmvglkRugwpAc8ccfLg
URL: /, Token: eyJhbGciOiJIUzI1NiIsInR5cCI6IkpXVCJ9.eyJpZCI6IjZhMjM3Zjc0ZGFiYzgxNGRiYmJiZWViZCIsInJvbGUiOiJBRE1JTiIsImlhdCI6MTc4MTA3NjE0MiwiZXhwIjoxNzgzNjY4MTQyfQ.Q7ewQVOSKp2S1FR0wlcnvvJjHmvglkRugwpAc8ccfLg
URL: /, Token: eyJhbGciOiJIUzI1NiIsInR5cCI6IkpXVCJ9.eyJpZCI6IjZhMjM3Zjc0ZGFiYzgxNGRiYmJiZWViZCIsInJvbGUiOiJBRE1JTiIsImlhdCI6MTc4MTA3NjE0MiwiZXhwIjoxNzgzNjY4MTQyfQ.Q7ewQVOSKp2S1FR0wlcnvvJjHmvglkRugwpAc8ccfLg
URL: /, Token: eyJhbGciOiJIUzI1NiIsInR5cCI6IkpXVCJ9.eyJpZCI6IjZhMjM3Zjc0ZGFiYzgxNGRiYmJiZWViZCIsInJvbGUiOiJBRE1JTiIsImlhdCI6MTc4MTA3NjE0MiwiZXhwIjoxNzgzNjY4MTQyfQ.Q7ewQVOSKp2S1FR0wlcnvvJjHmvglkRugwpAc8ccfLg
URL: /, Token: eyJhbGciOiJIUzI1NiIsInR5cCI6IkpXVCJ9.eyJpZCI6IjZhMjM3Zjc0ZGFiYzgxNGRiYmJiZWViZCIsInJvbGUiOiJBRE1JTiIsImlhdCI6MTc4MTA3NjE0MiwiZXhwIjoxNzgzNjY4MTQyfQ.Q7ewQVOSKp2S1FR0wlcnvvJjHmvglkRugwpAc8ccfLg
URL: /, Token: eyJhbGciOiJIUzI1NiIsInR5cCI6IkpXVCJ9.eyJpZCI6IjZhMjM3Zjc0ZGFiYzgxNGRiYmJiZWViZCIsInJvbGUiOiJBRE1JTiIsImlhdCI6MTc4MTA3NjE0MiwiZXhwIjoxNzgzNjY4MTQyfQ.Q7ewQVOSKp2S1FR0wlcnvvJjHmvglkRugwpAc8ccfLg
URL: /, Token: eyJhbGciOiJIUzI1NiIsInR5cCI6IkpXVCJ9.eyJpZCI6IjZhMjM3Zjc0ZGFiYzgxNGRiYmJiZWViZCIsInJvbGUiOiJBRE1JTiIsImlhdCI6MTc4MTA3NjE0MiwiZXhwIjoxNzgzNjY4MTQyfQ.Q7ewQVOSKp2S1FR0wlcnvvJjHmvglkRugwpAc8ccfLg
URL: /, Token: eyJhbGciOiJIUzI1NiIsInR5cCI6IkpXVCJ9.eyJpZCI6IjZhMjM3Zjc0ZGFiYzgxNGRiYmJiZWViZCIsInJvbGUiOiJBRE1JTiIsImlhdCI6MTc4MTA3NjE0MiwiZXhwIjoxNzgzNjY4MTQyfQ.Q7ewQVOSKp2S1FR0wlcnvvJjHmvglkRugwpAc8ccfLg
URL: /, Token: eyJhbGciOiJIUzI1NiIsInR5cCI6IkpXVCJ9.eyJpZCI6IjZhMjM3Zjc0ZGFiYzgxNGRiYmJiZWViZCIsInJvbGUiOiJBRE1JTiIsImlhdCI6MTc4MTA3NjE0MiwiZXhwIjoxNzgzNjY4MTQyfQ.Q7ewQVOSKp2S1FR0wlcnvvJjHmvglkRugwpAc8ccfLg
URL: /, Token: eyJhbGciOiJIUzI1NiIsInR5cCI6IkpXVCJ9.eyJpZCI6IjZhMjM3Zjc0ZGFiYzgxNGRiYmJiZWViZCIsInJvbGUiOiJBRE1JTiIsImlhdCI6MTc4MTA3NjE0MiwiZXhwIjoxNzgzNjY4MTQyfQ.Q7ewQVOSKp2S1FR0wlcnvvJjHmvglkRugwpAc8ccfLg
URL: /, Token: eyJhbGciOiJIUzI1NiIsInR5cCI6IkpXVCJ9.eyJpZCI6IjZhMjM3Zjc0ZGFiYzgxNGRiYmJiZWViZCIsInJvbGUiOiJBRE1JTiIsImlhdCI6MTc4MTA3NjE0MiwiZXhwIjoxNzgzNjY4MTQyfQ.Q7ewQVOSKp2S1FR0wlcnvvJjHmvglkRugwpAc8ccfLg
URL: /, Token: eyJhbGciOiJIUzI1NiIsInR5cCI6IkpXVCJ9.eyJpZCI6IjZhMjM3Zjc0ZGFiYzgxNGRiYmJiZWViZCIsInJvbGUiOiJBRE1JTiIsImlhdCI6MTc4MTA3NjE0MiwiZXhwIjoxNzgzNjY4MTQyfQ.Q7ewQVOSKp2S1FR0wlcnvvJjHmvglkRugwpAc8ccfLg
URL: /, Token: eyJhbGciOiJIUzI1NiIsInR5cCI6IkpXVCJ9.eyJpZCI6IjZhMjM3Zjc0ZGFiYzgxNGRiYmJiZWViZCIsInJvbGUiOiJBRE1JTiIsImlhdCI6MTc4MTA3NjE0MiwiZXhwIjoxNzgzNjY4MTQyfQ.Q7ewQVOSKp2S1FR0wlcnvvJjHmvglkRugwpAc8ccfLg
URL: /, Token: eyJhbGciOiJIUzI1NiIsInR5cCI6IkpXVCJ9.eyJpZCI6IjZhMjM3Zjc0ZGFiYzgxNGRiYmJiZWViZCIsInJvbGUiOiJBRE1JTiIsImlhdCI6MTc4MTA3NjE0MiwiZXhwIjoxNzgzNjY4MTQyfQ.Q7ewQVOSKp2S1FR0wlcnvvJjHmvglkRugwpAc8ccfLg
URL: /, Token: eyJhbGciOiJIUzI1NiIsInR5cCI6IkpXVCJ9.eyJpZCI6IjZhMjM3Zjc0ZGFiYzgxNGRiYmJiZWViZCIsInJvbGUiOiJBRE1JTiIsImlhdCI6MTc4MTA3NjE0MiwiZXhwIjoxNzgzNjY4MTQyfQ.Q7ewQVOSKp2S1FR0wlcnvvJjHmvglkRugwpAc8ccfLg
URL: /, Token: eyJhbGciOiJIUzI1NiIsInR5cCI6IkpXVCJ9.eyJpZCI6IjZhMjM3Zjc0ZGFiYzgxNGRiYmJiZWViZCIsInJvbGUiOiJBRE1JTiIsImlhdCI6MTc4MTA3NjE0MiwiZXhwIjoxNzgzNjY4MTQyfQ.Q7ewQVOSKp2S1FR0wlcnvvJjHmvglkRugwpAc8ccfLg
URL: /, Token: eyJhbGciOiJIUzI1NiIsInR5cCI6IkpXVCJ9.eyJpZCI6IjZhMjM3Zjc0ZGFiYzgxNGRiYmJiZWViZCIsInJvbGUiOiJBRE1JTiIsImlhdCI6MTc4MTA3NjE0MiwiZXhwIjoxNzgzNjY4MTQyfQ.Q7ewQVOSKp2S1FR0wlcnvvJjHmvglkRugwpAc8ccfLg
URL: /, Token: eyJhbGciOiJIUzI1NiIsInR5cCI6IkpXVCJ9.eyJpZCI6IjZhMjM3Zjc0ZGFiYzgxNGRiYmJiZWViZCIsInJvbGUiOiJBRE1JTiIsImlhdCI6MTc4MTA3NjE0MiwiZXhwIjoxNzgzNjY4MTQyfQ.Q7ewQVOSKp2S1FR0wlcnvvJjHmvglkRugwpAc8ccfLg
URL: /, Token: eyJhbGciOiJIUzI1NiIsInR5cCI6IkpXVCJ9.eyJpZCI6IjZhMjM3Zjc0ZGFiYzgxNGRiYmJiZWViZCIsInJvbGUiOiJBRE1JTiIsImlhdCI6MTc4MTA3NjE0MiwiZXhwIjoxNzgzNjY4MTQyfQ.Q7ewQVOSKp2S1FR0wlcnvvJjHmvglkRugwpAc8ccfLg
URL: /, Token: eyJhbGciOiJIUzI1NiIsInR5cCI6IkpXVCJ9.eyJpZCI6IjZhMjM3Zjc0ZGFiYzgxNGRiYmJiZWViZCIsInJvbGUiOiJBRE1JTiIsImlhdCI6MTc4MTA3NjE0MiwiZXhwIjoxNzgzNjY4MTQyfQ.Q7ewQVOSKp2S1FR0wlcnvvJjHmvglkRugwpAc8ccfLg
URL: /, Token: eyJhbGciOiJIUzI1NiIsInR5cCI6IkpXVCJ9.eyJpZCI6IjZhMjM3Zjc0ZGFiYzgxNGRiYmJiZWViZCIsInJvbGUiOiJBRE1JTiIsImlhdCI6MTc4MTA3NjE0MiwiZXhwIjoxNzgzNjY4MTQyfQ.Q7ewQVOSKp2S1FR0wlcnvvJjHmvglkRugwpAc8ccfLg
URL: /, Token: eyJhbGciOiJIUzI1NiIsInR5cCI6IkpXVCJ9.eyJpZCI6IjZhMjM3Zjc0ZGFiYzgxNGRiYmJiZWViZCIsInJvbGUiOiJBRE1JTiIsImlhdCI6MTc4MTA3NjE0MiwiZXhwIjoxNzgzNjY4MTQyfQ.Q7ewQVOSKp2S1FR0wlcnvvJjHmvglkRugwpAc8ccfLg
URL: /, Token: eyJhbGciOiJIUzI1NiIsInR5cCI6IkpXVCJ9.eyJpZCI6IjZhMjM3Zjc0ZGFiYzgxNGRiYmJiZWViZCIsInJvbGUiOiJBRE1JTiIsImlhdCI6MTc4MTA3NjE0MiwiZXhwIjoxNzgzNjY4MTQyfQ.Q7ewQVOSKp2S1FR0wlcnvvJjHmvglkRugwpAc8ccfLg
URL: /, Token: eyJhbGciOiJIUzI1NiIsInR5cCI6IkpXVCJ9.eyJpZCI6IjZhMjM3Zjc0ZGFiYzgxNGRiYmJiZWViZCIsInJvbGUiOiJBRE1JTiIsImlhdCI6MTc4MTA3NjE0MiwiZXhwIjoxNzgzNjY4MTQyfQ.Q7ewQVOSKp2S1FR0wlcnvvJjHmvglkRugwpAc8ccfLg
URL: /, Token: eyJhbGciOiJIUzI1NiIsInR5cCI6IkpXVCJ9.eyJpZCI6IjZhMjM3Zjc0ZGFiYzgxNGRiYmJiZWViZCIsInJvbGUiOiJBRE1JTiIsImlhdCI6MTc4MTA3NjE0MiwiZXhwIjoxNzgzNjY4MTQyfQ.Q7ewQVOSKp2S1FR0wlcnvvJjHmvglkRugwpAc8ccfLg
URL: /, Token: eyJhbGciOiJIUzI1NiIsInR5cCI6IkpXVCJ9.eyJpZCI6IjZhMjM3Zjc0ZGFiYzgxNGRiYmJiZWViZCIsInJvbGUiOiJBRE1JTiIsImlhdCI6MTc4MTA3NjE0MiwiZXhwIjoxNzgzNjY4MTQyfQ.Q7ewQVOSKp2S1FR0wlcnvvJjHmvglkRugwpAc8ccfLg
URL: /, Token: eyJhbGciOiJIUzI1NiIsInR5cCI6IkpXVCJ9.eyJpZCI6IjZhMjM3Zjc0ZGFiYzgxNGRiYmJiZWViZCIsInJvbGUiOiJBRE1JTiIsImlhdCI6MTc4MTA3NjE0MiwiZXhwIjoxNzgzNjY4MTQyfQ.Q7ewQVOSKp2S1FR0wlcnvvJjHmvglkRugwpAc8ccfLg
URL: /, Token: eyJhbGciOiJIUzI1NiIsInR5cCI6IkpXVCJ9.eyJpZCI6IjZhMjM3Zjc0ZGFiYzgxNGRiYmJiZWViZCIsInJvbGUiOiJBRE1JTiIsImlhdCI6MTc4MTA3NjE0MiwiZXhwIjoxNzgzNjY4MTQyfQ.Q7ewQVOSKp2S1FR0wlcnvvJjHmvglkRugwpAc8ccfLg
URL: /, Token: eyJhbGciOiJIUzI1NiIsInR5cCI6IkpXVCJ9.eyJpZCI6IjZhMjM3Zjc0ZGFiYzgxNGRiYmJiZWViZCIsInJvbGUiOiJBRE1JTiIsImlhdCI6MTc4MTA3NjE0MiwiZXhwIjoxNzgzNjY4MTQyfQ.Q7ewQVOSKp2S1FR0wlcnvvJjHmvglkRugwpAc8ccfLg
URL: /, Token: eyJhbGciOiJIUzI1NiIsInR5cCI6IkpXVCJ9.eyJpZCI6IjZhMjM3Zjc0ZGFiYzgxNGRiYmJiZWViZCIsInJvbGUiOiJBRE1JTiIsImlhdCI6MTc4MTA3NjE0MiwiZXhwIjoxNzgzNjY4MTQyfQ.Q7ewQVOSKp2S1FR0wlcnvvJjHmvglkRugwpAc8ccfLg
URL: /, Token: eyJhbGciOiJIUzI1NiIsInR5cCI6IkpXVCJ9.eyJpZCI6IjZhMjM3Zjc0ZGFiYzgxNGRiYmJiZWViZCIsInJvbGUiOiJBRE1JTiIsImlhdCI6MTc4MTA3NjE0MiwiZXhwIjoxNzgzNjY4MTQyfQ.Q7ewQVOSKp2S1FR0wlcnvvJjHmvglkRugwpAc8ccfLg
URL: /, Token: eyJhbGciOiJIUzI1NiIsInR5cCI6IkpXVCJ9.eyJpZCI6IjZhMjM3Zjc0ZGFiYzgxNGRiYmJiZWViZCIsInJvbGUiOiJBRE1JTiIsImlhdCI6MTc4MTA3NjE0MiwiZXhwIjoxNzgzNjY4MTQyfQ.Q7ewQVOSKp2S1FR0wlcnvvJjHmvglkRugwpAc8ccfLg
URL: /, Token: eyJhbGciOiJIUzI1NiIsInR5cCI6IkpXVCJ9.eyJpZCI6IjZhMjM3Zjc0ZGFiYzgxNGRiYmJiZWViZCIsInJvbGUiOiJBRE1JTiIsImlhdCI6MTc4MTA3NjE0MiwiZXhwIjoxNzgzNjY4MTQyfQ.Q7ewQVOSKp2S1FR0wlcnvvJjHmvglkRugwpAc8ccfLg
URL: /, Token: eyJhbGciOiJIUzI1NiIsInR5cCI6IkpXVCJ9.eyJpZCI6IjZhMjM3Zjc0ZGFiYzgxNGRiYmJiZWViZCIsInJvbGUiOiJBRE1JTiIsImlhdCI6MTc4MTA3NjE0MiwiZXhwIjoxNzgzNjY4MTQyfQ.Q7ewQVOSKp2S1FR0wlcnvvJjHmvglkRugwpAc8ccfLg
URL: /, Token: eyJhbGciOiJIUzI1NiIsInR5cCI6IkpXVCJ9.eyJpZCI6IjZhMjM3Zjc0ZGFiYzgxNGRiYmJiZWViZCIsInJvbGUiOiJBRE1JTiIsImlhdCI6MTc4MTA3NjE0MiwiZXhwIjoxNzgzNjY4MTQyfQ.Q7ewQVOSKp2S1FR0wlcnvvJjHmvglkRugwpAc8ccfLg
URL: /, Token: eyJhbGciOiJIUzI1NiIsInR5cCI6IkpXVCJ9.eyJpZCI6IjZhMjM3Zjc0ZGFiYzgxNGRiYmJiZWViZCIsInJvbGUiOiJBRE1JTiIsImlhdCI6MTc4MTA3NjE0MiwiZXhwIjoxNzgzNjY4MTQyfQ.Q7ewQVOSKp2S1FR0wlcnvvJjHmvglkRugwpAc8ccfLg
URL: /, Token: eyJhbGciOiJIUzI1NiIsInR5cCI6IkpXVCJ9.eyJpZCI6IjZhMjM3Zjc0ZGFiYzgxNGRiYmJiZWViZCIsInJvbGUiOiJBRE1JTiIsImlhdCI6MTc4MTA3NjE0MiwiZXhwIjoxNzgzNjY4MTQyfQ.Q7ewQVOSKp2S1FR0wlcnvvJjHmvglkRugwpAc8ccfLg
URL: /, Token: eyJhbGciOiJIUzI1NiIsInR5cCI6IkpXVCJ9.eyJpZCI6IjZhMjM3Zjc0ZGFiYzgxNGRiYmJiZWViZCIsInJvbGUiOiJBRE1JTiIsImlhdCI6MTc4MTA3NjE0MiwiZXhwIjoxNzgzNjY4MTQyfQ.Q7ewQVOSKp2S1FR0wlcnvvJjHmvglkRugwpAc8ccfLg
URL: /, Token: eyJhbGciOiJIUzI1NiIsInR5cCI6IkpXVCJ9.eyJpZCI6IjZhMjM3Zjc0ZGFiYzgxNGRiYmJiZWViZCIsInJvbGUiOiJBRE1JTiIsImlhdCI6MTc4MTA3NjE0MiwiZXhwIjoxNzgzNjY4MTQyfQ.Q7ewQVOSKp2S1FR0wlcnvvJjHmvglkRugwpAc8ccfLg
URL: /, Token: eyJhbGciOiJIUzI1NiIsInR5cCI6IkpXVCJ9.eyJpZCI6IjZhMjM3Zjc0ZGFiYzgxNGRiYmJiZWViZCIsInJvbGUiOiJBRE1JTiIsImlhdCI6MTc4MTA3NjE0MiwiZXhwIjoxNzgzNjY4MTQyfQ.Q7ewQVOSKp2S1FR0wlcnvvJjHmvglkRugwpAc8ccfLg
URL: /, Token: eyJhbGciOiJIUzI1NiIsInR5cCI6IkpXVCJ9.eyJpZCI6IjZhMjM3Zjc0ZGFiYzgxNGRiYmJiZWViZCIsInJvbGUiOiJBRE1JTiIsImlhdCI6MTc4MTA3NjE0MiwiZXhwIjoxNzgzNjY4MTQyfQ.Q7ewQVOSKp2S1FR0wlcnvvJjHmvglkRugwpAc8ccfLg
URL: /, Token: eyJhbGciOiJIUzI1NiIsInR5cCI6IkpXVCJ9.eyJpZCI6IjZhMjM3Zjc0ZGFiYzgxNGRiYmJiZWViZCIsInJvbGUiOiJBRE1JTiIsImlhdCI6MTc4MTA3NjE0MiwiZXhwIjoxNzgzNjY4MTQyfQ.Q7ewQVOSKp2S1FR0wlcnvvJjHmvglkRugwpAc8ccfLg
URL: /, Token: eyJhbGciOiJIUzI1NiIsInR5cCI6IkpXVCJ9.eyJpZCI6IjZhMjM3Zjc0ZGFiYzgxNGRiYmJiZWViZCIsInJvbGUiOiJBRE1JTiIsImlhdCI6MTc4MTA3NjE0MiwiZXhwIjoxNzgzNjY4MTQyfQ.Q7ewQVOSKp2S1FR0wlcnvvJjHmvglkRugwpAc8ccfLg
URL: /, Token: eyJhbGciOiJIUzI1NiIsInR5cCI6IkpXVCJ9.eyJpZCI6IjZhMjM3Zjc0ZGFiYzgxNGRiYmJiZWViZCIsInJvbGUiOiJBRE1JTiIsImlhdCI6MTc4MTA3NjE0MiwiZXhwIjoxNzgzNjY4MTQyfQ.Q7ewQVOSKp2S1FR0wlcnvvJjHmvglkRugwpAc8ccfLg
URL: /, Token: eyJhbGciOiJIUzI1NiIsInR5cCI6IkpXVCJ9.eyJpZCI6IjZhMjM3Zjc0ZGFiYzgxNGRiYmJiZWViZCIsInJvbGUiOiJBRE1JTiIsImlhdCI6MTc4MTA3NjE0MiwiZXhwIjoxNzgzNjY4MTQyfQ.Q7ewQVOSKp2S1FR0wlcnvvJjHmvglkRugwpAc8ccfLg
URL: /, Token: eyJhbGciOiJIUzI1NiIsInR5cCI6IkpXVCJ9.eyJpZCI6IjZhMjM3Zjc0ZGFiYzgxNGRiYmJiZWViZCIsInJvbGUiOiJBRE1JTiIsImlhdCI6MTc4MTA3NjE0MiwiZXhwIjoxNzgzNjY4MTQyfQ.Q7ewQVOSKp2S1FR0wlcnvvJjHmvglkRugwpAc8ccfLg
URL: /, Token: eyJhbGciOiJIUzI1NiIsInR5cCI6IkpXVCJ9.eyJpZCI6IjZhMjM3Zjc0ZGFiYzgxNGRiYmJiZWViZCIsInJvbGUiOiJBRE1JTiIsImlhdCI6MTc4MTA3NjE0MiwiZXhwIjoxNzgzNjY4MTQyfQ.Q7ewQVOSKp2S1FR0wlcnvvJjHmvglkRugwpAc8ccfLg
URL: /, Token: eyJhbGciOiJIUzI1NiIsInR5cCI6IkpXVCJ9.eyJpZCI6IjZhMjM3Zjc0ZGFiYzgxNGRiYmJiZWViZCIsInJvbGUiOiJBRE1JTiIsImlhdCI6MTc4MTA3NjE0MiwiZXhwIjoxNzgzNjY4MTQyfQ.Q7ewQVOSKp2S1FR0wlcnvvJjHmvglkRugwpAc8ccfLg
URL: /, Token: eyJhbGciOiJIUzI1NiIsInR5cCI6IkpXVCJ9.eyJpZCI6IjZhMjM3Zjc0ZGFiYzgxNGRiYmJiZWViZCIsInJvbGUiOiJBRE1JTiIsImlhdCI6MTc4MTA3NjE0MiwiZXhwIjoxNzgzNjY4MTQyfQ.Q7ewQVOSKp2S1FR0wlcnvvJjHmvglkRugwpAc8ccfLg
URL: /, Token: eyJhbGciOiJIUzI1NiIsInR5cCI6IkpXVCJ9.eyJpZCI6IjZhMjM3Zjc0ZGFiYzgxNGRiYmJiZWViZCIsInJvbGUiOiJBRE1JTiIsImlhdCI6MTc4MTA3NjE0MiwiZXhwIjoxNzgzNjY4MTQyfQ.Q7ewQVOSKp2S1FR0wlcnvvJjHmvglkRugwpAc8ccfLg
URL: /, Token: eyJhbGciOiJIUzI1NiIsInR5cCI6IkpXVCJ9.eyJpZCI6IjZhMjM3Zjc0ZGFiYzgxNGRiYmJiZWViZCIsInJvbGUiOiJBRE1JTiIsImlhdCI6MTc4MTA3NjE0MiwiZXhwIjoxNzgzNjY4MTQyfQ.Q7ewQVOSKp2S1FR0wlcnvvJjHmvglkRugwpAc8ccfLg
URL: /, Token: eyJhbGciOiJIUzI1NiIsInR5cCI6IkpXVCJ9.eyJpZCI6IjZhMjM3Zjc0ZGFiYzgxNGRiYmJiZWViZCIsInJvbGUiOiJBRE1JTiIsImlhdCI6MTc4MTA3NjE0MiwiZXhwIjoxNzgzNjY4MTQyfQ.Q7ewQVOSKp2S1FR0wlcnvvJjHmvglkRugwpAc8ccfLg
URL: /, Token: eyJhbGciOiJIUzI1NiIsInR5cCI6IkpXVCJ9.eyJpZCI6IjZhMjM3Zjc0ZGFiYzgxNGRiYmJiZWViZCIsInJvbGUiOiJBRE1JTiIsImlhdCI6MTc4MTA3NjE0MiwiZXhwIjoxNzgzNjY4MTQyfQ.Q7ewQVOSKp2S1FR0wlcnvvJjHmvglkRugwpAc8ccfLg
URL: /, Token: eyJhbGciOiJIUzI1NiIsInR5cCI6IkpXVCJ9.eyJpZCI6IjZhMjM3Zjc0ZGFiYzgxNGRiYmJiZWViZCIsInJvbGUiOiJBRE1JTiIsImlhdCI6MTc4MTA3NjE0MiwiZXhwIjoxNzgzNjY4MTQyfQ.Q7ewQVOSKp2S1FR0wlcnvvJjHmvglkRugwpAc8ccfLg
URL: /, Token: eyJhbGciOiJIUzI1NiIsInR5cCI6IkpXVCJ9.eyJpZCI6IjZhMjM3Zjc0ZGFiYzgxNGRiYmJiZWViZCIsInJvbGUiOiJBRE1JTiIsImlhdCI6MTc4MTA3NjE0MiwiZXhwIjoxNzgzNjY4MTQyfQ.Q7ewQVOSKp2S1FR0wlcnvvJjHmvglkRugwpAc8ccfLg
URL: /, Token: eyJhbGciOiJIUzI1NiIsInR5cCI6IkpXVCJ9.eyJpZCI6IjZhMjM3Zjc0ZGFiYzgxNGRiYmJiZWViZCIsInJvbGUiOiJBRE1JTiIsImlhdCI6MTc4MTA3NjE0MiwiZXhwIjoxNzgzNjY4MTQyfQ.Q7ewQVOSKp2S1FR0wlcnvvJjHmvglkRugwpAc8ccfLg
URL: /, Token: eyJhbGciOiJIUzI1NiIsInR5cCI6IkpXVCJ9.eyJpZCI6IjZhMjM3Zjc0ZGFiYzgxNGRiYmJiZWViZCIsInJvbGUiOiJBRE1JTiIsImlhdCI6MTc4MTA3NjE0MiwiZXhwIjoxNzgzNjY4MTQyfQ.Q7ewQVOSKp2S1FR0wlcnvvJjHmvglkRugwpAc8ccfLg
URL: /, Token: eyJhbGciOiJIUzI1NiIsInR5cCI6IkpXVCJ9.eyJpZCI6IjZhMjM3Zjc0ZGFiYzgxNGRiYmJiZWViZCIsInJvbGUiOiJBRE1JTiIsImlhdCI6MTc4MTA3NjE0MiwiZXhwIjoxNzgzNjY4MTQyfQ.Q7ewQVOSKp2S1FR0wlcnvvJjHmvglkRugwpAc8ccfLg
URL: /, Token: eyJhbGciOiJIUzI1NiIsInR5cCI6IkpXVCJ9.eyJpZCI6IjZhMjM3Zjc0ZGFiYzgxNGRiYmJiZWViZCIsInJvbGUiOiJBRE1JTiIsImlhdCI6MTc4MTA3NjE0MiwiZXhwIjoxNzgzNjY4MTQyfQ.Q7ewQVOSKp2S1FR0wlcnvvJjHmvglkRugwpAc8ccfLg
URL: /, Token: eyJhbGciOiJIUzI1NiIsInR5cCI6IkpXVCJ9.eyJpZCI6IjZhMjM3Zjc0ZGFiYzgxNGRiYmJiZWViZCIsInJvbGUiOiJBRE1JTiIsImlhdCI6MTc4MTA3NjE0MiwiZXhwIjoxNzgzNjY4MTQyfQ.Q7ewQVOSKp2S1FR0wlcnvvJjHmvglkRugwpAc8ccfLg
URL: /, Token: eyJhbGciOiJIUzI1NiIsInR5cCI6IkpXVCJ9.eyJpZCI6IjZhMjM3Zjc0ZGFiYzgxNGRiYmJiZWViZCIsInJvbGUiOiJBRE1JTiIsImlhdCI6MTc4MTA3NjE0MiwiZXhwIjoxNzgzNjY4MTQyfQ.Q7ewQVOSKp2S1FR0wlcnvvJjHmvglkRugwpAc8ccfLg
URL: /, Token: eyJhbGciOiJIUzI1NiIsInR5cCI6IkpXVCJ9.eyJpZCI6IjZhMjM3Zjc0ZGFiYzgxNGRiYmJiZWViZCIsInJvbGUiOiJBRE1JTiIsImlhdCI6MTc4MTA3NjE0MiwiZXhwIjoxNzgzNjY4MTQyfQ.Q7ewQVOSKp2S1FR0wlcnvvJjHmvglkRugwpAc8ccfLg
URL: /, Token: eyJhbGciOiJIUzI1NiIsInR5cCI6IkpXVCJ9.eyJpZCI6IjZhMjM3Zjc0ZGFiYzgxNGRiYmJiZWViZCIsInJvbGUiOiJBRE1JTiIsImlhdCI6MTc4MTA3NjE0MiwiZXhwIjoxNzgzNjY4MTQyfQ.Q7ewQVOSKp2S1FR0wlcnvvJjHmvglkRugwpAc8ccfLg
URL: /, Token: eyJhbGciOiJIUzI1NiIsInR5cCI6IkpXVCJ9.eyJpZCI6IjZhMjM3Zjc0ZGFiYzgxNGRiYmJiZWViZCIsInJvbGUiOiJBRE1JTiIsImlhdCI6MTc4MTA3NjE0MiwiZXhwIjoxNzgzNjY4MTQyfQ.Q7ewQVOSKp2S1FR0wlcnvvJjHmvglkRugwpAc8ccfLg
URL: /, Token: eyJhbGciOiJIUzI1NiIsInR5cCI6IkpXVCJ9.eyJpZCI6IjZhMjM3Zjc0ZGFiYzgxNGRiYmJiZWViZCIsInJvbGUiOiJBRE1JTiIsImlhdCI6MTc4MTA3NjE0MiwiZXhwIjoxNzgzNjY4MTQyfQ.Q7ewQVOSKp2S1FR0wlcnvvJjHmvglkRugwpAc8ccfLg
URL: /, Token: eyJhbGciOiJIUzI1NiIsInR5cCI6IkpXVCJ9.eyJpZCI6IjZhMjM3Zjc0ZGFiYzgxNGRiYmJiZWViZCIsInJvbGUiOiJBRE1JTiIsImlhdCI6MTc4MTA3NjE0MiwiZXhwIjoxNzgzNjY4MTQyfQ.Q7ewQVOSKp2S1FR0wlcnvvJjHmvglkRugwpAc8ccfLg
URL: /, Token: eyJhbGciOiJIUzI1NiIsInR5cCI6IkpXVCJ9.eyJpZCI6IjZhMjM3Zjc0ZGFiYzgxNGRiYmJiZWViZCIsInJvbGUiOiJBRE1JTiIsImlhdCI6MTc4MTA3NjE0MiwiZXhwIjoxNzgzNjY4MTQyfQ.Q7ewQVOSKp2S1FR0wlcnvvJjHmvglkRugwpAc8ccfLg
URL: /profile, Token: eyJhbGciOiJIUzI1NiIsInR5cCI6IkpXVCJ9.eyJpZCI6IjZhMjM3Zjc0ZGFiYzgxNGRiYmJiZWViZCIsInJvbGUiOiJBRE1JTiIsImlhdCI6MTc4MTA3NjE0MiwiZXhwIjoxNzgzNjY4MTQyfQ.Q7ewQVOSKp2S1FR0wlcnvvJjHmvglkRugwpAc8ccfLg
URL: /, Token: eyJhbGciOiJIUzI1NiIsInR5cCI6IkpXVCJ9.eyJpZCI6IjZhMjM3Zjc0ZGFiYzgxNGRiYmJiZWViZCIsInJvbGUiOiJBRE1JTiIsImlhdCI6MTc4MTA3NjE0MiwiZXhwIjoxNzgzNjY4MTQyfQ.Q7ewQVOSKp2S1FR0wlcnvvJjHmvglkRugwpAc8ccfLg
URL: /, Token: eyJhbGciOiJIUzI1NiIsInR5cCI6IkpXVCJ9.eyJpZCI6IjZhMjM3Zjc0ZGFiYzgxNGRiYmJiZWViZCIsInJvbGUiOiJBRE1JTiIsImlhdCI6MTc4MTA3NjE0MiwiZXhwIjoxNzgzNjY4MTQyfQ.Q7ewQVOSKp2S1FR0wlcnvvJjHmvglkRugwpAc8ccfLg
URL: /, Token: eyJhbGciOiJIUzI1NiIsInR5cCI6IkpXVCJ9.eyJpZCI6IjZhMjM3Zjc0ZGFiYzgxNGRiYmJiZWViZCIsInJvbGUiOiJBRE1JTiIsImlhdCI6MTc4MTA3NjE0MiwiZXhwIjoxNzgzNjY4MTQyfQ.Q7ewQVOSKp2S1FR0wlcnvvJjHmvglkRugwpAc8ccfLg
URL: /profile, Token: eyJhbGciOiJIUzI1NiIsInR5cCI6IkpXVCJ9.eyJpZCI6IjZhMjM3Zjc0ZGFiYzgxNGRiYmJiZWViZCIsInJvbGUiOiJBRE1JTiIsImlhdCI6MTc4MTA3NjE0MiwiZXhwIjoxNzgzNjY4MTQyfQ.Q7ewQVOSKp2S1FR0wlcnvvJjHmvglkRugwpAc8ccfLg
URL: /, Token: eyJhbGciOiJIUzI1NiIsInR5cCI6IkpXVCJ9.eyJpZCI6IjZhMjM3Zjc0ZGFiYzgxNGRiYmJiZWViZCIsInJvbGUiOiJBRE1JTiIsImlhdCI6MTc4MTA3NjE0MiwiZXhwIjoxNzgzNjY4MTQyfQ.Q7ewQVOSKp2S1FR0wlcnvvJjHmvglkRugwpAc8ccfLg
URL: /, Token: eyJhbGciOiJIUzI1NiIsInR5cCI6IkpXVCJ9.eyJpZCI6IjZhMjM3Zjc0ZGFiYzgxNGRiYmJiZWViZCIsInJvbGUiOiJBRE1JTiIsImlhdCI6MTc4MTA3NjE0MiwiZXhwIjoxNzgzNjY4MTQyfQ.Q7ewQVOSKp2S1FR0wlcnvvJjHmvglkRugwpAc8ccfLg
URL: /, Token: eyJhbGciOiJIUzI1NiIsInR5cCI6IkpXVCJ9.eyJpZCI6IjZhMjM3Zjc0ZGFiYzgxNGRiYmJiZWViZCIsInJvbGUiOiJBRE1JTiIsImlhdCI6MTc4MTA3NjE0MiwiZXhwIjoxNzgzNjY4MTQyfQ.Q7ewQVOSKp2S1FR0wlcnvvJjHmvglkRugwpAc8ccfLg
URL: /, Token: eyJhbGciOiJIUzI1NiIsInR5cCI6IkpXVCJ9.eyJpZCI6IjZhMjM3Zjc0ZGFiYzgxNGRiYmJiZWViZCIsInJvbGUiOiJBRE1JTiIsImlhdCI6MTc4MTA3NjE0MiwiZXhwIjoxNzgzNjY4MTQyfQ.Q7ewQVOSKp2S1FR0wlcnvvJjHmvglkRugwpAc8ccfLg
URL: /, Token: eyJhbGciOiJIUzI1NiIsInR5cCI6IkpXVCJ9.eyJpZCI6IjZhMjM3Zjc0ZGFiYzgxNGRiYmJiZWViZCIsInJvbGUiOiJBRE1JTiIsImlhdCI6MTc4MTA3NjE0MiwiZXhwIjoxNzgzNjY4MTQyfQ.Q7ewQVOSKp2S1FR0wlcnvvJjHmvglkRugwpAc8ccfLg
URL: /dashboard, Token: eyJhbGciOiJIUzI1NiIsInR5cCI6IkpXVCJ9.eyJpZCI6IjZhMjM3Zjc0ZGFiYzgxNGRiYmJiZWViZCIsInJvbGUiOiJBRE1JTiIsImlhdCI6MTc4MTA3NjE0MiwiZXhwIjoxNzgzNjY4MTQyfQ.Q7ewQVOSKp2S1FR0wlcnvvJjHmvglkRugwpAc8ccfLg
URL: /, Token: eyJhbGciOiJIUzI1NiIsInR5cCI6IkpXVCJ9.eyJpZCI6IjZhMjM3Zjc0ZGFiYzgxNGRiYmJiZWViZCIsInJvbGUiOiJBRE1JTiIsImlhdCI6MTc4MTA3NjE0MiwiZXhwIjoxNzgzNjY4MTQyfQ.Q7ewQVOSKp2S1FR0wlcnvvJjHmvglkRugwpAc8ccfLg
URL: /, Token: eyJhbGciOiJIUzI1NiIsInR5cCI6IkpXVCJ9.eyJpZCI6IjZhMjM3Zjc0ZGFiYzgxNGRiYmJiZWViZCIsInJvbGUiOiJBRE1JTiIsImlhdCI6MTc4MTA3NjE0MiwiZXhwIjoxNzgzNjY4MTQyfQ.Q7ewQVOSKp2S1FR0wlcnvvJjHmvglkRugwpAc8ccfLg
URL: /, Token: eyJhbGciOiJIUzI1NiIsInR5cCI6IkpXVCJ9.eyJpZCI6IjZhMjM3Zjc0ZGFiYzgxNGRiYmJiZWViZCIsInJvbGUiOiJBRE1JTiIsImlhdCI6MTc4MTA3NjE0MiwiZXhwIjoxNzgzNjY4MTQyfQ.Q7ewQVOSKp2S1FR0wlcnvvJjHmvglkRugwpAc8ccfLg
URL: /dashboard, Token: eyJhbGciOiJIUzI1NiIsInR5cCI6IkpXVCJ9.eyJpZCI6IjZhMjM3Zjc0ZGFiYzgxNGRiYmJiZWViZCIsInJvbGUiOiJBRE1JTiIsImlhdCI6MTc4MTA3NjE0MiwiZXhwIjoxNzgzNjY4MTQyfQ.Q7ewQVOSKp2S1FR0wlcnvvJjHmvglkRugwpAc8ccfLg
URL: /dashboard, Token: eyJhbGciOiJIUzI1NiIsInR5cCI6IkpXVCJ9.eyJpZCI6IjZhMjM3Zjc0ZGFiYzgxNGRiYmJiZWViZCIsInJvbGUiOiJBRE1JTiIsImlhdCI6MTc4MTA3NjE0MiwiZXhwIjoxNzgzNjY4MTQyfQ.Q7ewQVOSKp2S1FR0wlcnvvJjHmvglkRugwpAc8ccfLg
URL: /, Token: eyJhbGciOiJIUzI1NiIsInR5cCI6IkpXVCJ9.eyJpZCI6IjZhMjM3Zjc0ZGFiYzgxNGRiYmJiZWViZCIsInJvbGUiOiJBRE1JTiIsImlhdCI6MTc4MTA3NjE0MiwiZXhwIjoxNzgzNjY4MTQyfQ.Q7ewQVOSKp2S1FR0wlcnvvJjHmvglkRugwpAc8ccfLg
URL: /, Token: eyJhbGciOiJIUzI1NiIsInR5cCI6IkpXVCJ9.eyJpZCI6IjZhMjM3Zjc0ZGFiYzgxNGRiYmJiZWViZCIsInJvbGUiOiJBRE1JTiIsImlhdCI6MTc4MTA3NjE0MiwiZXhwIjoxNzgzNjY4MTQyfQ.Q7ewQVOSKp2S1FR0wlcnvvJjHmvglkRugwpAc8ccfLg
URL: /, Token: eyJhbGciOiJIUzI1NiIsInR5cCI6IkpXVCJ9.eyJpZCI6IjZhMjM3Zjc0ZGFiYzgxNGRiYmJiZWViZCIsInJvbGUiOiJBRE1JTiIsImlhdCI6MTc4MTA3NjE0MiwiZXhwIjoxNzgzNjY4MTQyfQ.Q7ewQVOSKp2S1FR0wlcnvvJjHmvglkRugwpAc8ccfLg
URL: /, Token: eyJhbGciOiJIUzI1NiIsInR5cCI6IkpXVCJ9.eyJpZCI6IjZhMjM3Zjc0ZGFiYzgxNGRiYmJiZWViZCIsInJvbGUiOiJBRE1JTiIsImlhdCI6MTc4MTA3NjE0MiwiZXhwIjoxNzgzNjY4MTQyfQ.Q7ewQVOSKp2S1FR0wlcnvvJjHmvglkRugwpAc8ccfLg
URL: /, Token: eyJhbGciOiJIUzI1NiIsInR5cCI6IkpXVCJ9.eyJpZCI6IjZhMjM3Zjc0ZGFiYzgxNGRiYmJiZWViZCIsInJvbGUiOiJBRE1JTiIsImlhdCI6MTc4MTA3NjE0MiwiZXhwIjoxNzgzNjY4MTQyfQ.Q7ewQVOSKp2S1FR0wlcnvvJjHmvglkRugwpAc8ccfLg
URL: /, Token: eyJhbGciOiJIUzI1NiIsInR5cCI6IkpXVCJ9.eyJpZCI6IjZhMjM3Zjc0ZGFiYzgxNGRiYmJiZWViZCIsInJvbGUiOiJBRE1JTiIsImlhdCI6MTc4MTA3NjE0MiwiZXhwIjoxNzgzNjY4MTQyfQ.Q7ewQVOSKp2S1FR0wlcnvvJjHmvglkRugwpAc8ccfLg
URL: /, Token: eyJhbGciOiJIUzI1NiIsInR5cCI6IkpXVCJ9.eyJpZCI6IjZhMjM3Zjc0ZGFiYzgxNGRiYmJiZWViZCIsInJvbGUiOiJBRE1JTiIsImlhdCI6MTc4MTA3NjE0MiwiZXhwIjoxNzgzNjY4MTQyfQ.Q7ewQVOSKp2S1FR0wlcnvvJjHmvglkRugwpAc8ccfLg
URL: /, Token: eyJhbGciOiJIUzI1NiIsInR5cCI6IkpXVCJ9.eyJpZCI6IjZhMjM3Zjc0ZGFiYzgxNGRiYmJiZWViZCIsInJvbGUiOiJBRE1JTiIsImlhdCI6MTc4MTA3NjE0MiwiZXhwIjoxNzgzNjY4MTQyfQ.Q7ewQVOSKp2S1FR0wlcnvvJjHmvglkRugwpAc8ccfLg
URL: /, Token: eyJhbGciOiJIUzI1NiIsInR5cCI6IkpXVCJ9.eyJpZCI6IjZhMjM3Zjc0ZGFiYzgxNGRiYmJiZWViZCIsInJvbGUiOiJBRE1JTiIsImlhdCI6MTc4MTA3NjE0MiwiZXhwIjoxNzgzNjY4MTQyfQ.Q7ewQVOSKp2S1FR0wlcnvvJjHmvglkRugwpAc8ccfLg
URL: /, Token: eyJhbGciOiJIUzI1NiIsInR5cCI6IkpXVCJ9.eyJpZCI6IjZhMjM3Zjc0ZGFiYzgxNGRiYmJiZWViZCIsInJvbGUiOiJBRE1JTiIsImlhdCI6MTc4MTA3NjE0MiwiZXhwIjoxNzgzNjY4MTQyfQ.Q7ewQVOSKp2S1FR0wlcnvvJjHmvglkRugwpAc8ccfLg
URL: /, Token: eyJhbGciOiJIUzI1NiIsInR5cCI6IkpXVCJ9.eyJpZCI6IjZhMjM3Zjc0ZGFiYzgxNGRiYmJiZWViZCIsInJvbGUiOiJBRE1JTiIsImlhdCI6MTc4MTA3NjE0MiwiZXhwIjoxNzgzNjY4MTQyfQ.Q7ewQVOSKp2S1FR0wlcnvvJjHmvglkRugwpAc8ccfLg
URL: /me, Token: eyJhbGciOiJIUzI1NiIsInR5cCI6IkpXVCJ9.eyJpZCI6IjZhMjMwMWI1YjBjNDBhNjJmZWZhMWIxMCIsInJvbGUiOiJVU0VSIiwiaWF0IjoxNzgwOTAzNTY1LCJleHAiOjE3ODM0OTU1NjV9.FQ-j916qT6CcnJjD8AFYsb16f39T5F2fQiyoAuRpTJ0
URL: /me, Token: eyJhbGciOiJIUzI1NiIsInR5cCI6IkpXVCJ9.eyJpZCI6IjZhMjMwMWI1YjBjNDBhNjJmZWZhMWIxMCIsInJvbGUiOiJVU0VSIiwiaWF0IjoxNzgwOTAzNTY1LCJleHAiOjE3ODM0OTU1NjV9.FQ-j916qT6CcnJjD8AFYsb16f39T5F2fQiyoAuRpTJ0
URL: /me, Token: eyJhbGciOiJIUzI1NiIsInR5cCI6IkpXVCJ9.eyJpZCI6IjZhMjMwMWI1YjBjNDBhNjJmZWZhMWIxMCIsInJvbGUiOiJVU0VSIiwiaWF0IjoxNzgwOTAzNTY1LCJleHAiOjE3ODM0OTU1NjV9.FQ-j916qT6CcnJjD8AFYsb16f39T5F2fQiyoAuRpTJ0
URL: /me, Token: eyJhbGciOiJIUzI1NiIsInR5cCI6IkpXVCJ9.eyJpZCI6IjZhMjMwMWI1YjBjNDBhNjJmZWZhMWIxMCIsInJvbGUiOiJVU0VSIiwiaWF0IjoxNzgwOTAzNTY1LCJleHAiOjE3ODM0OTU1NjV9.FQ-j916qT6CcnJjD8AFYsb16f39T5F2fQiyoAuRpTJ0
URL: /me, Token: eyJhbGciOiJIUzI1NiIsInR5cCI6IkpXVCJ9.eyJpZCI6IjZhMjMwMWI1YjBjNDBhNjJmZWZhMWIxMCIsInJvbGUiOiJVU0VSIiwiaWF0IjoxNzgwOTAzNTY1LCJleHAiOjE3ODM0OTU1NjV9.FQ-j916qT6CcnJjD8AFYsb16f39T5F2fQiyoAuRpTJ0
URL: /me, Token: eyJhbGciOiJIUzI1NiIsInR5cCI6IkpXVCJ9.eyJpZCI6IjZhMjMwMWI1YjBjNDBhNjJmZWZhMWIxMCIsInJvbGUiOiJVU0VSIiwiaWF0IjoxNzgwOTAzNTY1LCJleHAiOjE3ODM0OTU1NjV9.FQ-j916qT6CcnJjD8AFYsb16f39T5F2fQiyoAuRpTJ0
URL: /me, Token: eyJhbGciOiJIUzI1NiIsInR5cCI6IkpXVCJ9.eyJpZCI6IjZhMjMwMWI1YjBjNDBhNjJmZWZhMWIxMCIsInJvbGUiOiJVU0VSIiwiaWF0IjoxNzgwOTAzNTY1LCJleHAiOjE3ODM0OTU1NjV9.FQ-j916qT6CcnJjD8AFYsb16f39T5F2fQiyoAuRpTJ0
URL: /me, Token: eyJhbGciOiJIUzI1NiIsInR5cCI6IkpXVCJ9.eyJpZCI6IjZhMjMwMWI1YjBjNDBhNjJmZWZhMWIxMCIsInJvbGUiOiJVU0VSIiwiaWF0IjoxNzgwOTAzNTY1LCJleHAiOjE3ODM0OTU1NjV9.FQ-j916qT6CcnJjD8AFYsb16f39T5F2fQiyoAuRpTJ0
URL: /, Token: eyJhbGciOiJIUzI1NiIsInR5cCI6IkpXVCJ9.eyJpZCI6IjZhMjM3Zjc0ZGFiYzgxNGRiYmJiZWViZCIsInJvbGUiOiJBRE1JTiIsImlhdCI6MTc4MTA3NjE0MiwiZXhwIjoxNzgzNjY4MTQyfQ.Q7ewQVOSKp2S1FR0wlcnvvJjHmvglkRugwpAc8ccfLg
URL: /, Token: eyJhbGciOiJIUzI1NiIsInR5cCI6IkpXVCJ9.eyJpZCI6IjZhMjM3Zjc0ZGFiYzgxNGRiYmJiZWViZCIsInJvbGUiOiJBRE1JTiIsImlhdCI6MTc4MTA3NjE0MiwiZXhwIjoxNzgzNjY4MTQyfQ.Q7ewQVOSKp2S1FR0wlcnvvJjHmvglkRugwpAc8ccfLg
URL: /me, Token: eyJhbGciOiJIUzI1NiIsInR5cCI6IkpXVCJ9.eyJpZCI6IjZhMjMwMWI1YjBjNDBhNjJmZWZhMWIxMCIsInJvbGUiOiJVU0VSIiwiaWF0IjoxNzgwODkwNzM5LCJleHAiOjE3ODM0ODI3Mzl9.P853eHpPkPs78cv4g29n5uUHm88KtuwKO9Wz89ULjx4
URL: /me, Token: eyJhbGciOiJIUzI1NiIsInR5cCI6IkpXVCJ9.eyJpZCI6IjZhMjMwMWI1YjBjNDBhNjJmZWZhMWIxMCIsInJvbGUiOiJVU0VSIiwiaWF0IjoxNzgwODkwNzM5LCJleHAiOjE3ODM0ODI3Mzl9.P853eHpPkPs78cv4g29n5uUHm88KtuwKO9Wz89ULjx4
URL: /me, Token: eyJhbGciOiJIUzI1NiIsInR5cCI6IkpXVCJ9.eyJpZCI6IjZhMjMwMWI1YjBjNDBhNjJmZWZhMWIxMCIsInJvbGUiOiJVU0VSIiwiaWF0IjoxNzgwODkwNzM5LCJleHAiOjE3ODM0ODI3Mzl9.P853eHpPkPs78cv4g29n5uUHm88KtuwKO9Wz89ULjx4
URL: /, Token: eyJhbGciOiJIUzI1NiIsInR5cCI6IkpXVCJ9.eyJpZCI6IjZhMjM3Zjc0ZGFiYzgxNGRiYmJiZWViZCIsInJvbGUiOiJBRE1JTiIsImlhdCI6MTc4MDg5MTIzOCwiZXhwIjoxNzgzNDgzMjM4fQ.JwB419v-5yMrKzkIqHj3QmqTRIlmC4bWyRjgUB4iqvY
URL: /, Token: eyJhbGciOiJIUzI1NiIsInR5cCI6IkpXVCJ9.eyJpZCI6IjZhMjM3Zjc0ZGFiYzgxNGRiYmJiZWViZCIsInJvbGUiOiJBRE1JTiIsImlhdCI6MTc4MDg5MTIzOCwiZXhwIjoxNzgzNDgzMjM4fQ.JwB419v-5yMrKzkIqHj3QmqTRIlmC4bWyRjgUB4iqvY
URL: /, Token: eyJhbGciOiJIUzI1NiIsInR5cCI6IkpXVCJ9.eyJpZCI6IjZhMjM3Zjc0ZGFiYzgxNGRiYmJiZWViZCIsInJvbGUiOiJBRE1JTiIsImlhdCI6MTc4MDg5MTIzOCwiZXhwIjoxNzgzNDgzMjM4fQ.JwB419v-5yMrKzkIqHj3QmqTRIlmC4bWyRjgUB4iqvY
URL: /, Token: eyJhbGciOiJIUzI1NiIsInR5cCI6IkpXVCJ9.eyJpZCI6IjZhMjM3Zjc0ZGFiYzgxNGRiYmJiZWViZCIsInJvbGUiOiJBRE1JTiIsImlhdCI6MTc4MDg5MTIzOCwiZXhwIjoxNzgzNDgzMjM4fQ.JwB419v-5yMrKzkIqHj3QmqTRIlmC4bWyRjgUB4iqvY
URL: /, Token: eyJhbGciOiJIUzI1NiIsInR5cCI6IkpXVCJ9.eyJpZCI6IjZhMjM3Zjc0ZGFiYzgxNGRiYmJiZWViZCIsInJvbGUiOiJBRE1JTiIsImlhdCI6MTc4MDg5MTIzOCwiZXhwIjoxNzgzNDgzMjM4fQ.JwB419v-5yMrKzkIqHj3QmqTRIlmC4bWyRjgUB4iqvY
URL: /, Token: eyJhbGciOiJIUzI1NiIsInR5cCI6IkpXVCJ9.eyJpZCI6IjZhMTZkMzk3ZTIzMDE4ZmJmNDgzYmIwYyIsInJvbGUiOiJhZG1pbiIsImlhdCI6MTc4MDI4OTQ1NywiZXhwIjoxNzgwODk0MjU3fQ.Vz9d9XlYiXjJ_RCPwBNeGmFtRJjest4P62xvuAoqZbI
JWT Error: invalid signature
URL: /dashboard?t=1781146397780, Token: eyJhbGciOiJIUzI1NiIsInR5cCI6IkpXVCJ9.eyJpZCI6IjZhMTZkMzk3ZTIzMDE4ZmJmNDgzYmIwYyIsInJvbGUiOiJhZG1pbiIsImlhdCI6MTc4MDI4OTQ1NywiZXhwIjoxNzgwODk0MjU3fQ.Vz9d9XlYiXjJ_RCPwBNeGmFtRJjest4P62xvuAoqZbI
JWT Error: invalid signature
URL: /?t=1781146397780, Token: eyJhbGciOiJIUzI1NiIsInR5cCI6IkpXVCJ9.eyJpZCI6IjZhMTZkMzk3ZTIzMDE4ZmJmNDgzYmIwYyIsInJvbGUiOiJhZG1pbiIsImlhdCI6MTc4MDI4OTQ1NywiZXhwIjoxNzgwODk0MjU3fQ.Vz9d9XlYiXjJ_RCPwBNeGmFtRJjest4P62xvuAoqZbI
JWT Error: invalid signature
URL: /dashboard?t=1781146397785, Token: eyJhbGciOiJIUzI1NiIsInR5cCI6IkpXVCJ9.eyJpZCI6IjZhMTZkMzk3ZTIzMDE4ZmJmNDgzYmIwYyIsInJvbGUiOiJhZG1pbiIsImlhdCI6MTc4MDI4OTQ1NywiZXhwIjoxNzgwODk0MjU3fQ.Vz9d9XlYiXjJ_RCPwBNeGmFtRJjest4P62xvuAoqZbI
JWT Error: invalid signature
URL: /?t=1781146397786, Token: eyJhbGciOiJIUzI1NiIsInR5cCI6IkpXVCJ9.eyJpZCI6IjZhMTZkMzk3ZTIzMDE4ZmJmNDgzYmIwYyIsInJvbGUiOiJhZG1pbiIsImlhdCI6MTc4MDI4OTQ1NywiZXhwIjoxNzgwODk0MjU3fQ.Vz9d9XlYiXjJ_RCPwBNeGmFtRJjest4P62xvuAoqZbI
JWT Error: invalid signature
URL: /, Token: eyJhbGciOiJIUzI1NiIsInR5cCI6IkpXVCJ9.eyJpZCI6IjZhMTZkMzk3ZTIzMDE4ZmJmNDgzYmIwYyIsInJvbGUiOiJhZG1pbiIsImlhdCI6MTc4MDI4OTQ1NywiZXhwIjoxNzgwODk0MjU3fQ.Vz9d9XlYiXjJ_RCPwBNeGmFtRJjest4P62xvuAoqZbI
JWT Error: invalid signature
URL: /, Token: eyJhbGciOiJIUzI1NiIsInR5cCI6IkpXVCJ9.eyJpZCI6IjZhMjM3Zjc0ZGFiYzgxNGRiYmJiZWViZCIsInJvbGUiOiJBRE1JTiIsImlhdCI6MTc4MTE0NjYyMiwiZXhwIjoxNzgzNzM4NjIyfQ.WITeqlamzWfxpy_u-BMO_-HRRueMRkZKjzQKYwAc_VU
URL: /me, Token: eyJhbGciOiJIUzI1NiIsInR5cCI6IkpXVCJ9.eyJpZCI6IjZhMjMwMWI1YjBjNDBhNjJmZWZhMWIxMCIsInJvbGUiOiJVU0VSIiwiaWF0IjoxNzgwODkwNzM5LCJleHAiOjE3ODM0ODI3Mzl9.P853eHpPkPs78cv4g29n5uUHm88KtuwKO9Wz89ULjx4
URL: /me, Token: eyJhbGciOiJIUzI1NiIsInR5cCI6IkpXVCJ9.eyJpZCI6IjZhMjMwMWI1YjBjNDBhNjJmZWZhMWIxMCIsInJvbGUiOiJVU0VSIiwiaWF0IjoxNzgwODkwNzM5LCJleHAiOjE3ODM0ODI3Mzl9.P853eHpPkPs78cv4g29n5uUHm88KtuwKO9Wz89ULjx4
URL: /categories/6a2380d71ad530491d19b882, Token: eyJhbGciOiJIUzI1NiIsInR5cCI6IkpXVCJ9.eyJpZCI6IjZhMjM3Zjc0ZGFiYzgxNGRiYmJiZWViZCIsInJvbGUiOiJBRE1JTiIsImlhdCI6MTc4MTE1ODExMiwiZXhwIjoxNzgzNzUwMTEyfQ.zaoeoqPTNDvzgzfulPknVqCGWC3z_sci8p1bTLNTKHU
URL: /, Token: eyJhbGciOiJIUzI1NiIsInR5cCI6IkpXVCJ9.eyJpZCI6IjZhMjM3Zjc0ZGFiYzgxNGRiYmJiZWViZCIsInJvbGUiOiJBRE1JTiIsImlhdCI6MTc4MTA3NjE0MiwiZXhwIjoxNzgzNjY4MTQyfQ.Q7ewQVOSKp2S1FR0wlcnvvJjHmvglkRugwpAc8ccfLg
URL: /dashboard?t=1781197615333, Token: eyJhbGciOiJIUzI1NiIsInR5cCI6IkpXVCJ9.eyJpZCI6IjZhMjM3Zjc0ZGFiYzgxNGRiYmJiZWViZCIsInJvbGUiOiJBRE1JTiIsImlhdCI6MTc4MTA3NjE0MiwiZXhwIjoxNzgzNjY4MTQyfQ.Q7ewQVOSKp2S1FR0wlcnvvJjHmvglkRugwpAc8ccfLg
URL: /?t=1781197615335, Token: eyJhbGciOiJIUzI1NiIsInR5cCI6IkpXVCJ9.eyJpZCI6IjZhMjM3Zjc0ZGFiYzgxNGRiYmJiZWViZCIsInJvbGUiOiJBRE1JTiIsImlhdCI6MTc4MTA3NjE0MiwiZXhwIjoxNzgzNjY4MTQyfQ.Q7ewQVOSKp2S1FR0wlcnvvJjHmvglkRugwpAc8ccfLg
URL: /?t=1781197615350, Token: eyJhbGciOiJIUzI1NiIsInR5cCI6IkpXVCJ9.eyJpZCI6IjZhMjM3Zjc0ZGFiYzgxNGRiYmJiZWViZCIsInJvbGUiOiJBRE1JTiIsImlhdCI6MTc4MTA3NjE0MiwiZXhwIjoxNzgzNjY4MTQyfQ.Q7ewQVOSKp2S1FR0wlcnvvJjHmvglkRugwpAc8ccfLg
URL: /dashboard?t=1781197615347, Token: eyJhbGciOiJIUzI1NiIsInR5cCI6IkpXVCJ9.eyJpZCI6IjZhMjM3Zjc0ZGFiYzgxNGRiYmJiZWViZCIsInJvbGUiOiJBRE1JTiIsImlhdCI6MTc4MTA3NjE0MiwiZXhwIjoxNzgzNjY4MTQyfQ.Q7ewQVOSKp2S1FR0wlcnvvJjHmvglkRugwpAc8ccfLg
URL: /, Token: eyJhbGciOiJIUzI1NiIsInR5cCI6IkpXVCJ9.eyJpZCI6IjZhMjM3Zjc0ZGFiYzgxNGRiYmJiZWViZCIsInJvbGUiOiJBRE1JTiIsImlhdCI6MTc4MTA3NjE0MiwiZXhwIjoxNzgzNjY4MTQyfQ.Q7ewQVOSKp2S1FR0wlcnvvJjHmvglkRugwpAc8ccfLg
URL: /, Token: eyJhbGciOiJIUzI1NiIsInR5cCI6IkpXVCJ9.eyJpZCI6IjZhMjM3Zjc0ZGFiYzgxNGRiYmJiZWViZCIsInJvbGUiOiJBRE1JTiIsImlhdCI6MTc4MTA3NjE0MiwiZXhwIjoxNzgzNjY4MTQyfQ.Q7ewQVOSKp2S1FR0wlcnvvJjHmvglkRugwpAc8ccfLg
URL: /, Token: eyJhbGciOiJIUzI1NiIsInR5cCI6IkpXVCJ9.eyJpZCI6IjZhMjM3Zjc0ZGFiYzgxNGRiYmJiZWViZCIsInJvbGUiOiJBRE1JTiIsImlhdCI6MTc4MTA3NjE0MiwiZXhwIjoxNzgzNjY4MTQyfQ.Q7ewQVOSKp2S1FR0wlcnvvJjHmvglkRugwpAc8ccfLg
URL: /, Token: eyJhbGciOiJIUzI1NiIsInR5cCI6IkpXVCJ9.eyJpZCI6IjZhMjM3Zjc0ZGFiYzgxNGRiYmJiZWViZCIsInJvbGUiOiJBRE1JTiIsImlhdCI6MTc4MTA3NjE0MiwiZXhwIjoxNzgzNjY4MTQyfQ.Q7ewQVOSKp2S1FR0wlcnvvJjHmvglkRugwpAc8ccfLg
URL: /, Token: eyJhbGciOiJIUzI1NiIsInR5cCI6IkpXVCJ9.eyJpZCI6IjZhMjM3Zjc0ZGFiYzgxNGRiYmJiZWViZCIsInJvbGUiOiJBRE1JTiIsImlhdCI6MTc4MTA3NjE0MiwiZXhwIjoxNzgzNjY4MTQyfQ.Q7ewQVOSKp2S1FR0wlcnvvJjHmvglkRugwpAc8ccfLg
URL: /, Token: eyJhbGciOiJIUzI1NiIsInR5cCI6IkpXVCJ9.eyJpZCI6IjZhMjM3Zjc0ZGFiYzgxNGRiYmJiZWViZCIsInJvbGUiOiJBRE1JTiIsImlhdCI6MTc4MTA3NjE0MiwiZXhwIjoxNzgzNjY4MTQyfQ.Q7ewQVOSKp2S1FR0wlcnvvJjHmvglkRugwpAc8ccfLg
URL: /, Token: eyJhbGciOiJIUzI1NiIsInR5cCI6IkpXVCJ9.eyJpZCI6IjZhMjM3Zjc0ZGFiYzgxNGRiYmJiZWViZCIsInJvbGUiOiJBRE1JTiIsImlhdCI6MTc4MTA3NjE0MiwiZXhwIjoxNzgzNjY4MTQyfQ.Q7ewQVOSKp2S1FR0wlcnvvJjHmvglkRugwpAc8ccfLg
URL: /, Token: eyJhbGciOiJIUzI1NiIsInR5cCI6IkpXVCJ9.eyJpZCI6IjZhMjM3Zjc0ZGFiYzgxNGRiYmJiZWViZCIsInJvbGUiOiJBRE1JTiIsImlhdCI6MTc4MTA3NjE0MiwiZXhwIjoxNzgzNjY4MTQyfQ.Q7ewQVOSKp2S1FR0wlcnvvJjHmvglkRugwpAc8ccfLg
URL: /, Token: eyJhbGciOiJIUzI1NiIsInR5cCI6IkpXVCJ9.eyJpZCI6IjZhMjM3Zjc0ZGFiYzgxNGRiYmJiZWViZCIsInJvbGUiOiJBRE1JTiIsImlhdCI6MTc4MTA3NjE0MiwiZXhwIjoxNzgzNjY4MTQyfQ.Q7ewQVOSKp2S1FR0wlcnvvJjHmvglkRugwpAc8ccfLg
URL: /, Token: eyJhbGciOiJIUzI1NiIsInR5cCI6IkpXVCJ9.eyJpZCI6IjZhMjM3Zjc0ZGFiYzgxNGRiYmJiZWViZCIsInJvbGUiOiJBRE1JTiIsImlhdCI6MTc4MTA3NjE0MiwiZXhwIjoxNzgzNjY4MTQyfQ.Q7ewQVOSKp2S1FR0wlcnvvJjHmvglkRugwpAc8ccfLg
URL: /, Token: eyJhbGciOiJIUzI1NiIsInR5cCI6IkpXVCJ9.eyJpZCI6IjZhMjM3Zjc0ZGFiYzgxNGRiYmJiZWViZCIsInJvbGUiOiJBRE1JTiIsImlhdCI6MTc4MTA3NjE0MiwiZXhwIjoxNzgzNjY4MTQyfQ.Q7ewQVOSKp2S1FR0wlcnvvJjHmvglkRugwpAc8ccfLg
URL: /, Token: eyJhbGciOiJIUzI1NiIsInR5cCI6IkpXVCJ9.eyJpZCI6IjZhMjM3Zjc0ZGFiYzgxNGRiYmJiZWViZCIsInJvbGUiOiJBRE1JTiIsImlhdCI6MTc4MTA3NjE0MiwiZXhwIjoxNzgzNjY4MTQyfQ.Q7ewQVOSKp2S1FR0wlcnvvJjHmvglkRugwpAc8ccfLg
URL: /, Token: eyJhbGciOiJIUzI1NiIsInR5cCI6IkpXVCJ9.eyJpZCI6IjZhMjM3Zjc0ZGFiYzgxNGRiYmJiZWViZCIsInJvbGUiOiJBRE1JTiIsImlhdCI6MTc4MTA3NjE0MiwiZXhwIjoxNzgzNjY4MTQyfQ.Q7ewQVOSKp2S1FR0wlcnvvJjHmvglkRugwpAc8ccfLg
URL: /, Token: eyJhbGciOiJIUzI1NiIsInR5cCI6IkpXVCJ9.eyJpZCI6IjZhMjM3Zjc0ZGFiYzgxNGRiYmJiZWViZCIsInJvbGUiOiJBRE1JTiIsImlhdCI6MTc4MTA3NjE0MiwiZXhwIjoxNzgzNjY4MTQyfQ.Q7ewQVOSKp2S1FR0wlcnvvJjHmvglkRugwpAc8ccfLg
URL: /, Token: eyJhbGciOiJIUzI1NiIsInR5cCI6IkpXVCJ9.eyJpZCI6IjZhMjM3Zjc0ZGFiYzgxNGRiYmJiZWViZCIsInJvbGUiOiJBRE1JTiIsImlhdCI6MTc4MTA3NjE0MiwiZXhwIjoxNzgzNjY4MTQyfQ.Q7ewQVOSKp2S1FR0wlcnvvJjHmvglkRugwpAc8ccfLg
URL: /, Token: eyJhbGciOiJIUzI1NiIsInR5cCI6IkpXVCJ9.eyJpZCI6IjZhMjM3Zjc0ZGFiYzgxNGRiYmJiZWViZCIsInJvbGUiOiJBRE1JTiIsImlhdCI6MTc4MTA3NjE0MiwiZXhwIjoxNzgzNjY4MTQyfQ.Q7ewQVOSKp2S1FR0wlcnvvJjHmvglkRugwpAc8ccfLg
URL: /, Token: eyJhbGciOiJIUzI1NiIsInR5cCI6IkpXVCJ9.eyJpZCI6IjZhMjM3Zjc0ZGFiYzgxNGRiYmJiZWViZCIsInJvbGUiOiJBRE1JTiIsImlhdCI6MTc4MTA3NjE0MiwiZXhwIjoxNzgzNjY4MTQyfQ.Q7ewQVOSKp2S1FR0wlcnvvJjHmvglkRugwpAc8ccfLg
URL: /, Token: eyJhbGciOiJIUzI1NiIsInR5cCI6IkpXVCJ9.eyJpZCI6IjZhMjM3Zjc0ZGFiYzgxNGRiYmJiZWViZCIsInJvbGUiOiJBRE1JTiIsImlhdCI6MTc4MTA3NjE0MiwiZXhwIjoxNzgzNjY4MTQyfQ.Q7ewQVOSKp2S1FR0wlcnvvJjHmvglkRugwpAc8ccfLg
URL: /, Token: eyJhbGciOiJIUzI1NiIsInR5cCI6IkpXVCJ9.eyJpZCI6IjZhMjM3Zjc0ZGFiYzgxNGRiYmJiZWViZCIsInJvbGUiOiJBRE1JTiIsImlhdCI6MTc4MTA3NjE0MiwiZXhwIjoxNzgzNjY4MTQyfQ.Q7ewQVOSKp2S1FR0wlcnvvJjHmvglkRugwpAc8ccfLg
URL: /, Token: eyJhbGciOiJIUzI1NiIsInR5cCI6IkpXVCJ9.eyJpZCI6IjZhMjM3Zjc0ZGFiYzgxNGRiYmJiZWViZCIsInJvbGUiOiJBRE1JTiIsImlhdCI6MTc4MTA3NjE0MiwiZXhwIjoxNzgzNjY4MTQyfQ.Q7ewQVOSKp2S1FR0wlcnvvJjHmvglkRugwpAc8ccfLg
URL: /, Token: eyJhbGciOiJIUzI1NiIsInR5cCI6IkpXVCJ9.eyJpZCI6IjZhMjM3Zjc0ZGFiYzgxNGRiYmJiZWViZCIsInJvbGUiOiJBRE1JTiIsImlhdCI6MTc4MTA3NjE0MiwiZXhwIjoxNzgzNjY4MTQyfQ.Q7ewQVOSKp2S1FR0wlcnvvJjHmvglkRugwpAc8ccfLg
URL: /, Token: eyJhbGciOiJIUzI1NiIsInR5cCI6IkpXVCJ9.eyJpZCI6IjZhMjM3Zjc0ZGFiYzgxNGRiYmJiZWViZCIsInJvbGUiOiJBRE1JTiIsImlhdCI6MTc4MTA3NjE0MiwiZXhwIjoxNzgzNjY4MTQyfQ.Q7ewQVOSKp2S1FR0wlcnvvJjHmvglkRugwpAc8ccfLg
URL: /, Token: eyJhbGciOiJIUzI1NiIsInR5cCI6IkpXVCJ9.eyJpZCI6IjZhMjM3Zjc0ZGFiYzgxNGRiYmJiZWViZCIsInJvbGUiOiJBRE1JTiIsImlhdCI6MTc4MTA3NjE0MiwiZXhwIjoxNzgzNjY4MTQyfQ.Q7ewQVOSKp2S1FR0wlcnvvJjHmvglkRugwpAc8ccfLg
URL: /, Token: eyJhbGciOiJIUzI1NiIsInR5cCI6IkpXVCJ9.eyJpZCI6IjZhMjM3Zjc0ZGFiYzgxNGRiYmJiZWViZCIsInJvbGUiOiJBRE1JTiIsImlhdCI6MTc4MTA3NjE0MiwiZXhwIjoxNzgzNjY4MTQyfQ.Q7ewQVOSKp2S1FR0wlcnvvJjHmvglkRugwpAc8ccfLg
URL: /, Token: eyJhbGciOiJIUzI1NiIsInR5cCI6IkpXVCJ9.eyJpZCI6IjZhMjM3Zjc0ZGFiYzgxNGRiYmJiZWViZCIsInJvbGUiOiJBRE1JTiIsImlhdCI6MTc4MTA3NjE0MiwiZXhwIjoxNzgzNjY4MTQyfQ.Q7ewQVOSKp2S1FR0wlcnvvJjHmvglkRugwpAc8ccfLg
URL: /, Token: eyJhbGciOiJIUzI1NiIsInR5cCI6IkpXVCJ9.eyJpZCI6IjZhMjM3Zjc0ZGFiYzgxNGRiYmJiZWViZCIsInJvbGUiOiJBRE1JTiIsImlhdCI6MTc4MTA3NjE0MiwiZXhwIjoxNzgzNjY4MTQyfQ.Q7ewQVOSKp2S1FR0wlcnvvJjHmvglkRugwpAc8ccfLg
URL: /, Token: eyJhbGciOiJIUzI1NiIsInR5cCI6IkpXVCJ9.eyJpZCI6IjZhMjM3Zjc0ZGFiYzgxNGRiYmJiZWViZCIsInJvbGUiOiJBRE1JTiIsImlhdCI6MTc4MTA3NjE0MiwiZXhwIjoxNzgzNjY4MTQyfQ.Q7ewQVOSKp2S1FR0wlcnvvJjHmvglkRugwpAc8ccfLg
URL: /, Token: eyJhbGciOiJIUzI1NiIsInR5cCI6IkpXVCJ9.eyJpZCI6IjZhMjM3Zjc0ZGFiYzgxNGRiYmJiZWViZCIsInJvbGUiOiJBRE1JTiIsImlhdCI6MTc4MTA3NjE0MiwiZXhwIjoxNzgzNjY4MTQyfQ.Q7ewQVOSKp2S1FR0wlcnvvJjHmvglkRugwpAc8ccfLg
URL: /, Token: eyJhbGciOiJIUzI1NiIsInR5cCI6IkpXVCJ9.eyJpZCI6IjZhMjM3Zjc0ZGFiYzgxNGRiYmJiZWViZCIsInJvbGUiOiJBRE1JTiIsImlhdCI6MTc4MTA3NjE0MiwiZXhwIjoxNzgzNjY4MTQyfQ.Q7ewQVOSKp2S1FR0wlcnvvJjHmvglkRugwpAc8ccfLg
URL: /, Token: eyJhbGciOiJIUzI1NiIsInR5cCI6IkpXVCJ9.eyJpZCI6IjZhMjM3Zjc0ZGFiYzgxNGRiYmJiZWViZCIsInJvbGUiOiJBRE1JTiIsImlhdCI6MTc4MTA3NjE0MiwiZXhwIjoxNzgzNjY4MTQyfQ.Q7ewQVOSKp2S1FR0wlcnvvJjHmvglkRugwpAc8ccfLg
URL: /, Token: eyJhbGciOiJIUzI1NiIsInR5cCI6IkpXVCJ9.eyJpZCI6IjZhMjM3Zjc0ZGFiYzgxNGRiYmJiZWViZCIsInJvbGUiOiJBRE1JTiIsImlhdCI6MTc4MTA3NjE0MiwiZXhwIjoxNzgzNjY4MTQyfQ.Q7ewQVOSKp2S1FR0wlcnvvJjHmvglkRugwpAc8ccfLg
URL: /, Token: eyJhbGciOiJIUzI1NiIsInR5cCI6IkpXVCJ9.eyJpZCI6IjZhMjM3Zjc0ZGFiYzgxNGRiYmJiZWViZCIsInJvbGUiOiJBRE1JTiIsImlhdCI6MTc4MTA3NjE0MiwiZXhwIjoxNzgzNjY4MTQyfQ.Q7ewQVOSKp2S1FR0wlcnvvJjHmvglkRugwpAc8ccfLg
URL: /, Token: eyJhbGciOiJIUzI1NiIsInR5cCI6IkpXVCJ9.eyJpZCI6IjZhMjM3Zjc0ZGFiYzgxNGRiYmJiZWViZCIsInJvbGUiOiJBRE1JTiIsImlhdCI6MTc4MTA3NjE0MiwiZXhwIjoxNzgzNjY4MTQyfQ.Q7ewQVOSKp2S1FR0wlcnvvJjHmvglkRugwpAc8ccfLg
URL: /, Token: eyJhbGciOiJIUzI1NiIsInR5cCI6IkpXVCJ9.eyJpZCI6IjZhMjM3Zjc0ZGFiYzgxNGRiYmJiZWViZCIsInJvbGUiOiJBRE1JTiIsImlhdCI6MTc4MTA3NjE0MiwiZXhwIjoxNzgzNjY4MTQyfQ.Q7ewQVOSKp2S1FR0wlcnvvJjHmvglkRugwpAc8ccfLg
URL: /, Token: eyJhbGciOiJIUzI1NiIsInR5cCI6IkpXVCJ9.eyJpZCI6IjZhMjM3Zjc0ZGFiYzgxNGRiYmJiZWViZCIsInJvbGUiOiJBRE1JTiIsImlhdCI6MTc4MTA3NjE0MiwiZXhwIjoxNzgzNjY4MTQyfQ.Q7ewQVOSKp2S1FR0wlcnvvJjHmvglkRugwpAc8ccfLg
URL: /, Token: eyJhbGciOiJIUzI1NiIsInR5cCI6IkpXVCJ9.eyJpZCI6IjZhMjM3Zjc0ZGFiYzgxNGRiYmJiZWViZCIsInJvbGUiOiJBRE1JTiIsImlhdCI6MTc4MTA3NjE0MiwiZXhwIjoxNzgzNjY4MTQyfQ.Q7ewQVOSKp2S1FR0wlcnvvJjHmvglkRugwpAc8ccfLg
URL: /, Token: eyJhbGciOiJIUzI1NiIsInR5cCI6IkpXVCJ9.eyJpZCI6IjZhMjM3Zjc0ZGFiYzgxNGRiYmJiZWViZCIsInJvbGUiOiJBRE1JTiIsImlhdCI6MTc4MTA3NjE0MiwiZXhwIjoxNzgzNjY4MTQyfQ.Q7ewQVOSKp2S1FR0wlcnvvJjHmvglkRugwpAc8ccfLg
URL: /, Token: eyJhbGciOiJIUzI1NiIsInR5cCI6IkpXVCJ9.eyJpZCI6IjZhMjM3Zjc0ZGFiYzgxNGRiYmJiZWViZCIsInJvbGUiOiJBRE1JTiIsImlhdCI6MTc4MTA3NjE0MiwiZXhwIjoxNzgzNjY4MTQyfQ.Q7ewQVOSKp2S1FR0wlcnvvJjHmvglkRugwpAc8ccfLg
URL: /, Token: eyJhbGciOiJIUzI1NiIsInR5cCI6IkpXVCJ9.eyJpZCI6IjZhMjM3Zjc0ZGFiYzgxNGRiYmJiZWViZCIsInJvbGUiOiJBRE1JTiIsImlhdCI6MTc4MTA3NjE0MiwiZXhwIjoxNzgzNjY4MTQyfQ.Q7ewQVOSKp2S1FR0wlcnvvJjHmvglkRugwpAc8ccfLg
URL: /, Token: eyJhbGciOiJIUzI1NiIsInR5cCI6IkpXVCJ9.eyJpZCI6IjZhMjM3Zjc0ZGFiYzgxNGRiYmJiZWViZCIsInJvbGUiOiJBRE1JTiIsImlhdCI6MTc4MTA3NjE0MiwiZXhwIjoxNzgzNjY4MTQyfQ.Q7ewQVOSKp2S1FR0wlcnvvJjHmvglkRugwpAc8ccfLg
URL: /, Token: eyJhbGciOiJIUzI1NiIsInR5cCI6IkpXVCJ9.eyJpZCI6IjZhMjM3Zjc0ZGFiYzgxNGRiYmJiZWViZCIsInJvbGUiOiJBRE1JTiIsImlhdCI6MTc4MTA3NjE0MiwiZXhwIjoxNzgzNjY4MTQyfQ.Q7ewQVOSKp2S1FR0wlcnvvJjHmvglkRugwpAc8ccfLg
URL: /, Token: eyJhbGciOiJIUzI1NiIsInR5cCI6IkpXVCJ9.eyJpZCI6IjZhMjM3Zjc0ZGFiYzgxNGRiYmJiZWViZCIsInJvbGUiOiJBRE1JTiIsImlhdCI6MTc4MTA3NjE0MiwiZXhwIjoxNzgzNjY4MTQyfQ.Q7ewQVOSKp2S1FR0wlcnvvJjHmvglkRugwpAc8ccfLg
URL: /, Token: eyJhbGciOiJIUzI1NiIsInR5cCI6IkpXVCJ9.eyJpZCI6IjZhMjM3Zjc0ZGFiYzgxNGRiYmJiZWViZCIsInJvbGUiOiJBRE1JTiIsImlhdCI6MTc4MTA3NjE0MiwiZXhwIjoxNzgzNjY4MTQyfQ.Q7ewQVOSKp2S1FR0wlcnvvJjHmvglkRugwpAc8ccfLg
URL: /, Token: eyJhbGciOiJIUzI1NiIsInR5cCI6IkpXVCJ9.eyJpZCI6IjZhMjM3Zjc0ZGFiYzgxNGRiYmJiZWViZCIsInJvbGUiOiJBRE1JTiIsImlhdCI6MTc4MTA3NjE0MiwiZXhwIjoxNzgzNjY4MTQyfQ.Q7ewQVOSKp2S1FR0wlcnvvJjHmvglkRugwpAc8ccfLg
URL: /, Token: eyJhbGciOiJIUzI1NiIsInR5cCI6IkpXVCJ9.eyJpZCI6IjZhMjM3Zjc0ZGFiYzgxNGRiYmJiZWViZCIsInJvbGUiOiJBRE1JTiIsImlhdCI6MTc4MTA3NjE0MiwiZXhwIjoxNzgzNjY4MTQyfQ.Q7ewQVOSKp2S1FR0wlcnvvJjHmvglkRugwpAc8ccfLg
URL: /, Token: eyJhbGciOiJIUzI1NiIsInR5cCI6IkpXVCJ9.eyJpZCI6IjZhMjM3Zjc0ZGFiYzgxNGRiYmJiZWViZCIsInJvbGUiOiJBRE1JTiIsImlhdCI6MTc4MTA3NjE0MiwiZXhwIjoxNzgzNjY4MTQyfQ.Q7ewQVOSKp2S1FR0wlcnvvJjHmvglkRugwpAc8ccfLg
URL: /, Token: eyJhbGciOiJIUzI1NiIsInR5cCI6IkpXVCJ9.eyJpZCI6IjZhMjM3Zjc0ZGFiYzgxNGRiYmJiZWViZCIsInJvbGUiOiJBRE1JTiIsImlhdCI6MTc4MTA3NjE0MiwiZXhwIjoxNzgzNjY4MTQyfQ.Q7ewQVOSKp2S1FR0wlcnvvJjHmvglkRugwpAc8ccfLg
URL: /, Token: eyJhbGciOiJIUzI1NiIsInR5cCI6IkpXVCJ9.eyJpZCI6IjZhMjM3Zjc0ZGFiYzgxNGRiYmJiZWViZCIsInJvbGUiOiJBRE1JTiIsImlhdCI6MTc4MTA3NjE0MiwiZXhwIjoxNzgzNjY4MTQyfQ.Q7ewQVOSKp2S1FR0wlcnvvJjHmvglkRugwpAc8ccfLg
URL: /, Token: eyJhbGciOiJIUzI1NiIsInR5cCI6IkpXVCJ9.eyJpZCI6IjZhMjM3Zjc0ZGFiYzgxNGRiYmJiZWViZCIsInJvbGUiOiJBRE1JTiIsImlhdCI6MTc4MTA3NjE0MiwiZXhwIjoxNzgzNjY4MTQyfQ.Q7ewQVOSKp2S1FR0wlcnvvJjHmvglkRugwpAc8ccfLg
URL: /, Token: eyJhbGciOiJIUzI1NiIsInR5cCI6IkpXVCJ9.eyJpZCI6IjZhMjM3Zjc0ZGFiYzgxNGRiYmJiZWViZCIsInJvbGUiOiJBRE1JTiIsImlhdCI6MTc4MTA3NjE0MiwiZXhwIjoxNzgzNjY4MTQyfQ.Q7ewQVOSKp2S1FR0wlcnvvJjHmvglkRugwpAc8ccfLg
URL: /, Token: eyJhbGciOiJIUzI1NiIsInR5cCI6IkpXVCJ9.eyJpZCI6IjZhMjM3Zjc0ZGFiYzgxNGRiYmJiZWViZCIsInJvbGUiOiJBRE1JTiIsImlhdCI6MTc4MTA3NjE0MiwiZXhwIjoxNzgzNjY4MTQyfQ.Q7ewQVOSKp2S1FR0wlcnvvJjHmvglkRugwpAc8ccfLg
URL: /, Token: eyJhbGciOiJIUzI1NiIsInR5cCI6IkpXVCJ9.eyJpZCI6IjZhMjM3Zjc0ZGFiYzgxNGRiYmJiZWViZCIsInJvbGUiOiJBRE1JTiIsImlhdCI6MTc4MTA3NjE0MiwiZXhwIjoxNzgzNjY4MTQyfQ.Q7ewQVOSKp2S1FR0wlcnvvJjHmvglkRugwpAc8ccfLg
URL: /, Token: eyJhbGciOiJIUzI1NiIsInR5cCI6IkpXVCJ9.eyJpZCI6IjZhMjM3Zjc0ZGFiYzgxNGRiYmJiZWViZCIsInJvbGUiOiJBRE1JTiIsImlhdCI6MTc4MTA3NjE0MiwiZXhwIjoxNzgzNjY4MTQyfQ.Q7ewQVOSKp2S1FR0wlcnvvJjHmvglkRugwpAc8ccfLg
URL: /, Token: eyJhbGciOiJIUzI1NiIsInR5cCI6IkpXVCJ9.eyJpZCI6IjZhMjM3Zjc0ZGFiYzgxNGRiYmJiZWViZCIsInJvbGUiOiJBRE1JTiIsImlhdCI6MTc4MTA3NjE0MiwiZXhwIjoxNzgzNjY4MTQyfQ.Q7ewQVOSKp2S1FR0wlcnvvJjHmvglkRugwpAc8ccfLg
URL: /, Token: eyJhbGciOiJIUzI1NiIsInR5cCI6IkpXVCJ9.eyJpZCI6IjZhMjM3Zjc0ZGFiYzgxNGRiYmJiZWViZCIsInJvbGUiOiJBRE1JTiIsImlhdCI6MTc4MTA3NjE0MiwiZXhwIjoxNzgzNjY4MTQyfQ.Q7ewQVOSKp2S1FR0wlcnvvJjHmvglkRugwpAc8ccfLg
URL: /, Token: eyJhbGciOiJIUzI1NiIsInR5cCI6IkpXVCJ9.eyJpZCI6IjZhMjM3Zjc0ZGFiYzgxNGRiYmJiZWViZCIsInJvbGUiOiJBRE1JTiIsImlhdCI6MTc4MTA3NjE0MiwiZXhwIjoxNzgzNjY4MTQyfQ.Q7ewQVOSKp2S1FR0wlcnvvJjHmvglkRugwpAc8ccfLg
URL: /, Token: eyJhbGciOiJIUzI1NiIsInR5cCI6IkpXVCJ9.eyJpZCI6IjZhMjM3Zjc0ZGFiYzgxNGRiYmJiZWViZCIsInJvbGUiOiJBRE1JTiIsImlhdCI6MTc4MTA3NjE0MiwiZXhwIjoxNzgzNjY4MTQyfQ.Q7ewQVOSKp2S1FR0wlcnvvJjHmvglkRugwpAc8ccfLg
URL: /, Token: eyJhbGciOiJIUzI1NiIsInR5cCI6IkpXVCJ9.eyJpZCI6IjZhMjM3Zjc0ZGFiYzgxNGRiYmJiZWViZCIsInJvbGUiOiJBRE1JTiIsImlhdCI6MTc4MTA3NjE0MiwiZXhwIjoxNzgzNjY4MTQyfQ.Q7ewQVOSKp2S1FR0wlcnvvJjHmvglkRugwpAc8ccfLg
URL: /, Token: eyJhbGciOiJIUzI1NiIsInR5cCI6IkpXVCJ9.eyJpZCI6IjZhMjM3Zjc0ZGFiYzgxNGRiYmJiZWViZCIsInJvbGUiOiJBRE1JTiIsImlhdCI6MTc4MTA3NjE0MiwiZXhwIjoxNzgzNjY4MTQyfQ.Q7ewQVOSKp2S1FR0wlcnvvJjHmvglkRugwpAc8ccfLg
URL: /, Token: eyJhbGciOiJIUzI1NiIsInR5cCI6IkpXVCJ9.eyJpZCI6IjZhMjM3Zjc0ZGFiYzgxNGRiYmJiZWViZCIsInJvbGUiOiJBRE1JTiIsImlhdCI6MTc4MTA3NjE0MiwiZXhwIjoxNzgzNjY4MTQyfQ.Q7ewQVOSKp2S1FR0wlcnvvJjHmvglkRugwpAc8ccfLg
URL: /, Token: eyJhbGciOiJIUzI1NiIsInR5cCI6IkpXVCJ9.eyJpZCI6IjZhMjM3Zjc0ZGFiYzgxNGRiYmJiZWViZCIsInJvbGUiOiJBRE1JTiIsImlhdCI6MTc4MTA3NjE0MiwiZXhwIjoxNzgzNjY4MTQyfQ.Q7ewQVOSKp2S1FR0wlcnvvJjHmvglkRugwpAc8ccfLg
URL: /, Token: eyJhbGciOiJIUzI1NiIsInR5cCI6IkpXVCJ9.eyJpZCI6IjZhMjM3Zjc0ZGFiYzgxNGRiYmJiZWViZCIsInJvbGUiOiJBRE1JTiIsImlhdCI6MTc4MTA3NjE0MiwiZXhwIjoxNzgzNjY4MTQyfQ.Q7ewQVOSKp2S1FR0wlcnvvJjHmvglkRugwpAc8ccfLg
URL: /, Token: eyJhbGciOiJIUzI1NiIsInR5cCI6IkpXVCJ9.eyJpZCI6IjZhMjM3Zjc0ZGFiYzgxNGRiYmJiZWViZCIsInJvbGUiOiJBRE1JTiIsImlhdCI6MTc4MTA3NjE0MiwiZXhwIjoxNzgzNjY4MTQyfQ.Q7ewQVOSKp2S1FR0wlcnvvJjHmvglkRugwpAc8ccfLg
URL: /, Token: eyJhbGciOiJIUzI1NiIsInR5cCI6IkpXVCJ9.eyJpZCI6IjZhMjM3Zjc0ZGFiYzgxNGRiYmJiZWViZCIsInJvbGUiOiJBRE1JTiIsImlhdCI6MTc4MTA3NjE0MiwiZXhwIjoxNzgzNjY4MTQyfQ.Q7ewQVOSKp2S1FR0wlcnvvJjHmvglkRugwpAc8ccfLg
URL: /, Token: eyJhbGciOiJIUzI1NiIsInR5cCI6IkpXVCJ9.eyJpZCI6IjZhMjM3Zjc0ZGFiYzgxNGRiYmJiZWViZCIsInJvbGUiOiJBRE1JTiIsImlhdCI6MTc4MTA3NjE0MiwiZXhwIjoxNzgzNjY4MTQyfQ.Q7ewQVOSKp2S1FR0wlcnvvJjHmvglkRugwpAc8ccfLg
URL: /, Token: eyJhbGciOiJIUzI1NiIsInR5cCI6IkpXVCJ9.eyJpZCI6IjZhMjM3Zjc0ZGFiYzgxNGRiYmJiZWViZCIsInJvbGUiOiJBRE1JTiIsImlhdCI6MTc4MTA3NjE0MiwiZXhwIjoxNzgzNjY4MTQyfQ.Q7ewQVOSKp2S1FR0wlcnvvJjHmvglkRugwpAc8ccfLg
URL: /, Token: eyJhbGciOiJIUzI1NiIsInR5cCI6IkpXVCJ9.eyJpZCI6IjZhMjM3Zjc0ZGFiYzgxNGRiYmJiZWViZCIsInJvbGUiOiJBRE1JTiIsImlhdCI6MTc4MTA3NjE0MiwiZXhwIjoxNzgzNjY4MTQyfQ.Q7ewQVOSKp2S1FR0wlcnvvJjHmvglkRugwpAc8ccfLg
URL: /, Token: eyJhbGciOiJIUzI1NiIsInR5cCI6IkpXVCJ9.eyJpZCI6IjZhMjM3Zjc0ZGFiYzgxNGRiYmJiZWViZCIsInJvbGUiOiJBRE1JTiIsImlhdCI6MTc4MTA3NjE0MiwiZXhwIjoxNzgzNjY4MTQyfQ.Q7ewQVOSKp2S1FR0wlcnvvJjHmvglkRugwpAc8ccfLg
URL: /, Token: eyJhbGciOiJIUzI1NiIsInR5cCI6IkpXVCJ9.eyJpZCI6IjZhMjM3Zjc0ZGFiYzgxNGRiYmJiZWViZCIsInJvbGUiOiJBRE1JTiIsImlhdCI6MTc4MTA3NjE0MiwiZXhwIjoxNzgzNjY4MTQyfQ.Q7ewQVOSKp2S1FR0wlcnvvJjHmvglkRugwpAc8ccfLg
URL: /, Token: eyJhbGciOiJIUzI1NiIsInR5cCI6IkpXVCJ9.eyJpZCI6IjZhMjM3Zjc0ZGFiYzgxNGRiYmJiZWViZCIsInJvbGUiOiJBRE1JTiIsImlhdCI6MTc4MTA3NjE0MiwiZXhwIjoxNzgzNjY4MTQyfQ.Q7ewQVOSKp2S1FR0wlcnvvJjHmvglkRugwpAc8ccfLg
URL: /, Token: eyJhbGciOiJIUzI1NiIsInR5cCI6IkpXVCJ9.eyJpZCI6IjZhMjM3Zjc0ZGFiYzgxNGRiYmJiZWViZCIsInJvbGUiOiJBRE1JTiIsImlhdCI6MTc4MTA3NjE0MiwiZXhwIjoxNzgzNjY4MTQyfQ.Q7ewQVOSKp2S1FR0wlcnvvJjHmvglkRugwpAc8ccfLg
URL: /, Token: eyJhbGciOiJIUzI1NiIsInR5cCI6IkpXVCJ9.eyJpZCI6IjZhMjM3Zjc0ZGFiYzgxNGRiYmJiZWViZCIsInJvbGUiOiJBRE1JTiIsImlhdCI6MTc4MTA3NjE0MiwiZXhwIjoxNzgzNjY4MTQyfQ.Q7ewQVOSKp2S1FR0wlcnvvJjHmvglkRugwpAc8ccfLg
URL: /, Token: eyJhbGciOiJIUzI1NiIsInR5cCI6IkpXVCJ9.eyJpZCI6IjZhMjM3Zjc0ZGFiYzgxNGRiYmJiZWViZCIsInJvbGUiOiJBRE1JTiIsImlhdCI6MTc4MTA3NjE0MiwiZXhwIjoxNzgzNjY4MTQyfQ.Q7ewQVOSKp2S1FR0wlcnvvJjHmvglkRugwpAc8ccfLg
URL: /, Token: eyJhbGciOiJIUzI1NiIsInR5cCI6IkpXVCJ9.eyJpZCI6IjZhMjM3Zjc0ZGFiYzgxNGRiYmJiZWViZCIsInJvbGUiOiJBRE1JTiIsImlhdCI6MTc4MTA3NjE0MiwiZXhwIjoxNzgzNjY4MTQyfQ.Q7ewQVOSKp2S1FR0wlcnvvJjHmvglkRugwpAc8ccfLg
URL: /, Token: eyJhbGciOiJIUzI1NiIsInR5cCI6IkpXVCJ9.eyJpZCI6IjZhMjM3Zjc0ZGFiYzgxNGRiYmJiZWViZCIsInJvbGUiOiJBRE1JTiIsImlhdCI6MTc4MTA3NjE0MiwiZXhwIjoxNzgzNjY4MTQyfQ.Q7ewQVOSKp2S1FR0wlcnvvJjHmvglkRugwpAc8ccfLg
URL: /, Token: eyJhbGciOiJIUzI1NiIsInR5cCI6IkpXVCJ9.eyJpZCI6IjZhMjM3Zjc0ZGFiYzgxNGRiYmJiZWViZCIsInJvbGUiOiJBRE1JTiIsImlhdCI6MTc4MTA3NjE0MiwiZXhwIjoxNzgzNjY4MTQyfQ.Q7ewQVOSKp2S1FR0wlcnvvJjHmvglkRugwpAc8ccfLg
URL: /, Token: eyJhbGciOiJIUzI1NiIsInR5cCI6IkpXVCJ9.eyJpZCI6IjZhMjM3Zjc0ZGFiYzgxNGRiYmJiZWViZCIsInJvbGUiOiJBRE1JTiIsImlhdCI6MTc4MTA3NjE0MiwiZXhwIjoxNzgzNjY4MTQyfQ.Q7ewQVOSKp2S1FR0wlcnvvJjHmvglkRugwpAc8ccfLg
URL: /, Token: eyJhbGciOiJIUzI1NiIsInR5cCI6IkpXVCJ9.eyJpZCI6IjZhMjM3Zjc0ZGFiYzgxNGRiYmJiZWViZCIsInJvbGUiOiJBRE1JTiIsImlhdCI6MTc4MTA3NjE0MiwiZXhwIjoxNzgzNjY4MTQyfQ.Q7ewQVOSKp2S1FR0wlcnvvJjHmvglkRugwpAc8ccfLg
URL: /, Token: eyJhbGciOiJIUzI1NiIsInR5cCI6IkpXVCJ9.eyJpZCI6IjZhMjM3Zjc0ZGFiYzgxNGRiYmJiZWViZCIsInJvbGUiOiJBRE1JTiIsImlhdCI6MTc4MTA3NjE0MiwiZXhwIjoxNzgzNjY4MTQyfQ.Q7ewQVOSKp2S1FR0wlcnvvJjHmvglkRugwpAc8ccfLg
URL: /, Token: eyJhbGciOiJIUzI1NiIsInR5cCI6IkpXVCJ9.eyJpZCI6IjZhMjM3Zjc0ZGFiYzgxNGRiYmJiZWViZCIsInJvbGUiOiJBRE1JTiIsImlhdCI6MTc4MTA3NjE0MiwiZXhwIjoxNzgzNjY4MTQyfQ.Q7ewQVOSKp2S1FR0wlcnvvJjHmvglkRugwpAc8ccfLg
URL: /, Token: eyJhbGciOiJIUzI1NiIsInR5cCI6IkpXVCJ9.eyJpZCI6IjZhMjM3Zjc0ZGFiYzgxNGRiYmJiZWViZCIsInJvbGUiOiJBRE1JTiIsImlhdCI6MTc4MTA3NjE0MiwiZXhwIjoxNzgzNjY4MTQyfQ.Q7ewQVOSKp2S1FR0wlcnvvJjHmvglkRugwpAc8ccfLg
URL: /, Token: eyJhbGciOiJIUzI1NiIsInR5cCI6IkpXVCJ9.eyJpZCI6IjZhMjM3Zjc0ZGFiYzgxNGRiYmJiZWViZCIsInJvbGUiOiJBRE1JTiIsImlhdCI6MTc4MTA3NjE0MiwiZXhwIjoxNzgzNjY4MTQyfQ.Q7ewQVOSKp2S1FR0wlcnvvJjHmvglkRugwpAc8ccfLg
URL: /, Token: eyJhbGciOiJIUzI1NiIsInR5cCI6IkpXVCJ9.eyJpZCI6IjZhMjM3Zjc0ZGFiYzgxNGRiYmJiZWViZCIsInJvbGUiOiJBRE1JTiIsImlhdCI6MTc4MTA3NjE0MiwiZXhwIjoxNzgzNjY4MTQyfQ.Q7ewQVOSKp2S1FR0wlcnvvJjHmvglkRugwpAc8ccfLg
URL: /, Token: eyJhbGciOiJIUzI1NiIsInR5cCI6IkpXVCJ9.eyJpZCI6IjZhMjM3Zjc0ZGFiYzgxNGRiYmJiZWViZCIsInJvbGUiOiJBRE1JTiIsImlhdCI6MTc4MTA3NjE0MiwiZXhwIjoxNzgzNjY4MTQyfQ.Q7ewQVOSKp2S1FR0wlcnvvJjHmvglkRugwpAc8ccfLg
URL: /, Token: eyJhbGciOiJIUzI1NiIsInR5cCI6IkpXVCJ9.eyJpZCI6IjZhMjM3Zjc0ZGFiYzgxNGRiYmJiZWViZCIsInJvbGUiOiJBRE1JTiIsImlhdCI6MTc4MTA3NjE0MiwiZXhwIjoxNzgzNjY4MTQyfQ.Q7ewQVOSKp2S1FR0wlcnvvJjHmvglkRugwpAc8ccfLg
URL: /, Token: eyJhbGciOiJIUzI1NiIsInR5cCI6IkpXVCJ9.eyJpZCI6IjZhMjM3Zjc0ZGFiYzgxNGRiYmJiZWViZCIsInJvbGUiOiJBRE1JTiIsImlhdCI6MTc4MTA3NjE0MiwiZXhwIjoxNzgzNjY4MTQyfQ.Q7ewQVOSKp2S1FR0wlcnvvJjHmvglkRugwpAc8ccfLg
URL: /, Token: eyJhbGciOiJIUzI1NiIsInR5cCI6IkpXVCJ9.eyJpZCI6IjZhMjM3Zjc0ZGFiYzgxNGRiYmJiZWViZCIsInJvbGUiOiJBRE1JTiIsImlhdCI6MTc4MTA3NjE0MiwiZXhwIjoxNzgzNjY4MTQyfQ.Q7ewQVOSKp2S1FR0wlcnvvJjHmvglkRugwpAc8ccfLg
URL: /, Token: eyJhbGciOiJIUzI1NiIsInR5cCI6IkpXVCJ9.eyJpZCI6IjZhMjM3Zjc0ZGFiYzgxNGRiYmJiZWViZCIsInJvbGUiOiJBRE1JTiIsImlhdCI6MTc4MTA3NjE0MiwiZXhwIjoxNzgzNjY4MTQyfQ.Q7ewQVOSKp2S1FR0wlcnvvJjHmvglkRugwpAc8ccfLg
URL: /, Token: eyJhbGciOiJIUzI1NiIsInR5cCI6IkpXVCJ9.eyJpZCI6IjZhMjM3Zjc0ZGFiYzgxNGRiYmJiZWViZCIsInJvbGUiOiJBRE1JTiIsImlhdCI6MTc4MTA3NjE0MiwiZXhwIjoxNzgzNjY4MTQyfQ.Q7ewQVOSKp2S1FR0wlcnvvJjHmvglkRugwpAc8ccfLg
URL: /, Token: eyJhbGciOiJIUzI1NiIsInR5cCI6IkpXVCJ9.eyJpZCI6IjZhMjM3Zjc0ZGFiYzgxNGRiYmJiZWViZCIsInJvbGUiOiJBRE1JTiIsImlhdCI6MTc4MTA3NjE0MiwiZXhwIjoxNzgzNjY4MTQyfQ.Q7ewQVOSKp2S1FR0wlcnvvJjHmvglkRugwpAc8ccfLg
URL: /?t=1781349616920, Token: eyJhbGciOiJIUzI1NiIsInR5cCI6IkpXVCJ9.eyJpZCI6IjZhMjM3Zjc0ZGFiYzgxNGRiYmJiZWViZCIsInJvbGUiOiJBRE1JTiIsImlhdCI6MTc4MTA3NjE0MiwiZXhwIjoxNzgzNjY4MTQyfQ.Q7ewQVOSKp2S1FR0wlcnvvJjHmvglkRugwpAc8ccfLg
URL: /dashboard?t=1781349616919, Token: eyJhbGciOiJIUzI1NiIsInR5cCI6IkpXVCJ9.eyJpZCI6IjZhMjM3Zjc0ZGFiYzgxNGRiYmJiZWViZCIsInJvbGUiOiJBRE1JTiIsImlhdCI6MTc4MTA3NjE0MiwiZXhwIjoxNzgzNjY4MTQyfQ.Q7ewQVOSKp2S1FR0wlcnvvJjHmvglkRugwpAc8ccfLg
URL: /, Token: eyJhbGciOiJIUzI1NiIsInR5cCI6IkpXVCJ9.eyJpZCI6IjZhMjM3Zjc0ZGFiYzgxNGRiYmJiZWViZCIsInJvbGUiOiJBRE1JTiIsImlhdCI6MTc4MTA3NjE0MiwiZXhwIjoxNzgzNjY4MTQyfQ.Q7ewQVOSKp2S1FR0wlcnvvJjHmvglkRugwpAc8ccfLg
URL: /dashboard?t=1781349616926, Token: eyJhbGciOiJIUzI1NiIsInR5cCI6IkpXVCJ9.eyJpZCI6IjZhMjM3Zjc0ZGFiYzgxNGRiYmJiZWViZCIsInJvbGUiOiJBRE1JTiIsImlhdCI6MTc4MTA3NjE0MiwiZXhwIjoxNzgzNjY4MTQyfQ.Q7ewQVOSKp2S1FR0wlcnvvJjHmvglkRugwpAc8ccfLg
URL: /?t=1781349616927, Token: eyJhbGciOiJIUzI1NiIsInR5cCI6IkpXVCJ9.eyJpZCI6IjZhMjM3Zjc0ZGFiYzgxNGRiYmJiZWViZCIsInJvbGUiOiJBRE1JTiIsImlhdCI6MTc4MTA3NjE0MiwiZXhwIjoxNzgzNjY4MTQyfQ.Q7ewQVOSKp2S1FR0wlcnvvJjHmvglkRugwpAc8ccfLg
URL: /, Token: eyJhbGciOiJIUzI1NiIsInR5cCI6IkpXVCJ9.eyJpZCI6IjZhMjM3Zjc0ZGFiYzgxNGRiYmJiZWViZCIsInJvbGUiOiJBRE1JTiIsImlhdCI6MTc4MTA3NjE0MiwiZXhwIjoxNzgzNjY4MTQyfQ.Q7ewQVOSKp2S1FR0wlcnvvJjHmvglkRugwpAc8ccfLg
URL: /dashboard?t=1781349632175, Token: eyJhbGciOiJIUzI1NiIsInR5cCI6IkpXVCJ9.eyJpZCI6IjZhMjM3Zjc0ZGFiYzgxNGRiYmJiZWViZCIsInJvbGUiOiJBRE1JTiIsImlhdCI6MTc4MTA3NjE0MiwiZXhwIjoxNzgzNjY4MTQyfQ.Q7ewQVOSKp2S1FR0wlcnvvJjHmvglkRugwpAc8ccfLg
URL: /?t=1781349632178, Token: eyJhbGciOiJIUzI1NiIsInR5cCI6IkpXVCJ9.eyJpZCI6IjZhMjM3Zjc0ZGFiYzgxNGRiYmJiZWViZCIsInJvbGUiOiJBRE1JTiIsImlhdCI6MTc4MTA3NjE0MiwiZXhwIjoxNzgzNjY4MTQyfQ.Q7ewQVOSKp2S1FR0wlcnvvJjHmvglkRugwpAc8ccfLg
URL: /dashboard?t=1781349647180, Token: eyJhbGciOiJIUzI1NiIsInR5cCI6IkpXVCJ9.eyJpZCI6IjZhMjM3Zjc0ZGFiYzgxNGRiYmJiZWViZCIsInJvbGUiOiJBRE1JTiIsImlhdCI6MTc4MTA3NjE0MiwiZXhwIjoxNzgzNjY4MTQyfQ.Q7ewQVOSKp2S1FR0wlcnvvJjHmvglkRugwpAc8ccfLg
URL: /, Token: eyJhbGciOiJIUzI1NiIsInR5cCI6IkpXVCJ9.eyJpZCI6IjZhMjM3Zjc0ZGFiYzgxNGRiYmJiZWViZCIsInJvbGUiOiJBRE1JTiIsImlhdCI6MTc4MTA3NjE0MiwiZXhwIjoxNzgzNjY4MTQyfQ.Q7ewQVOSKp2S1FR0wlcnvvJjHmvglkRugwpAc8ccfLg
URL: /?t=1781349647182, Token: eyJhbGciOiJIUzI1NiIsInR5cCI6IkpXVCJ9.eyJpZCI6IjZhMjM3Zjc0ZGFiYzgxNGRiYmJiZWViZCIsInJvbGUiOiJBRE1JTiIsImlhdCI6MTc4MTA3NjE0MiwiZXhwIjoxNzgzNjY4MTQyfQ.Q7ewQVOSKp2S1FR0wlcnvvJjHmvglkRugwpAc8ccfLg
URL: /dashboard?t=1781349662168, Token: eyJhbGciOiJIUzI1NiIsInR5cCI6IkpXVCJ9.eyJpZCI6IjZhMjM3Zjc0ZGFiYzgxNGRiYmJiZWViZCIsInJvbGUiOiJBRE1JTiIsImlhdCI6MTc4MTA3NjE0MiwiZXhwIjoxNzgzNjY4MTQyfQ.Q7ewQVOSKp2S1FR0wlcnvvJjHmvglkRugwpAc8ccfLg
URL: /?t=1781349662170, Token: eyJhbGciOiJIUzI1NiIsInR5cCI6IkpXVCJ9.eyJpZCI6IjZhMjM3Zjc0ZGFiYzgxNGRiYmJiZWViZCIsInJvbGUiOiJBRE1JTiIsImlhdCI6MTc4MTA3NjE0MiwiZXhwIjoxNzgzNjY4MTQyfQ.Q7ewQVOSKp2S1FR0wlcnvvJjHmvglkRugwpAc8ccfLg
URL: /dashboard?t=1781349677183, Token: eyJhbGciOiJIUzI1NiIsInR5cCI6IkpXVCJ9.eyJpZCI6IjZhMjM3Zjc0ZGFiYzgxNGRiYmJiZWViZCIsInJvbGUiOiJBRE1JTiIsImlhdCI6MTc4MTA3NjE0MiwiZXhwIjoxNzgzNjY4MTQyfQ.Q7ewQVOSKp2S1FR0wlcnvvJjHmvglkRugwpAc8ccfLg
URL: /, Token: eyJhbGciOiJIUzI1NiIsInR5cCI6IkpXVCJ9.eyJpZCI6IjZhMjM3Zjc0ZGFiYzgxNGRiYmJiZWViZCIsInJvbGUiOiJBRE1JTiIsImlhdCI6MTc4MTA3NjE0MiwiZXhwIjoxNzgzNjY4MTQyfQ.Q7ewQVOSKp2S1FR0wlcnvvJjHmvglkRugwpAc8ccfLg
URL: /?t=1781349677186, Token: eyJhbGciOiJIUzI1NiIsInR5cCI6IkpXVCJ9.eyJpZCI6IjZhMjM3Zjc0ZGFiYzgxNGRiYmJiZWViZCIsInJvbGUiOiJBRE1JTiIsImlhdCI6MTc4MTA3NjE0MiwiZXhwIjoxNzgzNjY4MTQyfQ.Q7ewQVOSKp2S1FR0wlcnvvJjHmvglkRugwpAc8ccfLg
URL: /dashboard?t=1781349692183, Token: eyJhbGciOiJIUzI1NiIsInR5cCI6IkpXVCJ9.eyJpZCI6IjZhMjM3Zjc0ZGFiYzgxNGRiYmJiZWViZCIsInJvbGUiOiJBRE1JTiIsImlhdCI6MTc4MTA3NjE0MiwiZXhwIjoxNzgzNjY4MTQyfQ.Q7ewQVOSKp2S1FR0wlcnvvJjHmvglkRugwpAc8ccfLg
URL: /?t=1781349692186, Token: eyJhbGciOiJIUzI1NiIsInR5cCI6IkpXVCJ9.eyJpZCI6IjZhMjM3Zjc0ZGFiYzgxNGRiYmJiZWViZCIsInJvbGUiOiJBRE1JTiIsImlhdCI6MTc4MTA3NjE0MiwiZXhwIjoxNzgzNjY4MTQyfQ.Q7ewQVOSKp2S1FR0wlcnvvJjHmvglkRugwpAc8ccfLg
URL: /dashboard?t=1781349707171, Token: eyJhbGciOiJIUzI1NiIsInR5cCI6IkpXVCJ9.eyJpZCI6IjZhMjM3Zjc0ZGFiYzgxNGRiYmJiZWViZCIsInJvbGUiOiJBRE1JTiIsImlhdCI6MTc4MTA3NjE0MiwiZXhwIjoxNzgzNjY4MTQyfQ.Q7ewQVOSKp2S1FR0wlcnvvJjHmvglkRugwpAc8ccfLg
URL: /?t=1781349707173, Token: eyJhbGciOiJIUzI1NiIsInR5cCI6IkpXVCJ9.eyJpZCI6IjZhMjM3Zjc0ZGFiYzgxNGRiYmJiZWViZCIsInJvbGUiOiJBRE1JTiIsImlhdCI6MTc4MTA3NjE0MiwiZXhwIjoxNzgzNjY4MTQyfQ.Q7ewQVOSKp2S1FR0wlcnvvJjHmvglkRugwpAc8ccfLg
URL: /, Token: eyJhbGciOiJIUzI1NiIsInR5cCI6IkpXVCJ9.eyJpZCI6IjZhMjM3Zjc0ZGFiYzgxNGRiYmJiZWViZCIsInJvbGUiOiJBRE1JTiIsImlhdCI6MTc4MTA3NjE0MiwiZXhwIjoxNzgzNjY4MTQyfQ.Q7ewQVOSKp2S1FR0wlcnvvJjHmvglkRugwpAc8ccfLg
URL: /dashboard?t=1781349722171, Token: eyJhbGciOiJIUzI1NiIsInR5cCI6IkpXVCJ9.eyJpZCI6IjZhMjM3Zjc0ZGFiYzgxNGRiYmJiZWViZCIsInJvbGUiOiJBRE1JTiIsImlhdCI6MTc4MTA3NjE0MiwiZXhwIjoxNzgzNjY4MTQyfQ.Q7ewQVOSKp2S1FR0wlcnvvJjHmvglkRugwpAc8ccfLg
URL: /?t=1781349722172, Token: eyJhbGciOiJIUzI1NiIsInR5cCI6IkpXVCJ9.eyJpZCI6IjZhMjM3Zjc0ZGFiYzgxNGRiYmJiZWViZCIsInJvbGUiOiJBRE1JTiIsImlhdCI6MTc4MTA3NjE0MiwiZXhwIjoxNzgzNjY4MTQyfQ.Q7ewQVOSKp2S1FR0wlcnvvJjHmvglkRugwpAc8ccfLg
URL: /dashboard?t=1781349737172, Token: eyJhbGciOiJIUzI1NiIsInR5cCI6IkpXVCJ9.eyJpZCI6IjZhMjM3Zjc0ZGFiYzgxNGRiYmJiZWViZCIsInJvbGUiOiJBRE1JTiIsImlhdCI6MTc4MTA3NjE0MiwiZXhwIjoxNzgzNjY4MTQyfQ.Q7ewQVOSKp2S1FR0wlcnvvJjHmvglkRugwpAc8ccfLg
URL: /?t=1781349737174, Token: eyJhbGciOiJIUzI1NiIsInR5cCI6IkpXVCJ9.eyJpZCI6IjZhMjM3Zjc0ZGFiYzgxNGRiYmJiZWViZCIsInJvbGUiOiJBRE1JTiIsImlhdCI6MTc4MTA3NjE0MiwiZXhwIjoxNzgzNjY4MTQyfQ.Q7ewQVOSKp2S1FR0wlcnvvJjHmvglkRugwpAc8ccfLg
URL: /, Token: eyJhbGciOiJIUzI1NiIsInR5cCI6IkpXVCJ9.eyJpZCI6IjZhMjM3Zjc0ZGFiYzgxNGRiYmJiZWViZCIsInJvbGUiOiJBRE1JTiIsImlhdCI6MTc4MTA3NjE0MiwiZXhwIjoxNzgzNjY4MTQyfQ.Q7ewQVOSKp2S1FR0wlcnvvJjHmvglkRugwpAc8ccfLg
URL: /dashboard?t=1781349752193, Token: eyJhbGciOiJIUzI1NiIsInR5cCI6IkpXVCJ9.eyJpZCI6IjZhMjM3Zjc0ZGFiYzgxNGRiYmJiZWViZCIsInJvbGUiOiJBRE1JTiIsImlhdCI6MTc4MTA3NjE0MiwiZXhwIjoxNzgzNjY4MTQyfQ.Q7ewQVOSKp2S1FR0wlcnvvJjHmvglkRugwpAc8ccfLg
URL: /?t=1781349752194, Token: eyJhbGciOiJIUzI1NiIsInR5cCI6IkpXVCJ9.eyJpZCI6IjZhMjM3Zjc0ZGFiYzgxNGRiYmJiZWViZCIsInJvbGUiOiJBRE1JTiIsImlhdCI6MTc4MTA3NjE0MiwiZXhwIjoxNzgzNjY4MTQyfQ.Q7ewQVOSKp2S1FR0wlcnvvJjHmvglkRugwpAc8ccfLg
URL: /?t=1781349761090, Token: eyJhbGciOiJIUzI1NiIsInR5cCI6IkpXVCJ9.eyJpZCI6IjZhMjM3Zjc0ZGFiYzgxNGRiYmJiZWViZCIsInJvbGUiOiJBRE1JTiIsImlhdCI6MTc4MTA3NjE0MiwiZXhwIjoxNzgzNjY4MTQyfQ.Q7ewQVOSKp2S1FR0wlcnvvJjHmvglkRugwpAc8ccfLg
URL: /?t=1781349761085, Token: eyJhbGciOiJIUzI1NiIsInR5cCI6IkpXVCJ9.eyJpZCI6IjZhMjM3Zjc0ZGFiYzgxNGRiYmJiZWViZCIsInJvbGUiOiJBRE1JTiIsImlhdCI6MTc4MTA3NjE0MiwiZXhwIjoxNzgzNjY4MTQyfQ.Q7ewQVOSKp2S1FR0wlcnvvJjHmvglkRugwpAc8ccfLg
URL: /, Token: eyJhbGciOiJIUzI1NiIsInR5cCI6IkpXVCJ9.eyJpZCI6IjZhMjM3Zjc0ZGFiYzgxNGRiYmJiZWViZCIsInJvbGUiOiJBRE1JTiIsImlhdCI6MTc4MTA3NjE0MiwiZXhwIjoxNzgzNjY4MTQyfQ.Q7ewQVOSKp2S1FR0wlcnvvJjHmvglkRugwpAc8ccfLg
URL: /, Token: eyJhbGciOiJIUzI1NiIsInR5cCI6IkpXVCJ9.eyJpZCI6IjZhMjM3Zjc0ZGFiYzgxNGRiYmJiZWViZCIsInJvbGUiOiJBRE1JTiIsImlhdCI6MTc4MTA3NjE0MiwiZXhwIjoxNzgzNjY4MTQyfQ.Q7ewQVOSKp2S1FR0wlcnvvJjHmvglkRugwpAc8ccfLg
URL: /dashboard?t=1781349764597, Token: eyJhbGciOiJIUzI1NiIsInR5cCI6IkpXVCJ9.eyJpZCI6IjZhMjM3Zjc0ZGFiYzgxNGRiYmJiZWViZCIsInJvbGUiOiJBRE1JTiIsImlhdCI6MTc4MTA3NjE0MiwiZXhwIjoxNzgzNjY4MTQyfQ.Q7ewQVOSKp2S1FR0wlcnvvJjHmvglkRugwpAc8ccfLg
URL: /?t=1781349764598, Token: eyJhbGciOiJIUzI1NiIsInR5cCI6IkpXVCJ9.eyJpZCI6IjZhMjM3Zjc0ZGFiYzgxNGRiYmJiZWViZCIsInJvbGUiOiJBRE1JTiIsImlhdCI6MTc4MTA3NjE0MiwiZXhwIjoxNzgzNjY4MTQyfQ.Q7ewQVOSKp2S1FR0wlcnvvJjHmvglkRugwpAc8ccfLg
URL: /dashboard?t=1781349764599, Token: eyJhbGciOiJIUzI1NiIsInR5cCI6IkpXVCJ9.eyJpZCI6IjZhMjM3Zjc0ZGFiYzgxNGRiYmJiZWViZCIsInJvbGUiOiJBRE1JTiIsImlhdCI6MTc4MTA3NjE0MiwiZXhwIjoxNzgzNjY4MTQyfQ.Q7ewQVOSKp2S1FR0wlcnvvJjHmvglkRugwpAc8ccfLg
URL: /?t=1781349764600, Token: eyJhbGciOiJIUzI1NiIsInR5cCI6IkpXVCJ9.eyJpZCI6IjZhMjM3Zjc0ZGFiYzgxNGRiYmJiZWViZCIsInJvbGUiOiJBRE1JTiIsImlhdCI6MTc4MTA3NjE0MiwiZXhwIjoxNzgzNjY4MTQyfQ.Q7ewQVOSKp2S1FR0wlcnvvJjHmvglkRugwpAc8ccfLg
URL: /, Token: eyJhbGciOiJIUzI1NiIsInR5cCI6IkpXVCJ9.eyJpZCI6IjZhMjM3Zjc0ZGFiYzgxNGRiYmJiZWViZCIsInJvbGUiOiJBRE1JTiIsImlhdCI6MTc4MTA3NjE0MiwiZXhwIjoxNzgzNjY4MTQyfQ.Q7ewQVOSKp2S1FR0wlcnvvJjHmvglkRugwpAc8ccfLg
URL: /?t=1781349768286, Token: eyJhbGciOiJIUzI1NiIsInR5cCI6IkpXVCJ9.eyJpZCI6IjZhMjM3Zjc0ZGFiYzgxNGRiYmJiZWViZCIsInJvbGUiOiJBRE1JTiIsImlhdCI6MTc4MTA3NjE0MiwiZXhwIjoxNzgzNjY4MTQyfQ.Q7ewQVOSKp2S1FR0wlcnvvJjHmvglkRugwpAc8ccfLg
URL: /?t=1781349768288, Token: eyJhbGciOiJIUzI1NiIsInR5cCI6IkpXVCJ9.eyJpZCI6IjZhMjM3Zjc0ZGFiYzgxNGRiYmJiZWViZCIsInJvbGUiOiJBRE1JTiIsImlhdCI6MTc4MTA3NjE0MiwiZXhwIjoxNzgzNjY4MTQyfQ.Q7ewQVOSKp2S1FR0wlcnvvJjHmvglkRugwpAc8ccfLg
URL: /, Token: eyJhbGciOiJIUzI1NiIsInR5cCI6IkpXVCJ9.eyJpZCI6IjZhMjM3Zjc0ZGFiYzgxNGRiYmJiZWViZCIsInJvbGUiOiJBRE1JTiIsImlhdCI6MTc4MTA3NjE0MiwiZXhwIjoxNzgzNjY4MTQyfQ.Q7ewQVOSKp2S1FR0wlcnvvJjHmvglkRugwpAc8ccfLg
URL: /, Token: eyJhbGciOiJIUzI1NiIsInR5cCI6IkpXVCJ9.eyJpZCI6IjZhMjM3Zjc0ZGFiYzgxNGRiYmJiZWViZCIsInJvbGUiOiJBRE1JTiIsImlhdCI6MTc4MTA3NjE0MiwiZXhwIjoxNzgzNjY4MTQyfQ.Q7ewQVOSKp2S1FR0wlcnvvJjHmvglkRugwpAc8ccfLg
URL: /, Token: eyJhbGciOiJIUzI1NiIsInR5cCI6IkpXVCJ9.eyJpZCI6IjZhMjM3Zjc0ZGFiYzgxNGRiYmJiZWViZCIsInJvbGUiOiJBRE1JTiIsImlhdCI6MTc4MTA3NjE0MiwiZXhwIjoxNzgzNjY4MTQyfQ.Q7ewQVOSKp2S1FR0wlcnvvJjHmvglkRugwpAc8ccfLg
URL: /, Token: eyJhbGciOiJIUzI1NiIsInR5cCI6IkpXVCJ9.eyJpZCI6IjZhMjM3Zjc0ZGFiYzgxNGRiYmJiZWViZCIsInJvbGUiOiJBRE1JTiIsImlhdCI6MTc4MTA3NjE0MiwiZXhwIjoxNzgzNjY4MTQyfQ.Q7ewQVOSKp2S1FR0wlcnvvJjHmvglkRugwpAc8ccfLg
URL: /, Token: eyJhbGciOiJIUzI1NiIsInR5cCI6IkpXVCJ9.eyJpZCI6IjZhMjM3Zjc0ZGFiYzgxNGRiYmJiZWViZCIsInJvbGUiOiJBRE1JTiIsImlhdCI6MTc4MTA3NjE0MiwiZXhwIjoxNzgzNjY4MTQyfQ.Q7ewQVOSKp2S1FR0wlcnvvJjHmvglkRugwpAc8ccfLg
URL: /?t=1781349829916, Token: eyJhbGciOiJIUzI1NiIsInR5cCI6IkpXVCJ9.eyJpZCI6IjZhMjM3Zjc0ZGFiYzgxNGRiYmJiZWViZCIsInJvbGUiOiJBRE1JTiIsImlhdCI6MTc4MTA3NjE0MiwiZXhwIjoxNzgzNjY4MTQyfQ.Q7ewQVOSKp2S1FR0wlcnvvJjHmvglkRugwpAc8ccfLg
URL: /?t=1781349829907, Token: eyJhbGciOiJIUzI1NiIsInR5cCI6IkpXVCJ9.eyJpZCI6IjZhMjM3Zjc0ZGFiYzgxNGRiYmJiZWViZCIsInJvbGUiOiJBRE1JTiIsImlhdCI6MTc4MTA3NjE0MiwiZXhwIjoxNzgzNjY4MTQyfQ.Q7ewQVOSKp2S1FR0wlcnvvJjHmvglkRugwpAc8ccfLg
URL: /, Token: eyJhbGciOiJIUzI1NiIsInR5cCI6IkpXVCJ9.eyJpZCI6IjZhMjM3Zjc0ZGFiYzgxNGRiYmJiZWViZCIsInJvbGUiOiJBRE1JTiIsImlhdCI6MTc4MTA3NjE0MiwiZXhwIjoxNzgzNjY4MTQyfQ.Q7ewQVOSKp2S1FR0wlcnvvJjHmvglkRugwpAc8ccfLg
URL: /, Token: eyJhbGciOiJIUzI1NiIsInR5cCI6IkpXVCJ9.eyJpZCI6IjZhMjM3Zjc0ZGFiYzgxNGRiYmJiZWViZCIsInJvbGUiOiJBRE1JTiIsImlhdCI6MTc4MTA3NjE0MiwiZXhwIjoxNzgzNjY4MTQyfQ.Q7ewQVOSKp2S1FR0wlcnvvJjHmvglkRugwpAc8ccfLg
URL: /, Token: eyJhbGciOiJIUzI1NiIsInR5cCI6IkpXVCJ9.eyJpZCI6IjZhMjM3Zjc0ZGFiYzgxNGRiYmJiZWViZCIsInJvbGUiOiJBRE1JTiIsImlhdCI6MTc4MTA3NjE0MiwiZXhwIjoxNzgzNjY4MTQyfQ.Q7ewQVOSKp2S1FR0wlcnvvJjHmvglkRugwpAc8ccfLg
URL: /, Token: eyJhbGciOiJIUzI1NiIsInR5cCI6IkpXVCJ9.eyJpZCI6IjZhMjM3Zjc0ZGFiYzgxNGRiYmJiZWViZCIsInJvbGUiOiJBRE1JTiIsImlhdCI6MTc4MTA3NjE0MiwiZXhwIjoxNzgzNjY4MTQyfQ.Q7ewQVOSKp2S1FR0wlcnvvJjHmvglkRugwpAc8ccfLg
URL: /, Token: eyJhbGciOiJIUzI1NiIsInR5cCI6IkpXVCJ9.eyJpZCI6IjZhMjM3Zjc0ZGFiYzgxNGRiYmJiZWViZCIsInJvbGUiOiJBRE1JTiIsImlhdCI6MTc4MTA3NjE0MiwiZXhwIjoxNzgzNjY4MTQyfQ.Q7ewQVOSKp2S1FR0wlcnvvJjHmvglkRugwpAc8ccfLg
URL: /, Token: eyJhbGciOiJIUzI1NiIsInR5cCI6IkpXVCJ9.eyJpZCI6IjZhMjM3Zjc0ZGFiYzgxNGRiYmJiZWViZCIsInJvbGUiOiJBRE1JTiIsImlhdCI6MTc4MTA3NjE0MiwiZXhwIjoxNzgzNjY4MTQyfQ.Q7ewQVOSKp2S1FR0wlcnvvJjHmvglkRugwpAc8ccfLg
URL: /, Token: eyJhbGciOiJIUzI1NiIsInR5cCI6IkpXVCJ9.eyJpZCI6IjZhMjM3Zjc0ZGFiYzgxNGRiYmJiZWViZCIsInJvbGUiOiJBRE1JTiIsImlhdCI6MTc4MTA3NjE0MiwiZXhwIjoxNzgzNjY4MTQyfQ.Q7ewQVOSKp2S1FR0wlcnvvJjHmvglkRugwpAc8ccfLg
URL: /?t=1781349946141, Token: eyJhbGciOiJIUzI1NiIsInR5cCI6IkpXVCJ9.eyJpZCI6IjZhMjM3Zjc0ZGFiYzgxNGRiYmJiZWViZCIsInJvbGUiOiJBRE1JTiIsImlhdCI6MTc4MTA3NjE0MiwiZXhwIjoxNzgzNjY4MTQyfQ.Q7ewQVOSKp2S1FR0wlcnvvJjHmvglkRugwpAc8ccfLg
URL: /, Token: eyJhbGciOiJIUzI1NiIsInR5cCI6IkpXVCJ9.eyJpZCI6IjZhMjM3Zjc0ZGFiYzgxNGRiYmJiZWViZCIsInJvbGUiOiJBRE1JTiIsImlhdCI6MTc4MTA3NjE0MiwiZXhwIjoxNzgzNjY4MTQyfQ.Q7ewQVOSKp2S1FR0wlcnvvJjHmvglkRugwpAc8ccfLg
URL: /, Token: eyJhbGciOiJIUzI1NiIsInR5cCI6IkpXVCJ9.eyJpZCI6IjZhMjM3Zjc0ZGFiYzgxNGRiYmJiZWViZCIsInJvbGUiOiJBRE1JTiIsImlhdCI6MTc4MTA3NjE0MiwiZXhwIjoxNzgzNjY4MTQyfQ.Q7ewQVOSKp2S1FR0wlcnvvJjHmvglkRugwpAc8ccfLg
URL: /?t=1781349946154, Token: eyJhbGciOiJIUzI1NiIsInR5cCI6IkpXVCJ9.eyJpZCI6IjZhMjM3Zjc0ZGFiYzgxNGRiYmJiZWViZCIsInJvbGUiOiJBRE1JTiIsImlhdCI6MTc4MTA3NjE0MiwiZXhwIjoxNzgzNjY4MTQyfQ.Q7ewQVOSKp2S1FR0wlcnvvJjHmvglkRugwpAc8ccfLg
URL: /, Token: eyJhbGciOiJIUzI1NiIsInR5cCI6IkpXVCJ9.eyJpZCI6IjZhMjM3Zjc0ZGFiYzgxNGRiYmJiZWViZCIsInJvbGUiOiJBRE1JTiIsImlhdCI6MTc4MTA3NjE0MiwiZXhwIjoxNzgzNjY4MTQyfQ.Q7ewQVOSKp2S1FR0wlcnvvJjHmvglkRugwpAc8ccfLg
URL: /, Token: eyJhbGciOiJIUzI1NiIsInR5cCI6IkpXVCJ9.eyJpZCI6IjZhMjM3Zjc0ZGFiYzgxNGRiYmJiZWViZCIsInJvbGUiOiJBRE1JTiIsImlhdCI6MTc4MTA3NjE0MiwiZXhwIjoxNzgzNjY4MTQyfQ.Q7ewQVOSKp2S1FR0wlcnvvJjHmvglkRugwpAc8ccfLg
URL: /?t=1781350035990, Token: eyJhbGciOiJIUzI1NiIsInR5cCI6IkpXVCJ9.eyJpZCI6IjZhMjM3Zjc0ZGFiYzgxNGRiYmJiZWViZCIsInJvbGUiOiJBRE1JTiIsImlhdCI6MTc4MTA3NjE0MiwiZXhwIjoxNzgzNjY4MTQyfQ.Q7ewQVOSKp2S1FR0wlcnvvJjHmvglkRugwpAc8ccfLg
URL: /, Token: eyJhbGciOiJIUzI1NiIsInR5cCI6IkpXVCJ9.eyJpZCI6IjZhMjM3Zjc0ZGFiYzgxNGRiYmJiZWViZCIsInJvbGUiOiJBRE1JTiIsImlhdCI6MTc4MTA3NjE0MiwiZXhwIjoxNzgzNjY4MTQyfQ.Q7ewQVOSKp2S1FR0wlcnvvJjHmvglkRugwpAc8ccfLg
URL: /, Token: eyJhbGciOiJIUzI1NiIsInR5cCI6IkpXVCJ9.eyJpZCI6IjZhMjM3Zjc0ZGFiYzgxNGRiYmJiZWViZCIsInJvbGUiOiJBRE1JTiIsImlhdCI6MTc4MTA3NjE0MiwiZXhwIjoxNzgzNjY4MTQyfQ.Q7ewQVOSKp2S1FR0wlcnvvJjHmvglkRugwpAc8ccfLg
URL: /?t=1781350035999, Token: eyJhbGciOiJIUzI1NiIsInR5cCI6IkpXVCJ9.eyJpZCI6IjZhMjM3Zjc0ZGFiYzgxNGRiYmJiZWViZCIsInJvbGUiOiJBRE1JTiIsImlhdCI6MTc4MTA3NjE0MiwiZXhwIjoxNzgzNjY4MTQyfQ.Q7ewQVOSKp2S1FR0wlcnvvJjHmvglkRugwpAc8ccfLg
URL: /, Token: eyJhbGciOiJIUzI1NiIsInR5cCI6IkpXVCJ9.eyJpZCI6IjZhMjM3Zjc0ZGFiYzgxNGRiYmJiZWViZCIsInJvbGUiOiJBRE1JTiIsImlhdCI6MTc4MTA3NjE0MiwiZXhwIjoxNzgzNjY4MTQyfQ.Q7ewQVOSKp2S1FR0wlcnvvJjHmvglkRugwpAc8ccfLg
URL: /, Token: eyJhbGciOiJIUzI1NiIsInR5cCI6IkpXVCJ9.eyJpZCI6IjZhMjM3Zjc0ZGFiYzgxNGRiYmJiZWViZCIsInJvbGUiOiJBRE1JTiIsImlhdCI6MTc4MTA3NjE0MiwiZXhwIjoxNzgzNjY4MTQyfQ.Q7ewQVOSKp2S1FR0wlcnvvJjHmvglkRugwpAc8ccfLg
URL: /?t=1781350039930, Token: eyJhbGciOiJIUzI1NiIsInR5cCI6IkpXVCJ9.eyJpZCI6IjZhMjM3Zjc0ZGFiYzgxNGRiYmJiZWViZCIsInJvbGUiOiJBRE1JTiIsImlhdCI6MTc4MTA3NjE0MiwiZXhwIjoxNzgzNjY4MTQyfQ.Q7ewQVOSKp2S1FR0wlcnvvJjHmvglkRugwpAc8ccfLg
URL: /dashboard?t=1781350039921, Token: eyJhbGciOiJIUzI1NiIsInR5cCI6IkpXVCJ9.eyJpZCI6IjZhMjM3Zjc0ZGFiYzgxNGRiYmJiZWViZCIsInJvbGUiOiJBRE1JTiIsImlhdCI6MTc4MTA3NjE0MiwiZXhwIjoxNzgzNjY4MTQyfQ.Q7ewQVOSKp2S1FR0wlcnvvJjHmvglkRugwpAc8ccfLg
URL: /?t=1781350039922, Token: eyJhbGciOiJIUzI1NiIsInR5cCI6IkpXVCJ9.eyJpZCI6IjZhMjM3Zjc0ZGFiYzgxNGRiYmJiZWViZCIsInJvbGUiOiJBRE1JTiIsImlhdCI6MTc4MTA3NjE0MiwiZXhwIjoxNzgzNjY4MTQyfQ.Q7ewQVOSKp2S1FR0wlcnvvJjHmvglkRugwpAc8ccfLg
URL: /dashboard?t=1781350039929, Token: eyJhbGciOiJIUzI1NiIsInR5cCI6IkpXVCJ9.eyJpZCI6IjZhMjM3Zjc0ZGFiYzgxNGRiYmJiZWViZCIsInJvbGUiOiJBRE1JTiIsImlhdCI6MTc4MTA3NjE0MiwiZXhwIjoxNzgzNjY4MTQyfQ.Q7ewQVOSKp2S1FR0wlcnvvJjHmvglkRugwpAc8ccfLg
URL: /?t=1781350041283, Token: eyJhbGciOiJIUzI1NiIsInR5cCI6IkpXVCJ9.eyJpZCI6IjZhMjM3Zjc0ZGFiYzgxNGRiYmJiZWViZCIsInJvbGUiOiJBRE1JTiIsImlhdCI6MTc4MTA3NjE0MiwiZXhwIjoxNzgzNjY4MTQyfQ.Q7ewQVOSKp2S1FR0wlcnvvJjHmvglkRugwpAc8ccfLg
URL: /?t=1781350041285, Token: eyJhbGciOiJIUzI1NiIsInR5cCI6IkpXVCJ9.eyJpZCI6IjZhMjM3Zjc0ZGFiYzgxNGRiYmJiZWViZCIsInJvbGUiOiJBRE1JTiIsImlhdCI6MTc4MTA3NjE0MiwiZXhwIjoxNzgzNjY4MTQyfQ.Q7ewQVOSKp2S1FR0wlcnvvJjHmvglkRugwpAc8ccfLg
URL: /, Token: eyJhbGciOiJIUzI1NiIsInR5cCI6IkpXVCJ9.eyJpZCI6IjZhMjM3Zjc0ZGFiYzgxNGRiYmJiZWViZCIsInJvbGUiOiJBRE1JTiIsImlhdCI6MTc4MTA3NjE0MiwiZXhwIjoxNzgzNjY4MTQyfQ.Q7ewQVOSKp2S1FR0wlcnvvJjHmvglkRugwpAc8ccfLg
URL: /, Token: eyJhbGciOiJIUzI1NiIsInR5cCI6IkpXVCJ9.eyJpZCI6IjZhMjM3Zjc0ZGFiYzgxNGRiYmJiZWViZCIsInJvbGUiOiJBRE1JTiIsImlhdCI6MTc4MTA3NjE0MiwiZXhwIjoxNzgzNjY4MTQyfQ.Q7ewQVOSKp2S1FR0wlcnvvJjHmvglkRugwpAc8ccfLg
URL: /, Token: eyJhbGciOiJIUzI1NiIsInR5cCI6IkpXVCJ9.eyJpZCI6IjZhMjM3Zjc0ZGFiYzgxNGRiYmJiZWViZCIsInJvbGUiOiJBRE1JTiIsImlhdCI6MTc4MTA3NjE0MiwiZXhwIjoxNzgzNjY4MTQyfQ.Q7ewQVOSKp2S1FR0wlcnvvJjHmvglkRugwpAc8ccfLg
URL: /, Token: eyJhbGciOiJIUzI1NiIsInR5cCI6IkpXVCJ9.eyJpZCI6IjZhMjM3Zjc0ZGFiYzgxNGRiYmJiZWViZCIsInJvbGUiOiJBRE1JTiIsImlhdCI6MTc4MTA3NjE0MiwiZXhwIjoxNzgzNjY4MTQyfQ.Q7ewQVOSKp2S1FR0wlcnvvJjHmvglkRugwpAc8ccfLg
URL: /, Token: eyJhbGciOiJIUzI1NiIsInR5cCI6IkpXVCJ9.eyJpZCI6IjZhMjM3Zjc0ZGFiYzgxNGRiYmJiZWViZCIsInJvbGUiOiJBRE1JTiIsImlhdCI6MTc4MTA3NjE0MiwiZXhwIjoxNzgzNjY4MTQyfQ.Q7ewQVOSKp2S1FR0wlcnvvJjHmvglkRugwpAc8ccfLg
URL: /, Token: eyJhbGciOiJIUzI1NiIsInR5cCI6IkpXVCJ9.eyJpZCI6IjZhMjM3Zjc0ZGFiYzgxNGRiYmJiZWViZCIsInJvbGUiOiJBRE1JTiIsImlhdCI6MTc4MTA3NjE0MiwiZXhwIjoxNzgzNjY4MTQyfQ.Q7ewQVOSKp2S1FR0wlcnvvJjHmvglkRugwpAc8ccfLg
URL: /, Token: eyJhbGciOiJIUzI1NiIsInR5cCI6IkpXVCJ9.eyJpZCI6IjZhMjM3Zjc0ZGFiYzgxNGRiYmJiZWViZCIsInJvbGUiOiJBRE1JTiIsImlhdCI6MTc4MTA3NjE0MiwiZXhwIjoxNzgzNjY4MTQyfQ.Q7ewQVOSKp2S1FR0wlcnvvJjHmvglkRugwpAc8ccfLg
URL: /, Token: eyJhbGciOiJIUzI1NiIsInR5cCI6IkpXVCJ9.eyJpZCI6IjZhMjM3Zjc0ZGFiYzgxNGRiYmJiZWViZCIsInJvbGUiOiJBRE1JTiIsImlhdCI6MTc4MTA3NjE0MiwiZXhwIjoxNzgzNjY4MTQyfQ.Q7ewQVOSKp2S1FR0wlcnvvJjHmvglkRugwpAc8ccfLg
URL: /, Token: eyJhbGciOiJIUzI1NiIsInR5cCI6IkpXVCJ9.eyJpZCI6IjZhMjM3Zjc0ZGFiYzgxNGRiYmJiZWViZCIsInJvbGUiOiJBRE1JTiIsImlhdCI6MTc4MTA3NjE0MiwiZXhwIjoxNzgzNjY4MTQyfQ.Q7ewQVOSKp2S1FR0wlcnvvJjHmvglkRugwpAc8ccfLg
URL: /, Token: eyJhbGciOiJIUzI1NiIsInR5cCI6IkpXVCJ9.eyJpZCI6IjZhMjM3Zjc0ZGFiYzgxNGRiYmJiZWViZCIsInJvbGUiOiJBRE1JTiIsImlhdCI6MTc4MTA3NjE0MiwiZXhwIjoxNzgzNjY4MTQyfQ.Q7ewQVOSKp2S1FR0wlcnvvJjHmvglkRugwpAc8ccfLg
URL: /, Token: eyJhbGciOiJIUzI1NiIsInR5cCI6IkpXVCJ9.eyJpZCI6IjZhMjM3Zjc0ZGFiYzgxNGRiYmJiZWViZCIsInJvbGUiOiJBRE1JTiIsImlhdCI6MTc4MTA3NjE0MiwiZXhwIjoxNzgzNjY4MTQyfQ.Q7ewQVOSKp2S1FR0wlcnvvJjHmvglkRugwpAc8ccfLg
URL: /, Token: eyJhbGciOiJIUzI1NiIsInR5cCI6IkpXVCJ9.eyJpZCI6IjZhMjM3Zjc0ZGFiYzgxNGRiYmJiZWViZCIsInJvbGUiOiJBRE1JTiIsImlhdCI6MTc4MTA3NjE0MiwiZXhwIjoxNzgzNjY4MTQyfQ.Q7ewQVOSKp2S1FR0wlcnvvJjHmvglkRugwpAc8ccfLg
URL: /, Token: eyJhbGciOiJIUzI1NiIsInR5cCI6IkpXVCJ9.eyJpZCI6IjZhMjM3Zjc0ZGFiYzgxNGRiYmJiZWViZCIsInJvbGUiOiJBRE1JTiIsImlhdCI6MTc4MTA3NjE0MiwiZXhwIjoxNzgzNjY4MTQyfQ.Q7ewQVOSKp2S1FR0wlcnvvJjHmvglkRugwpAc8ccfLg
URL: /, Token: eyJhbGciOiJIUzI1NiIsInR5cCI6IkpXVCJ9.eyJpZCI6IjZhMjM3Zjc0ZGFiYzgxNGRiYmJiZWViZCIsInJvbGUiOiJBRE1JTiIsImlhdCI6MTc4MTA3NjE0MiwiZXhwIjoxNzgzNjY4MTQyfQ.Q7ewQVOSKp2S1FR0wlcnvvJjHmvglkRugwpAc8ccfLg
URL: /, Token: eyJhbGciOiJIUzI1NiIsInR5cCI6IkpXVCJ9.eyJpZCI6IjZhMjM3Zjc0ZGFiYzgxNGRiYmJiZWViZCIsInJvbGUiOiJBRE1JTiIsImlhdCI6MTc4MTA3NjE0MiwiZXhwIjoxNzgzNjY4MTQyfQ.Q7ewQVOSKp2S1FR0wlcnvvJjHmvglkRugwpAc8ccfLg
URL: /, Token: eyJhbGciOiJIUzI1NiIsInR5cCI6IkpXVCJ9.eyJpZCI6IjZhMmQzZmU0NjFiYzFjMzU0YzAyY2E5NyIsInJvbGUiOiJDTVNfQURNSU4iLCJpYXQiOjE3ODEzNTA0NzksImV4cCI6MTc4Mzk0MjQ3OX0.qXhukbWrYPXX4eHR4U21tny_T8stQVwYd5Ux3pjcGNY
URL: /, Token: eyJhbGciOiJIUzI1NiIsInR5cCI6IkpXVCJ9.eyJpZCI6IjZhMmQzZmU0NjFiYzFjMzU0YzAyY2E5NyIsInJvbGUiOiJDTVNfQURNSU4iLCJpYXQiOjE3ODEzNTA0NzksImV4cCI6MTc4Mzk0MjQ3OX0.qXhukbWrYPXX4eHR4U21tny_T8stQVwYd5Ux3pjcGNY
URL: /, Token: eyJhbGciOiJIUzI1NiIsInR5cCI6IkpXVCJ9.eyJpZCI6IjZhMmQzZmU0NjFiYzFjMzU0YzAyY2E5NyIsInJvbGUiOiJDTVNfQURNSU4iLCJpYXQiOjE3ODEzNTA0NzksImV4cCI6MTc4Mzk0MjQ3OX0.qXhukbWrYPXX4eHR4U21tny_T8stQVwYd5Ux3pjcGNY
URL: /, Token: eyJhbGciOiJIUzI1NiIsInR5cCI6IkpXVCJ9.eyJpZCI6IjZhMmQzZmU0NjFiYzFjMzU0YzAyY2E5NyIsInJvbGUiOiJDTVNfQURNSU4iLCJpYXQiOjE3ODEzNTA0NzksImV4cCI6MTc4Mzk0MjQ3OX0.qXhukbWrYPXX4eHR4U21tny_T8stQVwYd5Ux3pjcGNY
URL: /, Token: eyJhbGciOiJIUzI1NiIsInR5cCI6IkpXVCJ9.eyJpZCI6IjZhMmQzZmU0NjFiYzFjMzU0YzAyY2E5NyIsInJvbGUiOiJDTVNfQURNSU4iLCJpYXQiOjE3ODEzNTA0NzksImV4cCI6MTc4Mzk0MjQ3OX0.qXhukbWrYPXX4eHR4U21tny_T8stQVwYd5Ux3pjcGNY
URL: /, Token: eyJhbGciOiJIUzI1NiIsInR5cCI6IkpXVCJ9.eyJpZCI6IjZhMjM3Zjc0ZGFiYzgxNGRiYmJiZWViZCIsInJvbGUiOiJBRE1JTiIsImlhdCI6MTc4MTA3NjE0MiwiZXhwIjoxNzgzNjY4MTQyfQ.Q7ewQVOSKp2S1FR0wlcnvvJjHmvglkRugwpAc8ccfLg
URL: /, Token: eyJhbGciOiJIUzI1NiIsInR5cCI6IkpXVCJ9.eyJpZCI6IjZhMmQzZmU0NjFiYzFjMzU0YzAyY2E5NyIsInJvbGUiOiJDTVNfQURNSU4iLCJpYXQiOjE3ODEzNTA0NzksImV4cCI6MTc4Mzk0MjQ3OX0.qXhukbWrYPXX4eHR4U21tny_T8stQVwYd5Ux3pjcGNY
URL: /, Token: eyJhbGciOiJIUzI1NiIsInR5cCI6IkpXVCJ9.eyJpZCI6IjZhMmQzZmU0NjFiYzFjMzU0YzAyY2E5NyIsInJvbGUiOiJDTVNfQURNSU4iLCJpYXQiOjE3ODEzNTA0NzksImV4cCI6MTc4Mzk0MjQ3OX0.qXhukbWrYPXX4eHR4U21tny_T8stQVwYd5Ux3pjcGNY
URL: /, Token: eyJhbGciOiJIUzI1NiIsInR5cCI6IkpXVCJ9.eyJpZCI6IjZhMjM3Zjc0ZGFiYzgxNGRiYmJiZWViZCIsInJvbGUiOiJBRE1JTiIsImlhdCI6MTc4MTA3NjE0MiwiZXhwIjoxNzgzNjY4MTQyfQ.Q7ewQVOSKp2S1FR0wlcnvvJjHmvglkRugwpAc8ccfLg
URL: /?t=1781350516152, Token: eyJhbGciOiJIUzI1NiIsInR5cCI6IkpXVCJ9.eyJpZCI6IjZhMjM3Zjc0ZGFiYzgxNGRiYmJiZWViZCIsInJvbGUiOiJBRE1JTiIsImlhdCI6MTc4MTA3NjE0MiwiZXhwIjoxNzgzNjY4MTQyfQ.Q7ewQVOSKp2S1FR0wlcnvvJjHmvglkRugwpAc8ccfLg
URL: /, Token: eyJhbGciOiJIUzI1NiIsInR5cCI6IkpXVCJ9.eyJpZCI6IjZhMjM3Zjc0ZGFiYzgxNGRiYmJiZWViZCIsInJvbGUiOiJBRE1JTiIsImlhdCI6MTc4MTA3NjE0MiwiZXhwIjoxNzgzNjY4MTQyfQ.Q7ewQVOSKp2S1FR0wlcnvvJjHmvglkRugwpAc8ccfLg
URL: /?t=1781350516171, Token: eyJhbGciOiJIUzI1NiIsInR5cCI6IkpXVCJ9.eyJpZCI6IjZhMjM3Zjc0ZGFiYzgxNGRiYmJiZWViZCIsInJvbGUiOiJBRE1JTiIsImlhdCI6MTc4MTA3NjE0MiwiZXhwIjoxNzgzNjY4MTQyfQ.Q7ewQVOSKp2S1FR0wlcnvvJjHmvglkRugwpAc8ccfLg
URL: /, Token: eyJhbGciOiJIUzI1NiIsInR5cCI6IkpXVCJ9.eyJpZCI6IjZhMjM3Zjc0ZGFiYzgxNGRiYmJiZWViZCIsInJvbGUiOiJBRE1JTiIsImlhdCI6MTc4MTA3NjE0MiwiZXhwIjoxNzgzNjY4MTQyfQ.Q7ewQVOSKp2S1FR0wlcnvvJjHmvglkRugwpAc8ccfLg
URL: /, Token: eyJhbGciOiJIUzI1NiIsInR5cCI6IkpXVCJ9.eyJpZCI6IjZhMjM3Zjc0ZGFiYzgxNGRiYmJiZWViZCIsInJvbGUiOiJBRE1JTiIsImlhdCI6MTc4MTA3NjE0MiwiZXhwIjoxNzgzNjY4MTQyfQ.Q7ewQVOSKp2S1FR0wlcnvvJjHmvglkRugwpAc8ccfLg
URL: /, Token: eyJhbGciOiJIUzI1NiIsInR5cCI6IkpXVCJ9.eyJpZCI6IjZhMjM3Zjc0ZGFiYzgxNGRiYmJiZWViZCIsInJvbGUiOiJBRE1JTiIsImlhdCI6MTc4MTA3NjE0MiwiZXhwIjoxNzgzNjY4MTQyfQ.Q7ewQVOSKp2S1FR0wlcnvvJjHmvglkRugwpAc8ccfLg
URL: /, Token: eyJhbGciOiJIUzI1NiIsInR5cCI6IkpXVCJ9.eyJpZCI6IjZhMjM3Zjc0ZGFiYzgxNGRiYmJiZWViZCIsInJvbGUiOiJBRE1JTiIsImlhdCI6MTc4MTA3NjE0MiwiZXhwIjoxNzgzNjY4MTQyfQ.Q7ewQVOSKp2S1FR0wlcnvvJjHmvglkRugwpAc8ccfLg
URL: /, Token: eyJhbGciOiJIUzI1NiIsInR5cCI6IkpXVCJ9.eyJpZCI6IjZhMjM3Zjc0ZGFiYzgxNGRiYmJiZWViZCIsInJvbGUiOiJBRE1JTiIsImlhdCI6MTc4MTA3NjE0MiwiZXhwIjoxNzgzNjY4MTQyfQ.Q7ewQVOSKp2S1FR0wlcnvvJjHmvglkRugwpAc8ccfLg
URL: /, Token: eyJhbGciOiJIUzI1NiIsInR5cCI6IkpXVCJ9.eyJpZCI6IjZhMmQzZmU0NjFiYzFjMzU0YzAyY2E5NyIsInJvbGUiOiJDTVNfQURNSU4iLCJpYXQiOjE3ODEzNTA0NzksImV4cCI6MTc4Mzk0MjQ3OX0.qXhukbWrYPXX4eHR4U21tny_T8stQVwYd5Ux3pjcGNY
URL: /, Token: eyJhbGciOiJIUzI1NiIsInR5cCI6IkpXVCJ9.eyJpZCI6IjZhMmQzZmU0NjFiYzFjMzU0YzAyY2E5NyIsInJvbGUiOiJDTVNfQURNSU4iLCJpYXQiOjE3ODEzNTA0NzksImV4cCI6MTc4Mzk0MjQ3OX0.qXhukbWrYPXX4eHR4U21tny_T8stQVwYd5Ux3pjcGNY
URL: /, Token: eyJhbGciOiJIUzI1NiIsInR5cCI6IkpXVCJ9.eyJpZCI6IjZhMmQzZmU0NjFiYzFjMzU0YzAyY2E5NyIsInJvbGUiOiJDTVNfQURNSU4iLCJpYXQiOjE3ODEzNTA0NzksImV4cCI6MTc4Mzk0MjQ3OX0.qXhukbWrYPXX4eHR4U21tny_T8stQVwYd5Ux3pjcGNY
URL: /, Token: eyJhbGciOiJIUzI1NiIsInR5cCI6IkpXVCJ9.eyJpZCI6IjZhMmQzZmU0NjFiYzFjMzU0YzAyY2E5NyIsInJvbGUiOiJDTVNfQURNSU4iLCJpYXQiOjE3ODEzNTA0NzksImV4cCI6MTc4Mzk0MjQ3OX0.qXhukbWrYPXX4eHR4U21tny_T8stQVwYd5Ux3pjcGNY
URL: /, Token: eyJhbGciOiJIUzI1NiIsInR5cCI6IkpXVCJ9.eyJpZCI6IjZhMjM3Zjc0ZGFiYzgxNGRiYmJiZWViZCIsInJvbGUiOiJBRE1JTiIsImlhdCI6MTc4MTA3NjE0MiwiZXhwIjoxNzgzNjY4MTQyfQ.Q7ewQVOSKp2S1FR0wlcnvvJjHmvglkRugwpAc8ccfLg
URL: /, Token: eyJhbGciOiJIUzI1NiIsInR5cCI6IkpXVCJ9.eyJpZCI6IjZhMmQzZmU0NjFiYzFjMzU0YzAyY2E5NyIsInJvbGUiOiJDTVNfQURNSU4iLCJpYXQiOjE3ODEzNTA0NzksImV4cCI6MTc4Mzk0MjQ3OX0.qXhukbWrYPXX4eHR4U21tny_T8stQVwYd5Ux3pjcGNY
URL: /, Token: eyJhbGciOiJIUzI1NiIsInR5cCI6IkpXVCJ9.eyJpZCI6IjZhMjM3Zjc0ZGFiYzgxNGRiYmJiZWViZCIsInJvbGUiOiJBRE1JTiIsImlhdCI6MTc4MTA3NjE0MiwiZXhwIjoxNzgzNjY4MTQyfQ.Q7ewQVOSKp2S1FR0wlcnvvJjHmvglkRugwpAc8ccfLg
URL: /, Token: eyJhbGciOiJIUzI1NiIsInR5cCI6IkpXVCJ9.eyJpZCI6IjZhMjM3Zjc0ZGFiYzgxNGRiYmJiZWViZCIsInJvbGUiOiJBRE1JTiIsImlhdCI6MTc4MTA3NjE0MiwiZXhwIjoxNzgzNjY4MTQyfQ.Q7ewQVOSKp2S1FR0wlcnvvJjHmvglkRugwpAc8ccfLg
URL: /, Token: eyJhbGciOiJIUzI1NiIsInR5cCI6IkpXVCJ9.eyJpZCI6IjZhMjM3Zjc0ZGFiYzgxNGRiYmJiZWViZCIsInJvbGUiOiJBRE1JTiIsImlhdCI6MTc4MTA3NjE0MiwiZXhwIjoxNzgzNjY4MTQyfQ.Q7ewQVOSKp2S1FR0wlcnvvJjHmvglkRugwpAc8ccfLg
URL: /, Token: eyJhbGciOiJIUzI1NiIsInR5cCI6IkpXVCJ9.eyJpZCI6IjZhMjM3Zjc0ZGFiYzgxNGRiYmJiZWViZCIsInJvbGUiOiJBRE1JTiIsImlhdCI6MTc4MTA3NjE0MiwiZXhwIjoxNzgzNjY4MTQyfQ.Q7ewQVOSKp2S1FR0wlcnvvJjHmvglkRugwpAc8ccfLg
URL: /, Token: eyJhbGciOiJIUzI1NiIsInR5cCI6IkpXVCJ9.eyJpZCI6IjZhMjM3Zjc0ZGFiYzgxNGRiYmJiZWViZCIsInJvbGUiOiJBRE1JTiIsImlhdCI6MTc4MTA3NjE0MiwiZXhwIjoxNzgzNjY4MTQyfQ.Q7ewQVOSKp2S1FR0wlcnvvJjHmvglkRugwpAc8ccfLg
URL: /, Token: eyJhbGciOiJIUzI1NiIsInR5cCI6IkpXVCJ9.eyJpZCI6IjZhMjM3Zjc0ZGFiYzgxNGRiYmJiZWViZCIsInJvbGUiOiJBRE1JTiIsImlhdCI6MTc4MTA3NjE0MiwiZXhwIjoxNzgzNjY4MTQyfQ.Q7ewQVOSKp2S1FR0wlcnvvJjHmvglkRugwpAc8ccfLg
URL: /, Token: eyJhbGciOiJIUzI1NiIsInR5cCI6IkpXVCJ9.eyJpZCI6IjZhMjM3Zjc0ZGFiYzgxNGRiYmJiZWViZCIsInJvbGUiOiJBRE1JTiIsImlhdCI6MTc4MTA3NjE0MiwiZXhwIjoxNzgzNjY4MTQyfQ.Q7ewQVOSKp2S1FR0wlcnvvJjHmvglkRugwpAc8ccfLg
URL: /, Token: eyJhbGciOiJIUzI1NiIsInR5cCI6IkpXVCJ9.eyJpZCI6IjZhMjM3Zjc0ZGFiYzgxNGRiYmJiZWViZCIsInJvbGUiOiJBRE1JTiIsImlhdCI6MTc4MTA3NjE0MiwiZXhwIjoxNzgzNjY4MTQyfQ.Q7ewQVOSKp2S1FR0wlcnvvJjHmvglkRugwpAc8ccfLg
URL: /, Token: eyJhbGciOiJIUzI1NiIsInR5cCI6IkpXVCJ9.eyJpZCI6IjZhMjM3Zjc0ZGFiYzgxNGRiYmJiZWViZCIsInJvbGUiOiJBRE1JTiIsImlhdCI6MTc4MTA3NjE0MiwiZXhwIjoxNzgzNjY4MTQyfQ.Q7ewQVOSKp2S1FR0wlcnvvJjHmvglkRugwpAc8ccfLg
URL: /, Token: eyJhbGciOiJIUzI1NiIsInR5cCI6IkpXVCJ9.eyJpZCI6IjZhMmQzZmU0NjFiYzFjMzU0YzAyY2E5NyIsInJvbGUiOiJDTVNfQURNSU4iLCJpYXQiOjE3ODEzNTA3NTQsImV4cCI6MTc4Mzk0Mjc1NH0.EYqp7jYIPLMB9EMkRyXsfl4lYJ8TNkh8PCGTFtGaeos
URL: /, Token: eyJhbGciOiJIUzI1NiIsInR5cCI6IkpXVCJ9.eyJpZCI6IjZhMmQzZmU0NjFiYzFjMzU0YzAyY2E5NyIsInJvbGUiOiJDTVNfQURNSU4iLCJpYXQiOjE3ODEzNTA3NTQsImV4cCI6MTc4Mzk0Mjc1NH0.EYqp7jYIPLMB9EMkRyXsfl4lYJ8TNkh8PCGTFtGaeos
URL: /, Token: eyJhbGciOiJIUzI1NiIsInR5cCI6IkpXVCJ9.eyJpZCI6IjZhMjM3Zjc0ZGFiYzgxNGRiYmJiZWViZCIsInJvbGUiOiJBRE1JTiIsImlhdCI6MTc4MTA3NjE0MiwiZXhwIjoxNzgzNjY4MTQyfQ.Q7ewQVOSKp2S1FR0wlcnvvJjHmvglkRugwpAc8ccfLg
URL: /, Token: eyJhbGciOiJIUzI1NiIsInR5cCI6IkpXVCJ9.eyJpZCI6IjZhMmQzZmU0NjFiYzFjMzU0YzAyY2E5NyIsInJvbGUiOiJDTVNfQURNSU4iLCJpYXQiOjE3ODEzNTA3NTQsImV4cCI6MTc4Mzk0Mjc1NH0.EYqp7jYIPLMB9EMkRyXsfl4lYJ8TNkh8PCGTFtGaeos
URL: /, Token: eyJhbGciOiJIUzI1NiIsInR5cCI6IkpXVCJ9.eyJpZCI6IjZhMjM3Zjc0ZGFiYzgxNGRiYmJiZWViZCIsInJvbGUiOiJBRE1JTiIsImlhdCI6MTc4MTA3NjE0MiwiZXhwIjoxNzgzNjY4MTQyfQ.Q7ewQVOSKp2S1FR0wlcnvvJjHmvglkRugwpAc8ccfLg
URL: /, Token: eyJhbGciOiJIUzI1NiIsInR5cCI6IkpXVCJ9.eyJpZCI6IjZhMjM3Zjc0ZGFiYzgxNGRiYmJiZWViZCIsInJvbGUiOiJBRE1JTiIsImlhdCI6MTc4MTA3NjE0MiwiZXhwIjoxNzgzNjY4MTQyfQ.Q7ewQVOSKp2S1FR0wlcnvvJjHmvglkRugwpAc8ccfLg
URL: /, Token: eyJhbGciOiJIUzI1NiIsInR5cCI6IkpXVCJ9.eyJpZCI6IjZhMjM3Zjc0ZGFiYzgxNGRiYmJiZWViZCIsInJvbGUiOiJBRE1JTiIsImlhdCI6MTc4MTA3NjE0MiwiZXhwIjoxNzgzNjY4MTQyfQ.Q7ewQVOSKp2S1FR0wlcnvvJjHmvglkRugwpAc8ccfLg
URL: /dashboard?t=1781350805317, Token: eyJhbGciOiJIUzI1NiIsInR5cCI6IkpXVCJ9.eyJpZCI6IjZhMjM3Zjc0ZGFiYzgxNGRiYmJiZWViZCIsInJvbGUiOiJBRE1JTiIsImlhdCI6MTc4MTA3NjE0MiwiZXhwIjoxNzgzNjY4MTQyfQ.Q7ewQVOSKp2S1FR0wlcnvvJjHmvglkRugwpAc8ccfLg
URL: /?t=1781350805318, Token: eyJhbGciOiJIUzI1NiIsInR5cCI6IkpXVCJ9.eyJpZCI6IjZhMjM3Zjc0ZGFiYzgxNGRiYmJiZWViZCIsInJvbGUiOiJBRE1JTiIsImlhdCI6MTc4MTA3NjE0MiwiZXhwIjoxNzgzNjY4MTQyfQ.Q7ewQVOSKp2S1FR0wlcnvvJjHmvglkRugwpAc8ccfLg
URL: /dashboard?t=1781350805320, Token: eyJhbGciOiJIUzI1NiIsInR5cCI6IkpXVCJ9.eyJpZCI6IjZhMjM3Zjc0ZGFiYzgxNGRiYmJiZWViZCIsInJvbGUiOiJBRE1JTiIsImlhdCI6MTc4MTA3NjE0MiwiZXhwIjoxNzgzNjY4MTQyfQ.Q7ewQVOSKp2S1FR0wlcnvvJjHmvglkRugwpAc8ccfLg
URL: /?t=1781350805320, Token: eyJhbGciOiJIUzI1NiIsInR5cCI6IkpXVCJ9.eyJpZCI6IjZhMjM3Zjc0ZGFiYzgxNGRiYmJiZWViZCIsInJvbGUiOiJBRE1JTiIsImlhdCI6MTc4MTA3NjE0MiwiZXhwIjoxNzgzNjY4MTQyfQ.Q7ewQVOSKp2S1FR0wlcnvvJjHmvglkRugwpAc8ccfLg
URL: /?t=1781350807271, Token: eyJhbGciOiJIUzI1NiIsInR5cCI6IkpXVCJ9.eyJpZCI6IjZhMjM3Zjc0ZGFiYzgxNGRiYmJiZWViZCIsInJvbGUiOiJBRE1JTiIsImlhdCI6MTc4MTA3NjE0MiwiZXhwIjoxNzgzNjY4MTQyfQ.Q7ewQVOSKp2S1FR0wlcnvvJjHmvglkRugwpAc8ccfLg
URL: /?t=1781350807274, Token: eyJhbGciOiJIUzI1NiIsInR5cCI6IkpXVCJ9.eyJpZCI6IjZhMjM3Zjc0ZGFiYzgxNGRiYmJiZWViZCIsInJvbGUiOiJBRE1JTiIsImlhdCI6MTc4MTA3NjE0MiwiZXhwIjoxNzgzNjY4MTQyfQ.Q7ewQVOSKp2S1FR0wlcnvvJjHmvglkRugwpAc8ccfLg
URL: /, Token: eyJhbGciOiJIUzI1NiIsInR5cCI6IkpXVCJ9.eyJpZCI6IjZhMjM3Zjc0ZGFiYzgxNGRiYmJiZWViZCIsInJvbGUiOiJBRE1JTiIsImlhdCI6MTc4MTA3NjE0MiwiZXhwIjoxNzgzNjY4MTQyfQ.Q7ewQVOSKp2S1FR0wlcnvvJjHmvglkRugwpAc8ccfLg
URL: /, Token: eyJhbGciOiJIUzI1NiIsInR5cCI6IkpXVCJ9.eyJpZCI6IjZhMjM3Zjc0ZGFiYzgxNGRiYmJiZWViZCIsInJvbGUiOiJBRE1JTiIsImlhdCI6MTc4MTA3NjE0MiwiZXhwIjoxNzgzNjY4MTQyfQ.Q7ewQVOSKp2S1FR0wlcnvvJjHmvglkRugwpAc8ccfLg
URL: /, Token: eyJhbGciOiJIUzI1NiIsInR5cCI6IkpXVCJ9.eyJpZCI6IjZhMjM3Zjc0ZGFiYzgxNGRiYmJiZWViZCIsInJvbGUiOiJBRE1JTiIsImlhdCI6MTc4MTA3NjE0MiwiZXhwIjoxNzgzNjY4MTQyfQ.Q7ewQVOSKp2S1FR0wlcnvvJjHmvglkRugwpAc8ccfLg
URL: /, Token: eyJhbGciOiJIUzI1NiIsInR5cCI6IkpXVCJ9.eyJpZCI6IjZhMjM3Zjc0ZGFiYzgxNGRiYmJiZWViZCIsInJvbGUiOiJBRE1JTiIsImlhdCI6MTc4MTA3NjE0MiwiZXhwIjoxNzgzNjY4MTQyfQ.Q7ewQVOSKp2S1FR0wlcnvvJjHmvglkRugwpAc8ccfLg
URL: /, Token: eyJhbGciOiJIUzI1NiIsInR5cCI6IkpXVCJ9.eyJpZCI6IjZhMjM3Zjc0ZGFiYzgxNGRiYmJiZWViZCIsInJvbGUiOiJBRE1JTiIsImlhdCI6MTc4MTA3NjE0MiwiZXhwIjoxNzgzNjY4MTQyfQ.Q7ewQVOSKp2S1FR0wlcnvvJjHmvglkRugwpAc8ccfLg
URL: /, Token: eyJhbGciOiJIUzI1NiIsInR5cCI6IkpXVCJ9.eyJpZCI6IjZhMjM3Zjc0ZGFiYzgxNGRiYmJiZWViZCIsInJvbGUiOiJBRE1JTiIsImlhdCI6MTc4MTA3NjE0MiwiZXhwIjoxNzgzNjY4MTQyfQ.Q7ewQVOSKp2S1FR0wlcnvvJjHmvglkRugwpAc8ccfLg
URL: /, Token: eyJhbGciOiJIUzI1NiIsInR5cCI6IkpXVCJ9.eyJpZCI6IjZhMjM3Zjc0ZGFiYzgxNGRiYmJiZWViZCIsInJvbGUiOiJBRE1JTiIsImlhdCI6MTc4MTA3NjE0MiwiZXhwIjoxNzgzNjY4MTQyfQ.Q7ewQVOSKp2S1FR0wlcnvvJjHmvglkRugwpAc8ccfLg
URL: /, Token: eyJhbGciOiJIUzI1NiIsInR5cCI6IkpXVCJ9.eyJpZCI6IjZhMjM3Zjc0ZGFiYzgxNGRiYmJiZWViZCIsInJvbGUiOiJBRE1JTiIsImlhdCI6MTc4MTA3NjE0MiwiZXhwIjoxNzgzNjY4MTQyfQ.Q7ewQVOSKp2S1FR0wlcnvvJjHmvglkRugwpAc8ccfLg
URL: /dashboard?t=1781350851284, Token: eyJhbGciOiJIUzI1NiIsInR5cCI6IkpXVCJ9.eyJpZCI6IjZhMjM3Zjc0ZGFiYzgxNGRiYmJiZWViZCIsInJvbGUiOiJBRE1JTiIsImlhdCI6MTc4MTA3NjE0MiwiZXhwIjoxNzgzNjY4MTQyfQ.Q7ewQVOSKp2S1FR0wlcnvvJjHmvglkRugwpAc8ccfLg
URL: /?t=1781350851285, Token: eyJhbGciOiJIUzI1NiIsInR5cCI6IkpXVCJ9.eyJpZCI6IjZhMjM3Zjc0ZGFiYzgxNGRiYmJiZWViZCIsInJvbGUiOiJBRE1JTiIsImlhdCI6MTc4MTA3NjE0MiwiZXhwIjoxNzgzNjY4MTQyfQ.Q7ewQVOSKp2S1FR0wlcnvvJjHmvglkRugwpAc8ccfLg
URL: /dashboard?t=1781350851285, Token: eyJhbGciOiJIUzI1NiIsInR5cCI6IkpXVCJ9.eyJpZCI6IjZhMjM3Zjc0ZGFiYzgxNGRiYmJiZWViZCIsInJvbGUiOiJBRE1JTiIsImlhdCI6MTc4MTA3NjE0MiwiZXhwIjoxNzgzNjY4MTQyfQ.Q7ewQVOSKp2S1FR0wlcnvvJjHmvglkRugwpAc8ccfLg
URL: /?t=1781350851286, Token: eyJhbGciOiJIUzI1NiIsInR5cCI6IkpXVCJ9.eyJpZCI6IjZhMjM3Zjc0ZGFiYzgxNGRiYmJiZWViZCIsInJvbGUiOiJBRE1JTiIsImlhdCI6MTc4MTA3NjE0MiwiZXhwIjoxNzgzNjY4MTQyfQ.Q7ewQVOSKp2S1FR0wlcnvvJjHmvglkRugwpAc8ccfLg
URL: /, Token: eyJhbGciOiJIUzI1NiIsInR5cCI6IkpXVCJ9.eyJpZCI6IjZhMjM3Zjc0ZGFiYzgxNGRiYmJiZWViZCIsInJvbGUiOiJBRE1JTiIsImlhdCI6MTc4MTA3NjE0MiwiZXhwIjoxNzgzNjY4MTQyfQ.Q7ewQVOSKp2S1FR0wlcnvvJjHmvglkRugwpAc8ccfLg
URL: /dashboard?t=1781350866526, Token: eyJhbGciOiJIUzI1NiIsInR5cCI6IkpXVCJ9.eyJpZCI6IjZhMjM3Zjc0ZGFiYzgxNGRiYmJiZWViZCIsInJvbGUiOiJBRE1JTiIsImlhdCI6MTc4MTA3NjE0MiwiZXhwIjoxNzgzNjY4MTQyfQ.Q7ewQVOSKp2S1FR0wlcnvvJjHmvglkRugwpAc8ccfLg
URL: /?t=1781350866527, Token: eyJhbGciOiJIUzI1NiIsInR5cCI6IkpXVCJ9.eyJpZCI6IjZhMjM3Zjc0ZGFiYzgxNGRiYmJiZWViZCIsInJvbGUiOiJBRE1JTiIsImlhdCI6MTc4MTA3NjE0MiwiZXhwIjoxNzgzNjY4MTQyfQ.Q7ewQVOSKp2S1FR0wlcnvvJjHmvglkRugwpAc8ccfLg
URL: /dashboard?t=1781350882179, Token: eyJhbGciOiJIUzI1NiIsInR5cCI6IkpXVCJ9.eyJpZCI6IjZhMjM3Zjc0ZGFiYzgxNGRiYmJiZWViZCIsInJvbGUiOiJBRE1JTiIsImlhdCI6MTc4MTA3NjE0MiwiZXhwIjoxNzgzNjY4MTQyfQ.Q7ewQVOSKp2S1FR0wlcnvvJjHmvglkRugwpAc8ccfLg
URL: /?t=1781350882180, Token: eyJhbGciOiJIUzI1NiIsInR5cCI6IkpXVCJ9.eyJpZCI6IjZhMjM3Zjc0ZGFiYzgxNGRiYmJiZWViZCIsInJvbGUiOiJBRE1JTiIsImlhdCI6MTc4MTA3NjE0MiwiZXhwIjoxNzgzNjY4MTQyfQ.Q7ewQVOSKp2S1FR0wlcnvvJjHmvglkRugwpAc8ccfLg
URL: /, Token: eyJhbGciOiJIUzI1NiIsInR5cCI6IkpXVCJ9.eyJpZCI6IjZhMjM3Zjc0ZGFiYzgxNGRiYmJiZWViZCIsInJvbGUiOiJBRE1JTiIsImlhdCI6MTc4MTA3NjE0MiwiZXhwIjoxNzgzNjY4MTQyfQ.Q7ewQVOSKp2S1FR0wlcnvvJjHmvglkRugwpAc8ccfLg
URL: /dashboard?t=1781350897169, Token: eyJhbGciOiJIUzI1NiIsInR5cCI6IkpXVCJ9.eyJpZCI6IjZhMjM3Zjc0ZGFiYzgxNGRiYmJiZWViZCIsInJvbGUiOiJBRE1JTiIsImlhdCI6MTc4MTA3NjE0MiwiZXhwIjoxNzgzNjY4MTQyfQ.Q7ewQVOSKp2S1FR0wlcnvvJjHmvglkRugwpAc8ccfLg
URL: /?t=1781350897170, Token: eyJhbGciOiJIUzI1NiIsInR5cCI6IkpXVCJ9.eyJpZCI6IjZhMjM3Zjc0ZGFiYzgxNGRiYmJiZWViZCIsInJvbGUiOiJBRE1JTiIsImlhdCI6MTc4MTA3NjE0MiwiZXhwIjoxNzgzNjY4MTQyfQ.Q7ewQVOSKp2S1FR0wlcnvvJjHmvglkRugwpAc8ccfLg
URL: /dashboard-stats, Token: eyJhbGciOiJIUzI1NiIsInR5cCI6IkpXVCJ9.eyJpZCI6IjZhMmJkMWRkN2QzOGUyZGQxZjRkNDYyYiIsInJvbGUiOiJERUxJVkVSWV9CT1kiLCJpYXQiOjE3ODEzNTA5OTksImV4cCI6MTc4Mzk0Mjk5OX0.3XWYUgObNcIIMuvYjnonFCD3ST_uYDWdIGuLDY5yfvs
URL: /dashboard-stats, Token: eyJhbGciOiJIUzI1NiIsInR5cCI6IkpXVCJ9.eyJpZCI6IjZhMmJkMWRkN2QzOGUyZGQxZjRkNDYyYiIsInJvbGUiOiJERUxJVkVSWV9CT1kiLCJpYXQiOjE3ODEzNTA5OTksImV4cCI6MTc4Mzk0Mjk5OX0.3XWYUgObNcIIMuvYjnonFCD3ST_uYDWdIGuLDY5yfvs
URL: /orders, Token: eyJhbGciOiJIUzI1NiIsInR5cCI6IkpXVCJ9.eyJpZCI6IjZhMmJkMWRkN2QzOGUyZGQxZjRkNDYyYiIsInJvbGUiOiJERUxJVkVSWV9CT1kiLCJpYXQiOjE3ODEzNTA5OTksImV4cCI6MTc4Mzk0Mjk5OX0.3XWYUgObNcIIMuvYjnonFCD3ST_uYDWdIGuLDY5yfvs
URL: /orders, Token: eyJhbGciOiJIUzI1NiIsInR5cCI6IkpXVCJ9.eyJpZCI6IjZhMmJkMWRkN2QzOGUyZGQxZjRkNDYyYiIsInJvbGUiOiJERUxJVkVSWV9CT1kiLCJpYXQiOjE3ODEzNTA5OTksImV4cCI6MTc4Mzk0Mjk5OX0.3XWYUgObNcIIMuvYjnonFCD3ST_uYDWdIGuLDY5yfvs
URL: /orders, Token: eyJhbGciOiJIUzI1NiIsInR5cCI6IkpXVCJ9.eyJpZCI6IjZhMmJkMWRkN2QzOGUyZGQxZjRkNDYyYiIsInJvbGUiOiJERUxJVkVSWV9CT1kiLCJpYXQiOjE3ODEzNTA5OTksImV4cCI6MTc4Mzk0Mjk5OX0.3XWYUgObNcIIMuvYjnonFCD3ST_uYDWdIGuLDY5yfvs
URL: /earnings, Token: eyJhbGciOiJIUzI1NiIsInR5cCI6IkpXVCJ9.eyJpZCI6IjZhMmJkMWRkN2QzOGUyZGQxZjRkNDYyYiIsInJvbGUiOiJERUxJVkVSWV9CT1kiLCJpYXQiOjE3ODEzNTA5OTksImV4cCI6MTc4Mzk0Mjk5OX0.3XWYUgObNcIIMuvYjnonFCD3ST_uYDWdIGuLDY5yfvs
URL: /earnings, Token: eyJhbGciOiJIUzI1NiIsInR5cCI6IkpXVCJ9.eyJpZCI6IjZhMmJkMWRkN2QzOGUyZGQxZjRkNDYyYiIsInJvbGUiOiJERUxJVkVSWV9CT1kiLCJpYXQiOjE3ODEzNTA5OTksImV4cCI6MTc4Mzk0Mjk5OX0.3XWYUgObNcIIMuvYjnonFCD3ST_uYDWdIGuLDY5yfvs
URL: /dashboard-stats, Token: eyJhbGciOiJIUzI1NiIsInR5cCI6IkpXVCJ9.eyJpZCI6IjZhMmJkMWRkN2QzOGUyZGQxZjRkNDYyYiIsInJvbGUiOiJERUxJVkVSWV9CT1kiLCJpYXQiOjE3ODEzNTExMDcsImV4cCI6MTc4Mzk0MzEwN30.2W_9AiAS97I8r4braGPRNJjJvr--RPkcYraHmVY2QaI
URL: /dashboard-stats, Token: eyJhbGciOiJIUzI1NiIsInR5cCI6IkpXVCJ9.eyJpZCI6IjZhMmJkMWRkN2QzOGUyZGQxZjRkNDYyYiIsInJvbGUiOiJERUxJVkVSWV9CT1kiLCJpYXQiOjE3ODEzNTExMDcsImV4cCI6MTc4Mzk0MzEwN30.2W_9AiAS97I8r4braGPRNJjJvr--RPkcYraHmVY2QaI
URL: /, Token: eyJhbGciOiJIUzI1NiIsInR5cCI6IkpXVCJ9.eyJpZCI6IjZhMmQzZmU0NjFiYzFjMzU0YzAyY2E5NyIsInJvbGUiOiJDTVNfQURNSU4iLCJpYXQiOjE3ODEzNTExMzIsImV4cCI6MTc4Mzk0MzEzMn0.XV456oHhRg4xNZ5qDgFHbCuZTxNtJgjnIYq5vYnDsvk
URL: /, Token: eyJhbGciOiJIUzI1NiIsInR5cCI6IkpXVCJ9.eyJpZCI6IjZhMmQzZmU0NjFiYzFjMzU0YzAyY2E5NyIsInJvbGUiOiJDTVNfQURNSU4iLCJpYXQiOjE3ODEzNTExMzIsImV4cCI6MTc4Mzk0MzEzMn0.XV456oHhRg4xNZ5qDgFHbCuZTxNtJgjnIYq5vYnDsvk
URL: /, Token: eyJhbGciOiJIUzI1NiIsInR5cCI6IkpXVCJ9.eyJpZCI6IjZhMjM3Zjc0ZGFiYzgxNGRiYmJiZWViZCIsInJvbGUiOiJBRE1JTiIsImlhdCI6MTc4MTM1MTE0OSwiZXhwIjoxNzgzOTQzMTQ5fQ.AzoKrhDzLtWaxPWNP6mgkMFV_yZ-9nevIB_B2mfsyN8
URL: /dashboard?t=1781351149170, Token: eyJhbGciOiJIUzI1NiIsInR5cCI6IkpXVCJ9.eyJpZCI6IjZhMjM3Zjc0ZGFiYzgxNGRiYmJiZWViZCIsInJvbGUiOiJBRE1JTiIsImlhdCI6MTc4MTM1MTE0OSwiZXhwIjoxNzgzOTQzMTQ5fQ.AzoKrhDzLtWaxPWNP6mgkMFV_yZ-9nevIB_B2mfsyN8
URL: /?t=1781351149171, Token: eyJhbGciOiJIUzI1NiIsInR5cCI6IkpXVCJ9.eyJpZCI6IjZhMjM3Zjc0ZGFiYzgxNGRiYmJiZWViZCIsInJvbGUiOiJBRE1JTiIsImlhdCI6MTc4MTM1MTE0OSwiZXhwIjoxNzgzOTQzMTQ5fQ.AzoKrhDzLtWaxPWNP6mgkMFV_yZ-9nevIB_B2mfsyN8
URL: /dashboard?t=1781351149172, Token: eyJhbGciOiJIUzI1NiIsInR5cCI6IkpXVCJ9.eyJpZCI6IjZhMjM3Zjc0ZGFiYzgxNGRiYmJiZWViZCIsInJvbGUiOiJBRE1JTiIsImlhdCI6MTc4MTM1MTE0OSwiZXhwIjoxNzgzOTQzMTQ5fQ.AzoKrhDzLtWaxPWNP6mgkMFV_yZ-9nevIB_B2mfsyN8
URL: /?t=1781351149172, Token: eyJhbGciOiJIUzI1NiIsInR5cCI6IkpXVCJ9.eyJpZCI6IjZhMjM3Zjc0ZGFiYzgxNGRiYmJiZWViZCIsInJvbGUiOiJBRE1JTiIsImlhdCI6MTc4MTM1MTE0OSwiZXhwIjoxNzgzOTQzMTQ5fQ.AzoKrhDzLtWaxPWNP6mgkMFV_yZ-9nevIB_B2mfsyN8
URL: /, Token: eyJhbGciOiJIUzI1NiIsInR5cCI6IkpXVCJ9.eyJpZCI6IjZhMjM3Zjc0ZGFiYzgxNGRiYmJiZWViZCIsInJvbGUiOiJBRE1JTiIsImlhdCI6MTc4MTM1MTE0OSwiZXhwIjoxNzgzOTQzMTQ5fQ.AzoKrhDzLtWaxPWNP6mgkMFV_yZ-9nevIB_B2mfsyN8
URL: /?t=1781351151546, Token: eyJhbGciOiJIUzI1NiIsInR5cCI6IkpXVCJ9.eyJpZCI6IjZhMjM3Zjc0ZGFiYzgxNGRiYmJiZWViZCIsInJvbGUiOiJBRE1JTiIsImlhdCI6MTc4MTM1MTE0OSwiZXhwIjoxNzgzOTQzMTQ5fQ.AzoKrhDzLtWaxPWNP6mgkMFV_yZ-9nevIB_B2mfsyN8
URL: /?t=1781351151547, Token: eyJhbGciOiJIUzI1NiIsInR5cCI6IkpXVCJ9.eyJpZCI6IjZhMjM3Zjc0ZGFiYzgxNGRiYmJiZWViZCIsInJvbGUiOiJBRE1JTiIsImlhdCI6MTc4MTM1MTE0OSwiZXhwIjoxNzgzOTQzMTQ5fQ.AzoKrhDzLtWaxPWNP6mgkMFV_yZ-9nevIB_B2mfsyN8
URL: /, Token: eyJhbGciOiJIUzI1NiIsInR5cCI6IkpXVCJ9.eyJpZCI6IjZhMjM3Zjc0ZGFiYzgxNGRiYmJiZWViZCIsInJvbGUiOiJBRE1JTiIsImlhdCI6MTc4MTM1MTE0OSwiZXhwIjoxNzgzOTQzMTQ5fQ.AzoKrhDzLtWaxPWNP6mgkMFV_yZ-9nevIB_B2mfsyN8
URL: /, Token: eyJhbGciOiJIUzI1NiIsInR5cCI6IkpXVCJ9.eyJpZCI6IjZhMjM3Zjc0ZGFiYzgxNGRiYmJiZWViZCIsInJvbGUiOiJBRE1JTiIsImlhdCI6MTc4MTM1MTE0OSwiZXhwIjoxNzgzOTQzMTQ5fQ.AzoKrhDzLtWaxPWNP6mgkMFV_yZ-9nevIB_B2mfsyN8
URL: /dashboard?t=1781351153791, Token: eyJhbGciOiJIUzI1NiIsInR5cCI6IkpXVCJ9.eyJpZCI6IjZhMjM3Zjc0ZGFiYzgxNGRiYmJiZWViZCIsInJvbGUiOiJBRE1JTiIsImlhdCI6MTc4MTM1MTE0OSwiZXhwIjoxNzgzOTQzMTQ5fQ.AzoKrhDzLtWaxPWNP6mgkMFV_yZ-9nevIB_B2mfsyN8
URL: /?t=1781351153792, Token: eyJhbGciOiJIUzI1NiIsInR5cCI6IkpXVCJ9.eyJpZCI6IjZhMjM3Zjc0ZGFiYzgxNGRiYmJiZWViZCIsInJvbGUiOiJBRE1JTiIsImlhdCI6MTc4MTM1MTE0OSwiZXhwIjoxNzgzOTQzMTQ5fQ.AzoKrhDzLtWaxPWNP6mgkMFV_yZ-9nevIB_B2mfsyN8
URL: /dashboard?t=1781351153793, Token: eyJhbGciOiJIUzI1NiIsInR5cCI6IkpXVCJ9.eyJpZCI6IjZhMjM3Zjc0ZGFiYzgxNGRiYmJiZWViZCIsInJvbGUiOiJBRE1JTiIsImlhdCI6MTc4MTM1MTE0OSwiZXhwIjoxNzgzOTQzMTQ5fQ.AzoKrhDzLtWaxPWNP6mgkMFV_yZ-9nevIB_B2mfsyN8
URL: /?t=1781351153794, Token: eyJhbGciOiJIUzI1NiIsInR5cCI6IkpXVCJ9.eyJpZCI6IjZhMjM3Zjc0ZGFiYzgxNGRiYmJiZWViZCIsInJvbGUiOiJBRE1JTiIsImlhdCI6MTc4MTM1MTE0OSwiZXhwIjoxNzgzOTQzMTQ5fQ.AzoKrhDzLtWaxPWNP6mgkMFV_yZ-9nevIB_B2mfsyN8
URL: /dashboard?t=1781351169170, Token: eyJhbGciOiJIUzI1NiIsInR5cCI6IkpXVCJ9.eyJpZCI6IjZhMjM3Zjc0ZGFiYzgxNGRiYmJiZWViZCIsInJvbGUiOiJBRE1JTiIsImlhdCI6MTc4MTM1MTE0OSwiZXhwIjoxNzgzOTQzMTQ5fQ.AzoKrhDzLtWaxPWNP6mgkMFV_yZ-9nevIB_B2mfsyN8
URL: /?t=1781351169172, Token: eyJhbGciOiJIUzI1NiIsInR5cCI6IkpXVCJ9.eyJpZCI6IjZhMjM3Zjc0ZGFiYzgxNGRiYmJiZWViZCIsInJvbGUiOiJBRE1JTiIsImlhdCI6MTc4MTM1MTE0OSwiZXhwIjoxNzgzOTQzMTQ5fQ.AzoKrhDzLtWaxPWNP6mgkMFV_yZ-9nevIB_B2mfsyN8
URL: /, Token: eyJhbGciOiJIUzI1NiIsInR5cCI6IkpXVCJ9.eyJpZCI6IjZhMjM3Zjc0ZGFiYzgxNGRiYmJiZWViZCIsInJvbGUiOiJBRE1JTiIsImlhdCI6MTc4MTM1MTE0OSwiZXhwIjoxNzgzOTQzMTQ5fQ.AzoKrhDzLtWaxPWNP6mgkMFV_yZ-9nevIB_B2mfsyN8
URL: /dashboard?t=1781351184176, Token: eyJhbGciOiJIUzI1NiIsInR5cCI6IkpXVCJ9.eyJpZCI6IjZhMjM3Zjc0ZGFiYzgxNGRiYmJiZWViZCIsInJvbGUiOiJBRE1JTiIsImlhdCI6MTc4MTM1MTE0OSwiZXhwIjoxNzgzOTQzMTQ5fQ.AzoKrhDzLtWaxPWNP6mgkMFV_yZ-9nevIB_B2mfsyN8
URL: /?t=1781351184177, Token: eyJhbGciOiJIUzI1NiIsInR5cCI6IkpXVCJ9.eyJpZCI6IjZhMjM3Zjc0ZGFiYzgxNGRiYmJiZWViZCIsInJvbGUiOiJBRE1JTiIsImlhdCI6MTc4MTM1MTE0OSwiZXhwIjoxNzgzOTQzMTQ5fQ.AzoKrhDzLtWaxPWNP6mgkMFV_yZ-9nevIB_B2mfsyN8
URL: /dashboard?t=1781351199176, Token: eyJhbGciOiJIUzI1NiIsInR5cCI6IkpXVCJ9.eyJpZCI6IjZhMjM3Zjc0ZGFiYzgxNGRiYmJiZWViZCIsInJvbGUiOiJBRE1JTiIsImlhdCI6MTc4MTM1MTE0OSwiZXhwIjoxNzgzOTQzMTQ5fQ.AzoKrhDzLtWaxPWNP6mgkMFV_yZ-9nevIB_B2mfsyN8
URL: /?t=1781351199178, Token: eyJhbGciOiJIUzI1NiIsInR5cCI6IkpXVCJ9.eyJpZCI6IjZhMjM3Zjc0ZGFiYzgxNGRiYmJiZWViZCIsInJvbGUiOiJBRE1JTiIsImlhdCI6MTc4MTM1MTE0OSwiZXhwIjoxNzgzOTQzMTQ5fQ.AzoKrhDzLtWaxPWNP6mgkMFV_yZ-9nevIB_B2mfsyN8
URL: /, Token: eyJhbGciOiJIUzI1NiIsInR5cCI6IkpXVCJ9.eyJpZCI6IjZhMjM3Zjc0ZGFiYzgxNGRiYmJiZWViZCIsInJvbGUiOiJBRE1JTiIsImlhdCI6MTc4MTM1MTE0OSwiZXhwIjoxNzgzOTQzMTQ5fQ.AzoKrhDzLtWaxPWNP6mgkMFV_yZ-9nevIB_B2mfsyN8
URL: /dashboard?t=1781351214175, Token: eyJhbGciOiJIUzI1NiIsInR5cCI6IkpXVCJ9.eyJpZCI6IjZhMjM3Zjc0ZGFiYzgxNGRiYmJiZWViZCIsInJvbGUiOiJBRE1JTiIsImlhdCI6MTc4MTM1MTE0OSwiZXhwIjoxNzgzOTQzMTQ5fQ.AzoKrhDzLtWaxPWNP6mgkMFV_yZ-9nevIB_B2mfsyN8
URL: /?t=1781351214176, Token: eyJhbGciOiJIUzI1NiIsInR5cCI6IkpXVCJ9.eyJpZCI6IjZhMjM3Zjc0ZGFiYzgxNGRiYmJiZWViZCIsInJvbGUiOiJBRE1JTiIsImlhdCI6MTc4MTM1MTE0OSwiZXhwIjoxNzgzOTQzMTQ5fQ.AzoKrhDzLtWaxPWNP6mgkMFV_yZ-9nevIB_B2mfsyN8
URL: /dashboard?t=1781351229177, Token: eyJhbGciOiJIUzI1NiIsInR5cCI6IkpXVCJ9.eyJpZCI6IjZhMjM3Zjc0ZGFiYzgxNGRiYmJiZWViZCIsInJvbGUiOiJBRE1JTiIsImlhdCI6MTc4MTM1MTE0OSwiZXhwIjoxNzgzOTQzMTQ5fQ.AzoKrhDzLtWaxPWNP6mgkMFV_yZ-9nevIB_B2mfsyN8
URL: /?t=1781351229178, Token: eyJhbGciOiJIUzI1NiIsInR5cCI6IkpXVCJ9.eyJpZCI6IjZhMjM3Zjc0ZGFiYzgxNGRiYmJiZWViZCIsInJvbGUiOiJBRE1JTiIsImlhdCI6MTc4MTM1MTE0OSwiZXhwIjoxNzgzOTQzMTQ5fQ.AzoKrhDzLtWaxPWNP6mgkMFV_yZ-9nevIB_B2mfsyN8
URL: /, Token: eyJhbGciOiJIUzI1NiIsInR5cCI6IkpXVCJ9.eyJpZCI6IjZhMjM3Zjc0ZGFiYzgxNGRiYmJiZWViZCIsInJvbGUiOiJBRE1JTiIsImlhdCI6MTc4MTM1MTE0OSwiZXhwIjoxNzgzOTQzMTQ5fQ.AzoKrhDzLtWaxPWNP6mgkMFV_yZ-9nevIB_B2mfsyN8
URL: /dashboard?t=1781351244178, Token: eyJhbGciOiJIUzI1NiIsInR5cCI6IkpXVCJ9.eyJpZCI6IjZhMjM3Zjc0ZGFiYzgxNGRiYmJiZWViZCIsInJvbGUiOiJBRE1JTiIsImlhdCI6MTc4MTM1MTE0OSwiZXhwIjoxNzgzOTQzMTQ5fQ.AzoKrhDzLtWaxPWNP6mgkMFV_yZ-9nevIB_B2mfsyN8
URL: /?t=1781351244179, Token: eyJhbGciOiJIUzI1NiIsInR5cCI6IkpXVCJ9.eyJpZCI6IjZhMjM3Zjc0ZGFiYzgxNGRiYmJiZWViZCIsInJvbGUiOiJBRE1JTiIsImlhdCI6MTc4MTM1MTE0OSwiZXhwIjoxNzgzOTQzMTQ5fQ.AzoKrhDzLtWaxPWNP6mgkMFV_yZ-9nevIB_B2mfsyN8
URL: /, Token: eyJhbGciOiJIUzI1NiIsInR5cCI6IkpXVCJ9.eyJpZCI6IjZhMjM3Zjc0ZGFiYzgxNGRiYmJiZWViZCIsInJvbGUiOiJBRE1JTiIsImlhdCI6MTc4MTM1MTE0OSwiZXhwIjoxNzgzOTQzMTQ5fQ.AzoKrhDzLtWaxPWNP6mgkMFV_yZ-9nevIB_B2mfsyN8
URL: /dashboard?t=1781351291181, Token: eyJhbGciOiJIUzI1NiIsInR5cCI6IkpXVCJ9.eyJpZCI6IjZhMjM3Zjc0ZGFiYzgxNGRiYmJiZWViZCIsInJvbGUiOiJBRE1JTiIsImlhdCI6MTc4MTM1MTE0OSwiZXhwIjoxNzgzOTQzMTQ5fQ.AzoKrhDzLtWaxPWNP6mgkMFV_yZ-9nevIB_B2mfsyN8
URL: /?t=1781351291184, Token: eyJhbGciOiJIUzI1NiIsInR5cCI6IkpXVCJ9.eyJpZCI6IjZhMjM3Zjc0ZGFiYzgxNGRiYmJiZWViZCIsInJvbGUiOiJBRE1JTiIsImlhdCI6MTc4MTM1MTE0OSwiZXhwIjoxNzgzOTQzMTQ5fQ.AzoKrhDzLtWaxPWNP6mgkMFV_yZ-9nevIB_B2mfsyN8
URL: /, Token: eyJhbGciOiJIUzI1NiIsInR5cCI6IkpXVCJ9.eyJpZCI6IjZhMjM3Zjc0ZGFiYzgxNGRiYmJiZWViZCIsInJvbGUiOiJBRE1JTiIsImlhdCI6MTc4MTM1MTE0OSwiZXhwIjoxNzgzOTQzMTQ5fQ.AzoKrhDzLtWaxPWNP6mgkMFV_yZ-9nevIB_B2mfsyN8
URL: /dashboard-stats, Token: eyJhbGciOiJIUzI1NiIsInR5cCI6IkpXVCJ9.eyJpZCI6IjZhMmJkMWRkN2QzOGUyZGQxZjRkNDYyYiIsInJvbGUiOiJERUxJVkVSWV9CT1kiLCJpYXQiOjE3ODEzNTExMDcsImV4cCI6MTc4Mzk0MzEwN30.2W_9AiAS97I8r4braGPRNJjJvr--RPkcYraHmVY2QaI
URL: /, Token: eyJhbGciOiJIUzI1NiIsInR5cCI6IkpXVCJ9.eyJpZCI6IjZhMjM3Zjc0ZGFiYzgxNGRiYmJiZWViZCIsInJvbGUiOiJBRE1JTiIsImlhdCI6MTc4MTM1MTE0OSwiZXhwIjoxNzgzOTQzMTQ5fQ.AzoKrhDzLtWaxPWNP6mgkMFV_yZ-9nevIB_B2mfsyN8
URL: /dashboard?t=1781351351174, Token: eyJhbGciOiJIUzI1NiIsInR5cCI6IkpXVCJ9.eyJpZCI6IjZhMjM3Zjc0ZGFiYzgxNGRiYmJiZWViZCIsInJvbGUiOiJBRE1JTiIsImlhdCI6MTc4MTM1MTE0OSwiZXhwIjoxNzgzOTQzMTQ5fQ.AzoKrhDzLtWaxPWNP6mgkMFV_yZ-9nevIB_B2mfsyN8
URL: /?t=1781351351177, Token: eyJhbGciOiJIUzI1NiIsInR5cCI6IkpXVCJ9.eyJpZCI6IjZhMjM3Zjc0ZGFiYzgxNGRiYmJiZWViZCIsInJvbGUiOiJBRE1JTiIsImlhdCI6MTc4MTM1MTE0OSwiZXhwIjoxNzgzOTQzMTQ5fQ.AzoKrhDzLtWaxPWNP6mgkMFV_yZ-9nevIB_B2mfsyN8
URL: /, Token: eyJhbGciOiJIUzI1NiIsInR5cCI6IkpXVCJ9.eyJpZCI6IjZhMjM3Zjc0ZGFiYzgxNGRiYmJiZWViZCIsInJvbGUiOiJBRE1JTiIsImlhdCI6MTc4MTM1MTE0OSwiZXhwIjoxNzgzOTQzMTQ5fQ.AzoKrhDzLtWaxPWNP6mgkMFV_yZ-9nevIB_B2mfsyN8
URL: /dashboard?t=1781351364175, Token: eyJhbGciOiJIUzI1NiIsInR5cCI6IkpXVCJ9.eyJpZCI6IjZhMjM3Zjc0ZGFiYzgxNGRiYmJiZWViZCIsInJvbGUiOiJBRE1JTiIsImlhdCI6MTc4MTM1MTE0OSwiZXhwIjoxNzgzOTQzMTQ5fQ.AzoKrhDzLtWaxPWNP6mgkMFV_yZ-9nevIB_B2mfsyN8
URL: /?t=1781351364176, Token: eyJhbGciOiJIUzI1NiIsInR5cCI6IkpXVCJ9.eyJpZCI6IjZhMjM3Zjc0ZGFiYzgxNGRiYmJiZWViZCIsInJvbGUiOiJBRE1JTiIsImlhdCI6MTc4MTM1MTE0OSwiZXhwIjoxNzgzOTQzMTQ5fQ.AzoKrhDzLtWaxPWNP6mgkMFV_yZ-9nevIB_B2mfsyN8
URL: /dashboard-stats, Token: eyJhbGciOiJIUzI1NiIsInR5cCI6IkpXVCJ9.eyJpZCI6IjZhMmJkMWRkN2QzOGUyZGQxZjRkNDYyYiIsInJvbGUiOiJERUxJVkVSWV9CT1kiLCJpYXQiOjE3ODEzNTExMDcsImV4cCI6MTc4Mzk0MzEwN30.2W_9AiAS97I8r4braGPRNJjJvr--RPkcYraHmVY2QaI
URL: /dashboard?t=1781351379172, Token: eyJhbGciOiJIUzI1NiIsInR5cCI6IkpXVCJ9.eyJpZCI6IjZhMjM3Zjc0ZGFiYzgxNGRiYmJiZWViZCIsInJvbGUiOiJBRE1JTiIsImlhdCI6MTc4MTM1MTE0OSwiZXhwIjoxNzgzOTQzMTQ5fQ.AzoKrhDzLtWaxPWNP6mgkMFV_yZ-9nevIB_B2mfsyN8
URL: /?t=1781351379175, Token: eyJhbGciOiJIUzI1NiIsInR5cCI6IkpXVCJ9.eyJpZCI6IjZhMjM3Zjc0ZGFiYzgxNGRiYmJiZWViZCIsInJvbGUiOiJBRE1JTiIsImlhdCI6MTc4MTM1MTE0OSwiZXhwIjoxNzgzOTQzMTQ5fQ.AzoKrhDzLtWaxPWNP6mgkMFV_yZ-9nevIB_B2mfsyN8
URL: /, Token: eyJhbGciOiJIUzI1NiIsInR5cCI6IkpXVCJ9.eyJpZCI6IjZhMjM3Zjc0ZGFiYzgxNGRiYmJiZWViZCIsInJvbGUiOiJBRE1JTiIsImlhdCI6MTc4MTM1MTE0OSwiZXhwIjoxNzgzOTQzMTQ5fQ.AzoKrhDzLtWaxPWNP6mgkMFV_yZ-9nevIB_B2mfsyN8
URL: /dashboard?t=1781351394170, Token: eyJhbGciOiJIUzI1NiIsInR5cCI6IkpXVCJ9.eyJpZCI6IjZhMjM3Zjc0ZGFiYzgxNGRiYmJiZWViZCIsInJvbGUiOiJBRE1JTiIsImlhdCI6MTc4MTM1MTE0OSwiZXhwIjoxNzgzOTQzMTQ5fQ.AzoKrhDzLtWaxPWNP6mgkMFV_yZ-9nevIB_B2mfsyN8
URL: /?t=1781351394171, Token: eyJhbGciOiJIUzI1NiIsInR5cCI6IkpXVCJ9.eyJpZCI6IjZhMjM3Zjc0ZGFiYzgxNGRiYmJiZWViZCIsInJvbGUiOiJBRE1JTiIsImlhdCI6MTc4MTM1MTE0OSwiZXhwIjoxNzgzOTQzMTQ5fQ.AzoKrhDzLtWaxPWNP6mgkMFV_yZ-9nevIB_B2mfsyN8
URL: /dashboard?t=1781351409178, Token: eyJhbGciOiJIUzI1NiIsInR5cCI6IkpXVCJ9.eyJpZCI6IjZhMjM3Zjc0ZGFiYzgxNGRiYmJiZWViZCIsInJvbGUiOiJBRE1JTiIsImlhdCI6MTc4MTM1MTE0OSwiZXhwIjoxNzgzOTQzMTQ5fQ.AzoKrhDzLtWaxPWNP6mgkMFV_yZ-9nevIB_B2mfsyN8
URL: /?t=1781351409179, Token: eyJhbGciOiJIUzI1NiIsInR5cCI6IkpXVCJ9.eyJpZCI6IjZhMjM3Zjc0ZGFiYzgxNGRiYmJiZWViZCIsInJvbGUiOiJBRE1JTiIsImlhdCI6MTc4MTM1MTE0OSwiZXhwIjoxNzgzOTQzMTQ5fQ.AzoKrhDzLtWaxPWNP6mgkMFV_yZ-9nevIB_B2mfsyN8
URL: /, Token: eyJhbGciOiJIUzI1NiIsInR5cCI6IkpXVCJ9.eyJpZCI6IjZhMjM3Zjc0ZGFiYzgxNGRiYmJiZWViZCIsInJvbGUiOiJBRE1JTiIsImlhdCI6MTc4MTM1MTE0OSwiZXhwIjoxNzgzOTQzMTQ5fQ.AzoKrhDzLtWaxPWNP6mgkMFV_yZ-9nevIB_B2mfsyN8
URL: /dashboard?t=1781351471171, Token: eyJhbGciOiJIUzI1NiIsInR5cCI6IkpXVCJ9.eyJpZCI6IjZhMjM3Zjc0ZGFiYzgxNGRiYmJiZWViZCIsInJvbGUiOiJBRE1JTiIsImlhdCI6MTc4MTM1MTE0OSwiZXhwIjoxNzgzOTQzMTQ5fQ.AzoKrhDzLtWaxPWNP6mgkMFV_yZ-9nevIB_B2mfsyN8
URL: /?t=1781351471172, Token: eyJhbGciOiJIUzI1NiIsInR5cCI6IkpXVCJ9.eyJpZCI6IjZhMjM3Zjc0ZGFiYzgxNGRiYmJiZWViZCIsInJvbGUiOiJBRE1JTiIsImlhdCI6MTc4MTM1MTE0OSwiZXhwIjoxNzgzOTQzMTQ5fQ.AzoKrhDzLtWaxPWNP6mgkMFV_yZ-9nevIB_B2mfsyN8
URL: /, Token: eyJhbGciOiJIUzI1NiIsInR5cCI6IkpXVCJ9.eyJpZCI6IjZhMjM3Zjc0ZGFiYzgxNGRiYmJiZWViZCIsInJvbGUiOiJBRE1JTiIsImlhdCI6MTc4MTM1MTE0OSwiZXhwIjoxNzgzOTQzMTQ5fQ.AzoKrhDzLtWaxPWNP6mgkMFV_yZ-9nevIB_B2mfsyN8
URL: /dashboard?t=1781351525775, Token: eyJhbGciOiJIUzI1NiIsInR5cCI6IkpXVCJ9.eyJpZCI6IjZhMjM3Zjc0ZGFiYzgxNGRiYmJiZWViZCIsInJvbGUiOiJBRE1JTiIsImlhdCI6MTc4MTM1MTE0OSwiZXhwIjoxNzgzOTQzMTQ5fQ.AzoKrhDzLtWaxPWNP6mgkMFV_yZ-9nevIB_B2mfsyN8
URL: /?t=1781351525776, Token: eyJhbGciOiJIUzI1NiIsInR5cCI6IkpXVCJ9.eyJpZCI6IjZhMjM3Zjc0ZGFiYzgxNGRiYmJiZWViZCIsInJvbGUiOiJBRE1JTiIsImlhdCI6MTc4MTM1MTE0OSwiZXhwIjoxNzgzOTQzMTQ5fQ.AzoKrhDzLtWaxPWNP6mgkMFV_yZ-9nevIB_B2mfsyN8
URL: /, Token: eyJhbGciOiJIUzI1NiIsInR5cCI6IkpXVCJ9.eyJpZCI6IjZhMjM3Zjc0ZGFiYzgxNGRiYmJiZWViZCIsInJvbGUiOiJBRE1JTiIsImlhdCI6MTc4MTM1MTE0OSwiZXhwIjoxNzgzOTQzMTQ5fQ.AzoKrhDzLtWaxPWNP6mgkMFV_yZ-9nevIB_B2mfsyN8
URL: /dashboard?t=1781351528796, Token: eyJhbGciOiJIUzI1NiIsInR5cCI6IkpXVCJ9.eyJpZCI6IjZhMjM3Zjc0ZGFiYzgxNGRiYmJiZWViZCIsInJvbGUiOiJBRE1JTiIsImlhdCI6MTc4MTM1MTE0OSwiZXhwIjoxNzgzOTQzMTQ5fQ.AzoKrhDzLtWaxPWNP6mgkMFV_yZ-9nevIB_B2mfsyN8
URL: /?t=1781351528799, Token: eyJhbGciOiJIUzI1NiIsInR5cCI6IkpXVCJ9.eyJpZCI6IjZhMjM3Zjc0ZGFiYzgxNGRiYmJiZWViZCIsInJvbGUiOiJBRE1JTiIsImlhdCI6MTc4MTM1MTE0OSwiZXhwIjoxNzgzOTQzMTQ5fQ.AzoKrhDzLtWaxPWNP6mgkMFV_yZ-9nevIB_B2mfsyN8
URL: /, Token: eyJhbGciOiJIUzI1NiIsInR5cCI6IkpXVCJ9.eyJpZCI6IjZhMjM3Zjc0ZGFiYzgxNGRiYmJiZWViZCIsInJvbGUiOiJBRE1JTiIsImlhdCI6MTc4MTM1MTE0OSwiZXhwIjoxNzgzOTQzMTQ5fQ.AzoKrhDzLtWaxPWNP6mgkMFV_yZ-9nevIB_B2mfsyN8
URL: /dashboard?t=1781351543809, Token: eyJhbGciOiJIUzI1NiIsInR5cCI6IkpXVCJ9.eyJpZCI6IjZhMjM3Zjc0ZGFiYzgxNGRiYmJiZWViZCIsInJvbGUiOiJBRE1JTiIsImlhdCI6MTc4MTM1MTE0OSwiZXhwIjoxNzgzOTQzMTQ5fQ.AzoKrhDzLtWaxPWNP6mgkMFV_yZ-9nevIB_B2mfsyN8
URL: /?t=1781351543810, Token: eyJhbGciOiJIUzI1NiIsInR5cCI6IkpXVCJ9.eyJpZCI6IjZhMjM3Zjc0ZGFiYzgxNGRiYmJiZWViZCIsInJvbGUiOiJBRE1JTiIsImlhdCI6MTc4MTM1MTE0OSwiZXhwIjoxNzgzOTQzMTQ5fQ.AzoKrhDzLtWaxPWNP6mgkMFV_yZ-9nevIB_B2mfsyN8
URL: /my-orders, Token: eyJhbGciOiJIUzI1NiIsInR5cCI6IkpXVCJ9.eyJpZCI6IjZhMjMwMWI1YjBjNDBhNjJmZWZhMWIxMCIsInJvbGUiOiJVU0VSIiwiaWF0IjoxNzgxMzUxNDA2LCJleHAiOjE3ODM5NDM0MDZ9.a_zlmkoA4iDN9VUbWRMTAmqoYTrh9R9_OEOCLU143S0
URL: /my-orders, Token: eyJhbGciOiJIUzI1NiIsInR5cCI6IkpXVCJ9.eyJpZCI6IjZhMjMwMWI1YjBjNDBhNjJmZWZhMWIxMCIsInJvbGUiOiJVU0VSIiwiaWF0IjoxNzgxMzUxNDA2LCJleHAiOjE3ODM5NDM0MDZ9.a_zlmkoA4iDN9VUbWRMTAmqoYTrh9R9_OEOCLU143S0
URL: /dashboard?t=1781351558795, Token: eyJhbGciOiJIUzI1NiIsInR5cCI6IkpXVCJ9.eyJpZCI6IjZhMjM3Zjc0ZGFiYzgxNGRiYmJiZWViZCIsInJvbGUiOiJBRE1JTiIsImlhdCI6MTc4MTM1MTE0OSwiZXhwIjoxNzgzOTQzMTQ5fQ.AzoKrhDzLtWaxPWNP6mgkMFV_yZ-9nevIB_B2mfsyN8
URL: /?t=1781351558795, Token: eyJhbGciOiJIUzI1NiIsInR5cCI6IkpXVCJ9.eyJpZCI6IjZhMjM3Zjc0ZGFiYzgxNGRiYmJiZWViZCIsInJvbGUiOiJBRE1JTiIsImlhdCI6MTc4MTM1MTE0OSwiZXhwIjoxNzgzOTQzMTQ5fQ.AzoKrhDzLtWaxPWNP6mgkMFV_yZ-9nevIB_B2mfsyN8
URL: /, Token: eyJhbGciOiJIUzI1NiIsInR5cCI6IkpXVCJ9.eyJpZCI6IjZhMjM3Zjc0ZGFiYzgxNGRiYmJiZWViZCIsInJvbGUiOiJBRE1JTiIsImlhdCI6MTc4MTM1MTE0OSwiZXhwIjoxNzgzOTQzMTQ5fQ.AzoKrhDzLtWaxPWNP6mgkMFV_yZ-9nevIB_B2mfsyN8
URL: /dashboard?t=1781351563913, Token: eyJhbGciOiJIUzI1NiIsInR5cCI6IkpXVCJ9.eyJpZCI6IjZhMjM3Zjc0ZGFiYzgxNGRiYmJiZWViZCIsInJvbGUiOiJBRE1JTiIsImlhdCI6MTc4MTM1MTE0OSwiZXhwIjoxNzgzOTQzMTQ5fQ.AzoKrhDzLtWaxPWNP6mgkMFV_yZ-9nevIB_B2mfsyN8
URL: /?t=1781351563916, Token: eyJhbGciOiJIUzI1NiIsInR5cCI6IkpXVCJ9.eyJpZCI6IjZhMjM3Zjc0ZGFiYzgxNGRiYmJiZWViZCIsInJvbGUiOiJBRE1JTiIsImlhdCI6MTc4MTM1MTE0OSwiZXhwIjoxNzgzOTQzMTQ5fQ.AzoKrhDzLtWaxPWNP6mgkMFV_yZ-9nevIB_B2mfsyN8
URL: /?t=1781351563926, Token: eyJhbGciOiJIUzI1NiIsInR5cCI6IkpXVCJ9.eyJpZCI6IjZhMjM3Zjc0ZGFiYzgxNGRiYmJiZWViZCIsInJvbGUiOiJBRE1JTiIsImlhdCI6MTc4MTM1MTE0OSwiZXhwIjoxNzgzOTQzMTQ5fQ.AzoKrhDzLtWaxPWNP6mgkMFV_yZ-9nevIB_B2mfsyN8
URL: /dashboard?t=1781351563925, Token: eyJhbGciOiJIUzI1NiIsInR5cCI6IkpXVCJ9.eyJpZCI6IjZhMjM3Zjc0ZGFiYzgxNGRiYmJiZWViZCIsInJvbGUiOiJBRE1JTiIsImlhdCI6MTc4MTM1MTE0OSwiZXhwIjoxNzgzOTQzMTQ5fQ.AzoKrhDzLtWaxPWNP6mgkMFV_yZ-9nevIB_B2mfsyN8
URL: /, Token: eyJhbGciOiJIUzI1NiIsInR5cCI6IkpXVCJ9.eyJpZCI6IjZhMjM3Zjc0ZGFiYzgxNGRiYmJiZWViZCIsInJvbGUiOiJBRE1JTiIsImlhdCI6MTc4MTM1MTE0OSwiZXhwIjoxNzgzOTQzMTQ5fQ.AzoKrhDzLtWaxPWNP6mgkMFV_yZ-9nevIB_B2mfsyN8
URL: /, Token: eyJhbGciOiJIUzI1NiIsInR5cCI6IkpXVCJ9.eyJpZCI6IjZhMjM3Zjc0ZGFiYzgxNGRiYmJiZWViZCIsInJvbGUiOiJBRE1JTiIsImlhdCI6MTc4MTM1MTE0OSwiZXhwIjoxNzgzOTQzMTQ5fQ.AzoKrhDzLtWaxPWNP6mgkMFV_yZ-9nevIB_B2mfsyN8
URL: /dashboard?t=1781351566045, Token: eyJhbGciOiJIUzI1NiIsInR5cCI6IkpXVCJ9.eyJpZCI6IjZhMjM3Zjc0ZGFiYzgxNGRiYmJiZWViZCIsInJvbGUiOiJBRE1JTiIsImlhdCI6MTc4MTM1MTE0OSwiZXhwIjoxNzgzOTQzMTQ5fQ.AzoKrhDzLtWaxPWNP6mgkMFV_yZ-9nevIB_B2mfsyN8
URL: /?t=1781351566046, Token: eyJhbGciOiJIUzI1NiIsInR5cCI6IkpXVCJ9.eyJpZCI6IjZhMjM3Zjc0ZGFiYzgxNGRiYmJiZWViZCIsInJvbGUiOiJBRE1JTiIsImlhdCI6MTc4MTM1MTE0OSwiZXhwIjoxNzgzOTQzMTQ5fQ.AzoKrhDzLtWaxPWNP6mgkMFV_yZ-9nevIB_B2mfsyN8
URL: /dashboard?t=1781351566053, Token: eyJhbGciOiJIUzI1NiIsInR5cCI6IkpXVCJ9.eyJpZCI6IjZhMjM3Zjc0ZGFiYzgxNGRiYmJiZWViZCIsInJvbGUiOiJBRE1JTiIsImlhdCI6MTc4MTM1MTE0OSwiZXhwIjoxNzgzOTQzMTQ5fQ.AzoKrhDzLtWaxPWNP6mgkMFV_yZ-9nevIB_B2mfsyN8
URL: /?t=1781351566054, Token: eyJhbGciOiJIUzI1NiIsInR5cCI6IkpXVCJ9.eyJpZCI6IjZhMjM3Zjc0ZGFiYzgxNGRiYmJiZWViZCIsInJvbGUiOiJBRE1JTiIsImlhdCI6MTc4MTM1MTE0OSwiZXhwIjoxNzgzOTQzMTQ5fQ.AzoKrhDzLtWaxPWNP6mgkMFV_yZ-9nevIB_B2mfsyN8
URL: /, Token: eyJhbGciOiJIUzI1NiIsInR5cCI6IkpXVCJ9.eyJpZCI6IjZhMjM3Zjc0ZGFiYzgxNGRiYmJiZWViZCIsInJvbGUiOiJBRE1JTiIsImlhdCI6MTc4MTM1MTE0OSwiZXhwIjoxNzgzOTQzMTQ5fQ.AzoKrhDzLtWaxPWNP6mgkMFV_yZ-9nevIB_B2mfsyN8
URL: /?t=1781351571575, Token: eyJhbGciOiJIUzI1NiIsInR5cCI6IkpXVCJ9.eyJpZCI6IjZhMjM3Zjc0ZGFiYzgxNGRiYmJiZWViZCIsInJvbGUiOiJBRE1JTiIsImlhdCI6MTc4MTM1MTE0OSwiZXhwIjoxNzgzOTQzMTQ5fQ.AzoKrhDzLtWaxPWNP6mgkMFV_yZ-9nevIB_B2mfsyN8
URL: /?t=1781351571578, Token: eyJhbGciOiJIUzI1NiIsInR5cCI6IkpXVCJ9.eyJpZCI6IjZhMjM3Zjc0ZGFiYzgxNGRiYmJiZWViZCIsInJvbGUiOiJBRE1JTiIsImlhdCI6MTc4MTM1MTE0OSwiZXhwIjoxNzgzOTQzMTQ5fQ.AzoKrhDzLtWaxPWNP6mgkMFV_yZ-9nevIB_B2mfsyN8
URL: /, Token: eyJhbGciOiJIUzI1NiIsInR5cCI6IkpXVCJ9.eyJpZCI6IjZhMjM3Zjc0ZGFiYzgxNGRiYmJiZWViZCIsInJvbGUiOiJBRE1JTiIsImlhdCI6MTc4MTM1MTE0OSwiZXhwIjoxNzgzOTQzMTQ5fQ.AzoKrhDzLtWaxPWNP6mgkMFV_yZ-9nevIB_B2mfsyN8
URL: /, Token: eyJhbGciOiJIUzI1NiIsInR5cCI6IkpXVCJ9.eyJpZCI6IjZhMjM3Zjc0ZGFiYzgxNGRiYmJiZWViZCIsInJvbGUiOiJBRE1JTiIsImlhdCI6MTc4MTM1MTE0OSwiZXhwIjoxNzgzOTQzMTQ5fQ.AzoKrhDzLtWaxPWNP6mgkMFV_yZ-9nevIB_B2mfsyN8
URL: /6a2d4427d7d8ada9e30a0d9d/status, Token: eyJhbGciOiJIUzI1NiIsInR5cCI6IkpXVCJ9.eyJpZCI6IjZhMjM3Zjc0ZGFiYzgxNGRiYmJiZWViZCIsInJvbGUiOiJBRE1JTiIsImlhdCI6MTc4MTM1MTE0OSwiZXhwIjoxNzgzOTQzMTQ5fQ.AzoKrhDzLtWaxPWNP6mgkMFV_yZ-9nevIB_B2mfsyN8
URL: /me, Token: eyJhbGciOiJIUzI1NiIsInR5cCI6IkpXVCJ9.eyJpZCI6IjZhMjMwMWI1YjBjNDBhNjJmZWZhMWIxMCIsInJvbGUiOiJVU0VSIiwiaWF0IjoxNzgxMzUxNDA2LCJleHAiOjE3ODM5NDM0MDZ9.a_zlmkoA4iDN9VUbWRMTAmqoYTrh9R9_OEOCLU143S0
URL: /my-orders, Token: eyJhbGciOiJIUzI1NiIsInR5cCI6IkpXVCJ9.eyJpZCI6IjZhMjMwMWI1YjBjNDBhNjJmZWZhMWIxMCIsInJvbGUiOiJVU0VSIiwiaWF0IjoxNzgxMzUxNDA2LCJleHAiOjE3ODM5NDM0MDZ9.a_zlmkoA4iDN9VUbWRMTAmqoYTrh9R9_OEOCLU143S0
URL: /, Token: eyJhbGciOiJIUzI1NiIsInR5cCI6IkpXVCJ9.eyJpZCI6IjZhMjM3Zjc0ZGFiYzgxNGRiYmJiZWViZCIsInJvbGUiOiJBRE1JTiIsImlhdCI6MTc4MTM1MTE0OSwiZXhwIjoxNzgzOTQzMTQ5fQ.AzoKrhDzLtWaxPWNP6mgkMFV_yZ-9nevIB_B2mfsyN8
URL: /6a2d4427d7d8ada9e30a0d9d/assign, Token: eyJhbGciOiJIUzI1NiIsInR5cCI6IkpXVCJ9.eyJpZCI6IjZhMjM3Zjc0ZGFiYzgxNGRiYmJiZWViZCIsInJvbGUiOiJBRE1JTiIsImlhdCI6MTc4MTM1MTE0OSwiZXhwIjoxNzgzOTQzMTQ5fQ.AzoKrhDzLtWaxPWNP6mgkMFV_yZ-9nevIB_B2mfsyN8
URL: /?t=1781351602822, Token: eyJhbGciOiJIUzI1NiIsInR5cCI6IkpXVCJ9.eyJpZCI6IjZhMjM3Zjc0ZGFiYzgxNGRiYmJiZWViZCIsInJvbGUiOiJBRE1JTiIsImlhdCI6MTc4MTM1MTE0OSwiZXhwIjoxNzgzOTQzMTQ5fQ.AzoKrhDzLtWaxPWNP6mgkMFV_yZ-9nevIB_B2mfsyN8
URL: /me, Token: eyJhbGciOiJIUzI1NiIsInR5cCI6IkpXVCJ9.eyJpZCI6IjZhMjMwMWI1YjBjNDBhNjJmZWZhMWIxMCIsInJvbGUiOiJVU0VSIiwiaWF0IjoxNzgxMzUxNDA2LCJleHAiOjE3ODM5NDM0MDZ9.a_zlmkoA4iDN9VUbWRMTAmqoYTrh9R9_OEOCLU143S0
URL: /my-orders, Token: eyJhbGciOiJIUzI1NiIsInR5cCI6IkpXVCJ9.eyJpZCI6IjZhMjMwMWI1YjBjNDBhNjJmZWZhMWIxMCIsInJvbGUiOiJVU0VSIiwiaWF0IjoxNzgxMzUxNDA2LCJleHAiOjE3ODM5NDM0MDZ9.a_zlmkoA4iDN9VUbWRMTAmqoYTrh9R9_OEOCLU143S0
URL: /, Token: eyJhbGciOiJIUzI1NiIsInR5cCI6IkpXVCJ9.eyJpZCI6IjZhMjM3Zjc0ZGFiYzgxNGRiYmJiZWViZCIsInJvbGUiOiJBRE1JTiIsImlhdCI6MTc4MTM1MTE0OSwiZXhwIjoxNzgzOTQzMTQ5fQ.AzoKrhDzLtWaxPWNP6mgkMFV_yZ-9nevIB_B2mfsyN8
URL: /, Token: eyJhbGciOiJIUzI1NiIsInR5cCI6IkpXVCJ9.eyJpZCI6IjZhMjM3Zjc0ZGFiYzgxNGRiYmJiZWViZCIsInJvbGUiOiJBRE1JTiIsImlhdCI6MTc4MTM1MTE0OSwiZXhwIjoxNzgzOTQzMTQ5fQ.AzoKrhDzLtWaxPWNP6mgkMFV_yZ-9nevIB_B2mfsyN8
URL: /, Token: eyJhbGciOiJIUzI1NiIsInR5cCI6IkpXVCJ9.eyJpZCI6IjZhMjM3Zjc0ZGFiYzgxNGRiYmJiZWViZCIsInJvbGUiOiJBRE1JTiIsImlhdCI6MTc4MTM1MTE0OSwiZXhwIjoxNzgzOTQzMTQ5fQ.AzoKrhDzLtWaxPWNP6mgkMFV_yZ-9nevIB_B2mfsyN8
URL: /orders, Token: eyJhbGciOiJIUzI1NiIsInR5cCI6IkpXVCJ9.eyJpZCI6IjZhMmJkMWRkN2QzOGUyZGQxZjRkNDYyYiIsInJvbGUiOiJERUxJVkVSWV9CT1kiLCJpYXQiOjE3ODEzNTExMDcsImV4cCI6MTc4Mzk0MzEwN30.2W_9AiAS97I8r4braGPRNJjJvr--RPkcYraHmVY2QaI
URL: /orders/6a2d4427d7d8ada9e30a0d9d/status, Token: eyJhbGciOiJIUzI1NiIsInR5cCI6IkpXVCJ9.eyJpZCI6IjZhMmJkMWRkN2QzOGUyZGQxZjRkNDYyYiIsInJvbGUiOiJERUxJVkVSWV9CT1kiLCJpYXQiOjE3ODEzNTExMDcsImV4cCI6MTc4Mzk0MzEwN30.2W_9AiAS97I8r4braGPRNJjJvr--RPkcYraHmVY2QaI
URL: /orders, Token: eyJhbGciOiJIUzI1NiIsInR5cCI6IkpXVCJ9.eyJpZCI6IjZhMmJkMWRkN2QzOGUyZGQxZjRkNDYyYiIsInJvbGUiOiJERUxJVkVSWV9CT1kiLCJpYXQiOjE3ODEzNTExMDcsImV4cCI6MTc4Mzk0MzEwN30.2W_9AiAS97I8r4braGPRNJjJvr--RPkcYraHmVY2QaI
URL: /orders/6a2d4427d7d8ada9e30a0d9d/status, Token: eyJhbGciOiJIUzI1NiIsInR5cCI6IkpXVCJ9.eyJpZCI6IjZhMmJkMWRkN2QzOGUyZGQxZjRkNDYyYiIsInJvbGUiOiJERUxJVkVSWV9CT1kiLCJpYXQiOjE3ODEzNTExMDcsImV4cCI6MTc4Mzk0MzEwN30.2W_9AiAS97I8r4braGPRNJjJvr--RPkcYraHmVY2QaI
URL: /orders, Token: eyJhbGciOiJIUzI1NiIsInR5cCI6IkpXVCJ9.eyJpZCI6IjZhMmJkMWRkN2QzOGUyZGQxZjRkNDYyYiIsInJvbGUiOiJERUxJVkVSWV9CT1kiLCJpYXQiOjE3ODEzNTExMDcsImV4cCI6MTc4Mzk0MzEwN30.2W_9AiAS97I8r4braGPRNJjJvr--RPkcYraHmVY2QaI
URL: /, Token: eyJhbGciOiJIUzI1NiIsInR5cCI6IkpXVCJ9.eyJpZCI6IjZhMjM3Zjc0ZGFiYzgxNGRiYmJiZWViZCIsInJvbGUiOiJBRE1JTiIsImlhdCI6MTc4MTM1MTE0OSwiZXhwIjoxNzgzOTQzMTQ5fQ.AzoKrhDzLtWaxPWNP6mgkMFV_yZ-9nevIB_B2mfsyN8
URL: /me, Token: eyJhbGciOiJIUzI1NiIsInR5cCI6IkpXVCJ9.eyJpZCI6IjZhMjMwMWI1YjBjNDBhNjJmZWZhMWIxMCIsInJvbGUiOiJVU0VSIiwiaWF0IjoxNzgxMzUxNDA2LCJleHAiOjE3ODM5NDM0MDZ9.a_zlmkoA4iDN9VUbWRMTAmqoYTrh9R9_OEOCLU143S0
URL: /my-orders, Token: eyJhbGciOiJIUzI1NiIsInR5cCI6IkpXVCJ9.eyJpZCI6IjZhMjMwMWI1YjBjNDBhNjJmZWZhMWIxMCIsInJvbGUiOiJVU0VSIiwiaWF0IjoxNzgxMzUxNDA2LCJleHAiOjE3ODM5NDM0MDZ9.a_zlmkoA4iDN9VUbWRMTAmqoYTrh9R9_OEOCLU143S0
URL: /, Token: eyJhbGciOiJIUzI1NiIsInR5cCI6IkpXVCJ9.eyJpZCI6IjZhMjM3Zjc0ZGFiYzgxNGRiYmJiZWViZCIsInJvbGUiOiJBRE1JTiIsImlhdCI6MTc4MTM1MTE0OSwiZXhwIjoxNzgzOTQzMTQ5fQ.AzoKrhDzLtWaxPWNP6mgkMFV_yZ-9nevIB_B2mfsyN8
URL: /, Token: eyJhbGciOiJIUzI1NiIsInR5cCI6IkpXVCJ9.eyJpZCI6IjZhMjM3Zjc0ZGFiYzgxNGRiYmJiZWViZCIsInJvbGUiOiJBRE1JTiIsImlhdCI6MTc4MTM1MTE0OSwiZXhwIjoxNzgzOTQzMTQ5fQ.AzoKrhDzLtWaxPWNP6mgkMFV_yZ-9nevIB_B2mfsyN8
URL: /dashboard-stats, Token: eyJhbGciOiJIUzI1NiIsInR5cCI6IkpXVCJ9.eyJpZCI6IjZhMmJkMWRkN2QzOGUyZGQxZjRkNDYyYiIsInJvbGUiOiJERUxJVkVSWV9CT1kiLCJpYXQiOjE3ODEzNTExMDcsImV4cCI6MTc4Mzk0MzEwN30.2W_9AiAS97I8r4braGPRNJjJvr--RPkcYraHmVY2QaI
URL: /orders, Token: eyJhbGciOiJIUzI1NiIsInR5cCI6IkpXVCJ9.eyJpZCI6IjZhMmJkMWRkN2QzOGUyZGQxZjRkNDYyYiIsInJvbGUiOiJERUxJVkVSWV9CT1kiLCJpYXQiOjE3ODEzNTExMDcsImV4cCI6MTc4Mzk0MzEwN30.2W_9AiAS97I8r4braGPRNJjJvr--RPkcYraHmVY2QaI
URL: /dashboard-stats, Token: eyJhbGciOiJIUzI1NiIsInR5cCI6IkpXVCJ9.eyJpZCI6IjZhMmJkMWRkN2QzOGUyZGQxZjRkNDYyYiIsInJvbGUiOiJERUxJVkVSWV9CT1kiLCJpYXQiOjE3ODEzNTExMDcsImV4cCI6MTc4Mzk0MzEwN30.2W_9AiAS97I8r4braGPRNJjJvr--RPkcYraHmVY2QaI
URL: /orders, Token: eyJhbGciOiJIUzI1NiIsInR5cCI6IkpXVCJ9.eyJpZCI6IjZhMmJkMWRkN2QzOGUyZGQxZjRkNDYyYiIsInJvbGUiOiJERUxJVkVSWV9CT1kiLCJpYXQiOjE3ODEzNTExMDcsImV4cCI6MTc4Mzk0MzEwN30.2W_9AiAS97I8r4braGPRNJjJvr--RPkcYraHmVY2QaI
URL: /dashboard-stats, Token: eyJhbGciOiJIUzI1NiIsInR5cCI6IkpXVCJ9.eyJpZCI6IjZhMmJkMWRkN2QzOGUyZGQxZjRkNDYyYiIsInJvbGUiOiJERUxJVkVSWV9CT1kiLCJpYXQiOjE3ODEzNTExMDcsImV4cCI6MTc4Mzk0MzEwN30.2W_9AiAS97I8r4braGPRNJjJvr--RPkcYraHmVY2QaI
URL: /orders, Token: eyJhbGciOiJIUzI1NiIsInR5cCI6IkpXVCJ9.eyJpZCI6IjZhMmJkMWRkN2QzOGUyZGQxZjRkNDYyYiIsInJvbGUiOiJERUxJVkVSWV9CT1kiLCJpYXQiOjE3ODEzNTExMDcsImV4cCI6MTc4Mzk0MzEwN30.2W_9AiAS97I8r4braGPRNJjJvr--RPkcYraHmVY2QaI
URL: /, Token: eyJhbGciOiJIUzI1NiIsInR5cCI6IkpXVCJ9.eyJpZCI6IjZhMjM3Zjc0ZGFiYzgxNGRiYmJiZWViZCIsInJvbGUiOiJBRE1JTiIsImlhdCI6MTc4MTM1MTE0OSwiZXhwIjoxNzgzOTQzMTQ5fQ.AzoKrhDzLtWaxPWNP6mgkMFV_yZ-9nevIB_B2mfsyN8
URL: /orders, Token: eyJhbGciOiJIUzI1NiIsInR5cCI6IkpXVCJ9.eyJpZCI6IjZhMmJkMWRkN2QzOGUyZGQxZjRkNDYyYiIsInJvbGUiOiJERUxJVkVSWV9CT1kiLCJpYXQiOjE3ODEzNTExMDcsImV4cCI6MTc4Mzk0MzEwN30.2W_9AiAS97I8r4braGPRNJjJvr--RPkcYraHmVY2QaI
URL: /orders, Token: eyJhbGciOiJIUzI1NiIsInR5cCI6IkpXVCJ9.eyJpZCI6IjZhMmJkMWRkN2QzOGUyZGQxZjRkNDYyYiIsInJvbGUiOiJERUxJVkVSWV9CT1kiLCJpYXQiOjE3ODEzNTExMDcsImV4cCI6MTc4Mzk0MzEwN30.2W_9AiAS97I8r4braGPRNJjJvr--RPkcYraHmVY2QaI
URL: /orders/6a2d4427d7d8ada9e30a0d9d/status, Token: eyJhbGciOiJIUzI1NiIsInR5cCI6IkpXVCJ9.eyJpZCI6IjZhMmJkMWRkN2QzOGUyZGQxZjRkNDYyYiIsInJvbGUiOiJERUxJVkVSWV9CT1kiLCJpYXQiOjE3ODEzNTExMDcsImV4cCI6MTc4Mzk0MzEwN30.2W_9AiAS97I8r4braGPRNJjJvr--RPkcYraHmVY2QaI
URL: /orders, Token: eyJhbGciOiJIUzI1NiIsInR5cCI6IkpXVCJ9.eyJpZCI6IjZhMmJkMWRkN2QzOGUyZGQxZjRkNDYyYiIsInJvbGUiOiJERUxJVkVSWV9CT1kiLCJpYXQiOjE3ODEzNTExMDcsImV4cCI6MTc4Mzk0MzEwN30.2W_9AiAS97I8r4braGPRNJjJvr--RPkcYraHmVY2QaI
URL: /orders, Token: eyJhbGciOiJIUzI1NiIsInR5cCI6IkpXVCJ9.eyJpZCI6IjZhMmJkMWRkN2QzOGUyZGQxZjRkNDYyYiIsInJvbGUiOiJERUxJVkVSWV9CT1kiLCJpYXQiOjE3ODEzNTExMDcsImV4cCI6MTc4Mzk0MzEwN30.2W_9AiAS97I8r4braGPRNJjJvr--RPkcYraHmVY2QaI
URL: /dashboard-stats, Token: eyJhbGciOiJIUzI1NiIsInR5cCI6IkpXVCJ9.eyJpZCI6IjZhMmJkMWRkN2QzOGUyZGQxZjRkNDYyYiIsInJvbGUiOiJERUxJVkVSWV9CT1kiLCJpYXQiOjE3ODEzNTExMDcsImV4cCI6MTc4Mzk0MzEwN30.2W_9AiAS97I8r4braGPRNJjJvr--RPkcYraHmVY2QaI
URL: /orders, Token: eyJhbGciOiJIUzI1NiIsInR5cCI6IkpXVCJ9.eyJpZCI6IjZhMmJkMWRkN2QzOGUyZGQxZjRkNDYyYiIsInJvbGUiOiJERUxJVkVSWV9CT1kiLCJpYXQiOjE3ODEzNTExMDcsImV4cCI6MTc4Mzk0MzEwN30.2W_9AiAS97I8r4braGPRNJjJvr--RPkcYraHmVY2QaI
URL: /, Token: eyJhbGciOiJIUzI1NiIsInR5cCI6IkpXVCJ9.eyJpZCI6IjZhMjM3Zjc0ZGFiYzgxNGRiYmJiZWViZCIsInJvbGUiOiJBRE1JTiIsImlhdCI6MTc4MTM1MTE0OSwiZXhwIjoxNzgzOTQzMTQ5fQ.AzoKrhDzLtWaxPWNP6mgkMFV_yZ-9nevIB_B2mfsyN8
URL: /, Token: eyJhbGciOiJIUzI1NiIsInR5cCI6IkpXVCJ9.eyJpZCI6IjZhMjM3Zjc0ZGFiYzgxNGRiYmJiZWViZCIsInJvbGUiOiJBRE1JTiIsImlhdCI6MTc4MTM1MTE0OSwiZXhwIjoxNzgzOTQzMTQ5fQ.AzoKrhDzLtWaxPWNP6mgkMFV_yZ-9nevIB_B2mfsyN8
URL: /, Token: eyJhbGciOiJIUzI1NiIsInR5cCI6IkpXVCJ9.eyJpZCI6IjZhMjM3Zjc0ZGFiYzgxNGRiYmJiZWViZCIsInJvbGUiOiJBRE1JTiIsImlhdCI6MTc4MTM1MTE0OSwiZXhwIjoxNzgzOTQzMTQ5fQ.AzoKrhDzLtWaxPWNP6mgkMFV_yZ-9nevIB_B2mfsyN8
URL: /, Token: eyJhbGciOiJIUzI1NiIsInR5cCI6IkpXVCJ9.eyJpZCI6IjZhMjM3Zjc0ZGFiYzgxNGRiYmJiZWViZCIsInJvbGUiOiJBRE1JTiIsImlhdCI6MTc4MTM1MTE0OSwiZXhwIjoxNzgzOTQzMTQ5fQ.AzoKrhDzLtWaxPWNP6mgkMFV_yZ-9nevIB_B2mfsyN8
URL: /, Token: eyJhbGciOiJIUzI1NiIsInR5cCI6IkpXVCJ9.eyJpZCI6IjZhMjM3Zjc0ZGFiYzgxNGRiYmJiZWViZCIsInJvbGUiOiJBRE1JTiIsImlhdCI6MTc4MTM1MTE0OSwiZXhwIjoxNzgzOTQzMTQ5fQ.AzoKrhDzLtWaxPWNP6mgkMFV_yZ-9nevIB_B2mfsyN8
URL: /dashboard-stats, Token: eyJhbGciOiJIUzI1NiIsInR5cCI6IkpXVCJ9.eyJpZCI6IjZhMmJkMWRkN2QzOGUyZGQxZjRkNDYyYiIsInJvbGUiOiJERUxJVkVSWV9CT1kiLCJpYXQiOjE3ODEzNTExMDcsImV4cCI6MTc4Mzk0MzEwN30.2W_9AiAS97I8r4braGPRNJjJvr--RPkcYraHmVY2QaI
URL: /, Token: eyJhbGciOiJIUzI1NiIsInR5cCI6IkpXVCJ9.eyJpZCI6IjZhMjM3Zjc0ZGFiYzgxNGRiYmJiZWViZCIsInJvbGUiOiJBRE1JTiIsImlhdCI6MTc4MTM1MTE0OSwiZXhwIjoxNzgzOTQzMTQ5fQ.AzoKrhDzLtWaxPWNP6mgkMFV_yZ-9nevIB_B2mfsyN8
URL: /orders, Token: eyJhbGciOiJIUzI1NiIsInR5cCI6IkpXVCJ9.eyJpZCI6IjZhMmJkMWRkN2QzOGUyZGQxZjRkNDYyYiIsInJvbGUiOiJERUxJVkVSWV9CT1kiLCJpYXQiOjE3ODEzNTExMDcsImV4cCI6MTc4Mzk0MzEwN30.2W_9AiAS97I8r4braGPRNJjJvr--RPkcYraHmVY2QaI
URL: /orders, Token: eyJhbGciOiJIUzI1NiIsInR5cCI6IkpXVCJ9.eyJpZCI6IjZhMmJkMWRkN2QzOGUyZGQxZjRkNDYyYiIsInJvbGUiOiJERUxJVkVSWV9CT1kiLCJpYXQiOjE3ODEzNTExMDcsImV4cCI6MTc4Mzk0MzEwN30.2W_9AiAS97I8r4braGPRNJjJvr--RPkcYraHmVY2QaI
URL: /dashboard-stats, Token: eyJhbGciOiJIUzI1NiIsInR5cCI6IkpXVCJ9.eyJpZCI6IjZhMmJkMWRkN2QzOGUyZGQxZjRkNDYyYiIsInJvbGUiOiJERUxJVkVSWV9CT1kiLCJpYXQiOjE3ODEzNTExMDcsImV4cCI6MTc4Mzk0MzEwN30.2W_9AiAS97I8r4braGPRNJjJvr--RPkcYraHmVY2QaI
URL: /me, Token: eyJhbGciOiJIUzI1NiIsInR5cCI6IkpXVCJ9.eyJpZCI6IjZhMjMwMWI1YjBjNDBhNjJmZWZhMWIxMCIsInJvbGUiOiJVU0VSIiwiaWF0IjoxNzgxMzUxNDA2LCJleHAiOjE3ODM5NDM0MDZ9.a_zlmkoA4iDN9VUbWRMTAmqoYTrh9R9_OEOCLU143S0
URL: /my-orders, Token: eyJhbGciOiJIUzI1NiIsInR5cCI6IkpXVCJ9.eyJpZCI6IjZhMjMwMWI1YjBjNDBhNjJmZWZhMWIxMCIsInJvbGUiOiJVU0VSIiwiaWF0IjoxNzgxMzUxNDA2LCJleHAiOjE3ODM5NDM0MDZ9.a_zlmkoA4iDN9VUbWRMTAmqoYTrh9R9_OEOCLU143S0
URL: /, Token: eyJhbGciOiJIUzI1NiIsInR5cCI6IkpXVCJ9.eyJpZCI6IjZhMjM3Zjc0ZGFiYzgxNGRiYmJiZWViZCIsInJvbGUiOiJBRE1JTiIsImlhdCI6MTc4MTM1MTE0OSwiZXhwIjoxNzgzOTQzMTQ5fQ.AzoKrhDzLtWaxPWNP6mgkMFV_yZ-9nevIB_B2mfsyN8
URL: /, Token: eyJhbGciOiJIUzI1NiIsInR5cCI6IkpXVCJ9.eyJpZCI6IjZhMjM3Zjc0ZGFiYzgxNGRiYmJiZWViZCIsInJvbGUiOiJBRE1JTiIsImlhdCI6MTc4MTM1MTE0OSwiZXhwIjoxNzgzOTQzMTQ5fQ.AzoKrhDzLtWaxPWNP6mgkMFV_yZ-9nevIB_B2mfsyN8
URL: /, Token: eyJhbGciOiJIUzI1NiIsInR5cCI6IkpXVCJ9.eyJpZCI6IjZhMjM3Zjc0ZGFiYzgxNGRiYmJiZWViZCIsInJvbGUiOiJBRE1JTiIsImlhdCI6MTc4MTM1MTE0OSwiZXhwIjoxNzgzOTQzMTQ5fQ.AzoKrhDzLtWaxPWNP6mgkMFV_yZ-9nevIB_B2mfsyN8
URL: /, Token: eyJhbGciOiJIUzI1NiIsInR5cCI6IkpXVCJ9.eyJpZCI6IjZhMjM3Zjc0ZGFiYzgxNGRiYmJiZWViZCIsInJvbGUiOiJBRE1JTiIsImlhdCI6MTc4MTM1MTE0OSwiZXhwIjoxNzgzOTQzMTQ5fQ.AzoKrhDzLtWaxPWNP6mgkMFV_yZ-9nevIB_B2mfsyN8
URL: /, Token: eyJhbGciOiJIUzI1NiIsInR5cCI6IkpXVCJ9.eyJpZCI6IjZhMjM3Zjc0ZGFiYzgxNGRiYmJiZWViZCIsInJvbGUiOiJBRE1JTiIsImlhdCI6MTc4MTM1MTE0OSwiZXhwIjoxNzgzOTQzMTQ5fQ.AzoKrhDzLtWaxPWNP6mgkMFV_yZ-9nevIB_B2mfsyN8
URL: /me, Token: eyJhbGciOiJIUzI1NiIsInR5cCI6IkpXVCJ9.eyJpZCI6IjZhMjMwMWI1YjBjNDBhNjJmZWZhMWIxMCIsInJvbGUiOiJVU0VSIiwiaWF0IjoxNzgxMzUxNDA2LCJleHAiOjE3ODM5NDM0MDZ9.a_zlmkoA4iDN9VUbWRMTAmqoYTrh9R9_OEOCLU143S0
URL: /, Token: eyJhbGciOiJIUzI1NiIsInR5cCI6IkpXVCJ9.eyJpZCI6IjZhMjM3Zjc0ZGFiYzgxNGRiYmJiZWViZCIsInJvbGUiOiJBRE1JTiIsImlhdCI6MTc4MTM1MTE0OSwiZXhwIjoxNzgzOTQzMTQ5fQ.AzoKrhDzLtWaxPWNP6mgkMFV_yZ-9nevIB_B2mfsyN8
URL: /, Token: eyJhbGciOiJIUzI1NiIsInR5cCI6IkpXVCJ9.eyJpZCI6IjZhMjM3Zjc0ZGFiYzgxNGRiYmJiZWViZCIsInJvbGUiOiJBRE1JTiIsImlhdCI6MTc4MTM1MTE0OSwiZXhwIjoxNzgzOTQzMTQ5fQ.AzoKrhDzLtWaxPWNP6mgkMFV_yZ-9nevIB_B2mfsyN8
URL: /, Token: eyJhbGciOiJIUzI1NiIsInR5cCI6IkpXVCJ9.eyJpZCI6IjZhMjM3Zjc0ZGFiYzgxNGRiYmJiZWViZCIsInJvbGUiOiJBRE1JTiIsImlhdCI6MTc4MTM1MTE0OSwiZXhwIjoxNzgzOTQzMTQ5fQ.AzoKrhDzLtWaxPWNP6mgkMFV_yZ-9nevIB_B2mfsyN8
URL: /my-orders, Token: eyJhbGciOiJIUzI1NiIsInR5cCI6IkpXVCJ9.eyJpZCI6IjZhMjMwMWI1YjBjNDBhNjJmZWZhMWIxMCIsInJvbGUiOiJVU0VSIiwiaWF0IjoxNzgxMzUxNDA2LCJleHAiOjE3ODM5NDM0MDZ9.a_zlmkoA4iDN9VUbWRMTAmqoYTrh9R9_OEOCLU143S0
URL: /my-orders, Token: eyJhbGciOiJIUzI1NiIsInR5cCI6IkpXVCJ9.eyJpZCI6IjZhMjMwMWI1YjBjNDBhNjJmZWZhMWIxMCIsInJvbGUiOiJVU0VSIiwiaWF0IjoxNzgxMzUxNDA2LCJleHAiOjE3ODM5NDM0MDZ9.a_zlmkoA4iDN9VUbWRMTAmqoYTrh9R9_OEOCLU143S0
URL: /, Token: eyJhbGciOiJIUzI1NiIsInR5cCI6IkpXVCJ9.eyJpZCI6IjZhMjM3Zjc0ZGFiYzgxNGRiYmJiZWViZCIsInJvbGUiOiJBRE1JTiIsImlhdCI6MTc4MTM1MTE0OSwiZXhwIjoxNzgzOTQzMTQ5fQ.AzoKrhDzLtWaxPWNP6mgkMFV_yZ-9nevIB_B2mfsyN8
URL: /orders, Token: eyJhbGciOiJIUzI1NiIsInR5cCI6IkpXVCJ9.eyJpZCI6IjZhMmJkMWRkN2QzOGUyZGQxZjRkNDYyYiIsInJvbGUiOiJERUxJVkVSWV9CT1kiLCJpYXQiOjE3ODEzNTExMDcsImV4cCI6MTc4Mzk0MzEwN30.2W_9AiAS97I8r4braGPRNJjJvr--RPkcYraHmVY2QaI
URL: /, Token: eyJhbGciOiJIUzI1NiIsInR5cCI6IkpXVCJ9.eyJpZCI6IjZhMjM3Zjc0ZGFiYzgxNGRiYmJiZWViZCIsInJvbGUiOiJBRE1JTiIsImlhdCI6MTc4MTM1MTE0OSwiZXhwIjoxNzgzOTQzMTQ5fQ.AzoKrhDzLtWaxPWNP6mgkMFV_yZ-9nevIB_B2mfsyN8
URL: /, Token: eyJhbGciOiJIUzI1NiIsInR5cCI6IkpXVCJ9.eyJpZCI6IjZhMjM3Zjc0ZGFiYzgxNGRiYmJiZWViZCIsInJvbGUiOiJBRE1JTiIsImlhdCI6MTc4MTM1MTE0OSwiZXhwIjoxNzgzOTQzMTQ5fQ.AzoKrhDzLtWaxPWNP6mgkMFV_yZ-9nevIB_B2mfsyN8
URL: /?t=1781352742538, Token: eyJhbGciOiJIUzI1NiIsInR5cCI6IkpXVCJ9.eyJpZCI6IjZhMjM3Zjc0ZGFiYzgxNGRiYmJiZWViZCIsInJvbGUiOiJBRE1JTiIsImlhdCI6MTc4MTM1MTE0OSwiZXhwIjoxNzgzOTQzMTQ5fQ.AzoKrhDzLtWaxPWNP6mgkMFV_yZ-9nevIB_B2mfsyN8
URL: /, Token: eyJhbGciOiJIUzI1NiIsInR5cCI6IkpXVCJ9.eyJpZCI6IjZhMjM3Zjc0ZGFiYzgxNGRiYmJiZWViZCIsInJvbGUiOiJBRE1JTiIsImlhdCI6MTc4MTM1MTE0OSwiZXhwIjoxNzgzOTQzMTQ5fQ.AzoKrhDzLtWaxPWNP6mgkMFV_yZ-9nevIB_B2mfsyN8
URL: /?t=1781352742551, Token: eyJhbGciOiJIUzI1NiIsInR5cCI6IkpXVCJ9.eyJpZCI6IjZhMjM3Zjc0ZGFiYzgxNGRiYmJiZWViZCIsInJvbGUiOiJBRE1JTiIsImlhdCI6MTc4MTM1MTE0OSwiZXhwIjoxNzgzOTQzMTQ5fQ.AzoKrhDzLtWaxPWNP6mgkMFV_yZ-9nevIB_B2mfsyN8
URL: /, Token: eyJhbGciOiJIUzI1NiIsInR5cCI6IkpXVCJ9.eyJpZCI6IjZhMjM3Zjc0ZGFiYzgxNGRiYmJiZWViZCIsInJvbGUiOiJBRE1JTiIsImlhdCI6MTc4MTM1MTE0OSwiZXhwIjoxNzgzOTQzMTQ5fQ.AzoKrhDzLtWaxPWNP6mgkMFV_yZ-9nevIB_B2mfsyN8
URL: /, Token: eyJhbGciOiJIUzI1NiIsInR5cCI6IkpXVCJ9.eyJpZCI6IjZhMjM3Zjc0ZGFiYzgxNGRiYmJiZWViZCIsInJvbGUiOiJBRE1JTiIsImlhdCI6MTc4MTM1MTE0OSwiZXhwIjoxNzgzOTQzMTQ5fQ.AzoKrhDzLtWaxPWNP6mgkMFV_yZ-9nevIB_B2mfsyN8
URL: /dashboard?t=1781352748700, Token: eyJhbGciOiJIUzI1NiIsInR5cCI6IkpXVCJ9.eyJpZCI6IjZhMjM3Zjc0ZGFiYzgxNGRiYmJiZWViZCIsInJvbGUiOiJBRE1JTiIsImlhdCI6MTc4MTM1MTE0OSwiZXhwIjoxNzgzOTQzMTQ5fQ.AzoKrhDzLtWaxPWNP6mgkMFV_yZ-9nevIB_B2mfsyN8
URL: /?t=1781352748701, Token: eyJhbGciOiJIUzI1NiIsInR5cCI6IkpXVCJ9.eyJpZCI6IjZhMjM3Zjc0ZGFiYzgxNGRiYmJiZWViZCIsInJvbGUiOiJBRE1JTiIsImlhdCI6MTc4MTM1MTE0OSwiZXhwIjoxNzgzOTQzMTQ5fQ.AzoKrhDzLtWaxPWNP6mgkMFV_yZ-9nevIB_B2mfsyN8
URL: /dashboard?t=1781352748703, Token: eyJhbGciOiJIUzI1NiIsInR5cCI6IkpXVCJ9.eyJpZCI6IjZhMjM3Zjc0ZGFiYzgxNGRiYmJiZWViZCIsInJvbGUiOiJBRE1JTiIsImlhdCI6MTc4MTM1MTE0OSwiZXhwIjoxNzgzOTQzMTQ5fQ.AzoKrhDzLtWaxPWNP6mgkMFV_yZ-9nevIB_B2mfsyN8
URL: /?t=1781352748703, Token: eyJhbGciOiJIUzI1NiIsInR5cCI6IkpXVCJ9.eyJpZCI6IjZhMjM3Zjc0ZGFiYzgxNGRiYmJiZWViZCIsInJvbGUiOiJBRE1JTiIsImlhdCI6MTc4MTM1MTE0OSwiZXhwIjoxNzgzOTQzMTQ5fQ.AzoKrhDzLtWaxPWNP6mgkMFV_yZ-9nevIB_B2mfsyN8
URL: /dashboard?t=1781352763711, Token: eyJhbGciOiJIUzI1NiIsInR5cCI6IkpXVCJ9.eyJpZCI6IjZhMjM3Zjc0ZGFiYzgxNGRiYmJiZWViZCIsInJvbGUiOiJBRE1JTiIsImlhdCI6MTc4MTM1MTE0OSwiZXhwIjoxNzgzOTQzMTQ5fQ.AzoKrhDzLtWaxPWNP6mgkMFV_yZ-9nevIB_B2mfsyN8
URL: /?t=1781352763712, Token: eyJhbGciOiJIUzI1NiIsInR5cCI6IkpXVCJ9.eyJpZCI6IjZhMjM3Zjc0ZGFiYzgxNGRiYmJiZWViZCIsInJvbGUiOiJBRE1JTiIsImlhdCI6MTc4MTM1MTE0OSwiZXhwIjoxNzgzOTQzMTQ5fQ.AzoKrhDzLtWaxPWNP6mgkMFV_yZ-9nevIB_B2mfsyN8
URL: /, Token: eyJhbGciOiJIUzI1NiIsInR5cCI6IkpXVCJ9.eyJpZCI6IjZhMjM3Zjc0ZGFiYzgxNGRiYmJiZWViZCIsInJvbGUiOiJBRE1JTiIsImlhdCI6MTc4MTM1MTE0OSwiZXhwIjoxNzgzOTQzMTQ5fQ.AzoKrhDzLtWaxPWNP6mgkMFV_yZ-9nevIB_B2mfsyN8
URL: /dashboard?t=1781352778713, Token: eyJhbGciOiJIUzI1NiIsInR5cCI6IkpXVCJ9.eyJpZCI6IjZhMjM3Zjc0ZGFiYzgxNGRiYmJiZWViZCIsInJvbGUiOiJBRE1JTiIsImlhdCI6MTc4MTM1MTE0OSwiZXhwIjoxNzgzOTQzMTQ5fQ.AzoKrhDzLtWaxPWNP6mgkMFV_yZ-9nevIB_B2mfsyN8
URL: /?t=1781352778714, Token: eyJhbGciOiJIUzI1NiIsInR5cCI6IkpXVCJ9.eyJpZCI6IjZhMjM3Zjc0ZGFiYzgxNGRiYmJiZWViZCIsInJvbGUiOiJBRE1JTiIsImlhdCI6MTc4MTM1MTE0OSwiZXhwIjoxNzgzOTQzMTQ5fQ.AzoKrhDzLtWaxPWNP6mgkMFV_yZ-9nevIB_B2mfsyN8
URL: /dashboard?t=1781352793712, Token: eyJhbGciOiJIUzI1NiIsInR5cCI6IkpXVCJ9.eyJpZCI6IjZhMjM3Zjc0ZGFiYzgxNGRiYmJiZWViZCIsInJvbGUiOiJBRE1JTiIsImlhdCI6MTc4MTM1MTE0OSwiZXhwIjoxNzgzOTQzMTQ5fQ.AzoKrhDzLtWaxPWNP6mgkMFV_yZ-9nevIB_B2mfsyN8
URL: /?t=1781352793713, Token: eyJhbGciOiJIUzI1NiIsInR5cCI6IkpXVCJ9.eyJpZCI6IjZhMjM3Zjc0ZGFiYzgxNGRiYmJiZWViZCIsInJvbGUiOiJBRE1JTiIsImlhdCI6MTc4MTM1MTE0OSwiZXhwIjoxNzgzOTQzMTQ5fQ.AzoKrhDzLtWaxPWNP6mgkMFV_yZ-9nevIB_B2mfsyN8
URL: /, Token: eyJhbGciOiJIUzI1NiIsInR5cCI6IkpXVCJ9.eyJpZCI6IjZhMjM3Zjc0ZGFiYzgxNGRiYmJiZWViZCIsInJvbGUiOiJBRE1JTiIsImlhdCI6MTc4MTM1MTE0OSwiZXhwIjoxNzgzOTQzMTQ5fQ.AzoKrhDzLtWaxPWNP6mgkMFV_yZ-9nevIB_B2mfsyN8
URL: /dashboard?t=1781352808710, Token: eyJhbGciOiJIUzI1NiIsInR5cCI6IkpXVCJ9.eyJpZCI6IjZhMjM3Zjc0ZGFiYzgxNGRiYmJiZWViZCIsInJvbGUiOiJBRE1JTiIsImlhdCI6MTc4MTM1MTE0OSwiZXhwIjoxNzgzOTQzMTQ5fQ.AzoKrhDzLtWaxPWNP6mgkMFV_yZ-9nevIB_B2mfsyN8
URL: /?t=1781352808712, Token: eyJhbGciOiJIUzI1NiIsInR5cCI6IkpXVCJ9.eyJpZCI6IjZhMjM3Zjc0ZGFiYzgxNGRiYmJiZWViZCIsInJvbGUiOiJBRE1JTiIsImlhdCI6MTc4MTM1MTE0OSwiZXhwIjoxNzgzOTQzMTQ5fQ.AzoKrhDzLtWaxPWNP6mgkMFV_yZ-9nevIB_B2mfsyN8
URL: /?t=1781352809129, Token: eyJhbGciOiJIUzI1NiIsInR5cCI6IkpXVCJ9.eyJpZCI6IjZhMjM3Zjc0ZGFiYzgxNGRiYmJiZWViZCIsInJvbGUiOiJBRE1JTiIsImlhdCI6MTc4MTM1MTE0OSwiZXhwIjoxNzgzOTQzMTQ5fQ.AzoKrhDzLtWaxPWNP6mgkMFV_yZ-9nevIB_B2mfsyN8
URL: /?t=1781352809131, Token: eyJhbGciOiJIUzI1NiIsInR5cCI6IkpXVCJ9.eyJpZCI6IjZhMjM3Zjc0ZGFiYzgxNGRiYmJiZWViZCIsInJvbGUiOiJBRE1JTiIsImlhdCI6MTc4MTM1MTE0OSwiZXhwIjoxNzgzOTQzMTQ5fQ.AzoKrhDzLtWaxPWNP6mgkMFV_yZ-9nevIB_B2mfsyN8
URL: /, Token: eyJhbGciOiJIUzI1NiIsInR5cCI6IkpXVCJ9.eyJpZCI6IjZhMjM3Zjc0ZGFiYzgxNGRiYmJiZWViZCIsInJvbGUiOiJBRE1JTiIsImlhdCI6MTc4MTM1MTE0OSwiZXhwIjoxNzgzOTQzMTQ5fQ.AzoKrhDzLtWaxPWNP6mgkMFV_yZ-9nevIB_B2mfsyN8
URL: /, Token: eyJhbGciOiJIUzI1NiIsInR5cCI6IkpXVCJ9.eyJpZCI6IjZhMjM3Zjc0ZGFiYzgxNGRiYmJiZWViZCIsInJvbGUiOiJBRE1JTiIsImlhdCI6MTc4MTM1MTE0OSwiZXhwIjoxNzgzOTQzMTQ5fQ.AzoKrhDzLtWaxPWNP6mgkMFV_yZ-9nevIB_B2mfsyN8
URL: /, Token: eyJhbGciOiJIUzI1NiIsInR5cCI6IkpXVCJ9.eyJpZCI6IjZhMjM3Zjc0ZGFiYzgxNGRiYmJiZWViZCIsInJvbGUiOiJBRE1JTiIsImlhdCI6MTc4MTM1MTE0OSwiZXhwIjoxNzgzOTQzMTQ5fQ.AzoKrhDzLtWaxPWNP6mgkMFV_yZ-9nevIB_B2mfsyN8
URL: /, Token: eyJhbGciOiJIUzI1NiIsInR5cCI6IkpXVCJ9.eyJpZCI6IjZhMjM3Zjc0ZGFiYzgxNGRiYmJiZWViZCIsInJvbGUiOiJBRE1JTiIsImlhdCI6MTc4MTM1MTE0OSwiZXhwIjoxNzgzOTQzMTQ5fQ.AzoKrhDzLtWaxPWNP6mgkMFV_yZ-9nevIB_B2mfsyN8
URL: /?t=1781352811331, Token: eyJhbGciOiJIUzI1NiIsInR5cCI6IkpXVCJ9.eyJpZCI6IjZhMjM3Zjc0ZGFiYzgxNGRiYmJiZWViZCIsInJvbGUiOiJBRE1JTiIsImlhdCI6MTc4MTM1MTE0OSwiZXhwIjoxNzgzOTQzMTQ5fQ.AzoKrhDzLtWaxPWNP6mgkMFV_yZ-9nevIB_B2mfsyN8
URL: /?t=1781352811336, Token: eyJhbGciOiJIUzI1NiIsInR5cCI6IkpXVCJ9.eyJpZCI6IjZhMjM3Zjc0ZGFiYzgxNGRiYmJiZWViZCIsInJvbGUiOiJBRE1JTiIsImlhdCI6MTc4MTM1MTE0OSwiZXhwIjoxNzgzOTQzMTQ5fQ.AzoKrhDzLtWaxPWNP6mgkMFV_yZ-9nevIB_B2mfsyN8
URL: /, Token: eyJhbGciOiJIUzI1NiIsInR5cCI6IkpXVCJ9.eyJpZCI6IjZhMjM3Zjc0ZGFiYzgxNGRiYmJiZWViZCIsInJvbGUiOiJBRE1JTiIsImlhdCI6MTc4MTM1MTE0OSwiZXhwIjoxNzgzOTQzMTQ5fQ.AzoKrhDzLtWaxPWNP6mgkMFV_yZ-9nevIB_B2mfsyN8
URL: /, Token: eyJhbGciOiJIUzI1NiIsInR5cCI6IkpXVCJ9.eyJpZCI6IjZhMjM3Zjc0ZGFiYzgxNGRiYmJiZWViZCIsInJvbGUiOiJBRE1JTiIsImlhdCI6MTc4MTM1MTE0OSwiZXhwIjoxNzgzOTQzMTQ5fQ.AzoKrhDzLtWaxPWNP6mgkMFV_yZ-9nevIB_B2mfsyN8
URL: /6a2d48d9305a17133d43f0d0/assign, Token: eyJhbGciOiJIUzI1NiIsInR5cCI6IkpXVCJ9.eyJpZCI6IjZhMjM3Zjc0ZGFiYzgxNGRiYmJiZWViZCIsInJvbGUiOiJBRE1JTiIsImlhdCI6MTc4MTM1MTE0OSwiZXhwIjoxNzgzOTQzMTQ5fQ.AzoKrhDzLtWaxPWNP6mgkMFV_yZ-9nevIB_B2mfsyN8
URL: /?t=1781352817462, Token: eyJhbGciOiJIUzI1NiIsInR5cCI6IkpXVCJ9.eyJpZCI6IjZhMjM3Zjc0ZGFiYzgxNGRiYmJiZWViZCIsInJvbGUiOiJBRE1JTiIsImlhdCI6MTc4MTM1MTE0OSwiZXhwIjoxNzgzOTQzMTQ5fQ.AzoKrhDzLtWaxPWNP6mgkMFV_yZ-9nevIB_B2mfsyN8
URL: /orders, Token: eyJhbGciOiJIUzI1NiIsInR5cCI6IkpXVCJ9.eyJpZCI6IjZhMmJkMWRkN2QzOGUyZGQxZjRkNDYyYiIsInJvbGUiOiJERUxJVkVSWV9CT1kiLCJpYXQiOjE3ODEzNTExMDcsImV4cCI6MTc4Mzk0MzEwN30.2W_9AiAS97I8r4braGPRNJjJvr--RPkcYraHmVY2QaI
URL: /orders, Token: eyJhbGciOiJIUzI1NiIsInR5cCI6IkpXVCJ9.eyJpZCI6IjZhMmJkMWRkN2QzOGUyZGQxZjRkNDYyYiIsInJvbGUiOiJERUxJVkVSWV9CT1kiLCJpYXQiOjE3ODEzNTExMDcsImV4cCI6MTc4Mzk0MzEwN30.2W_9AiAS97I8r4braGPRNJjJvr--RPkcYraHmVY2QaI
URL: /, Token: eyJhbGciOiJIUzI1NiIsInR5cCI6IkpXVCJ9.eyJpZCI6IjZhMjM3Zjc0ZGFiYzgxNGRiYmJiZWViZCIsInJvbGUiOiJBRE1JTiIsImlhdCI6MTc4MTM1MTE0OSwiZXhwIjoxNzgzOTQzMTQ5fQ.AzoKrhDzLtWaxPWNP6mgkMFV_yZ-9nevIB_B2mfsyN8
URL: /orders/6a2d48d9305a17133d43f0d0/status, Token: eyJhbGciOiJIUzI1NiIsInR5cCI6IkpXVCJ9.eyJpZCI6IjZhMmJkMWRkN2QzOGUyZGQxZjRkNDYyYiIsInJvbGUiOiJERUxJVkVSWV9CT1kiLCJpYXQiOjE3ODEzNTExMDcsImV4cCI6MTc4Mzk0MzEwN30.2W_9AiAS97I8r4braGPRNJjJvr--RPkcYraHmVY2QaI
URL: /orders, Token: eyJhbGciOiJIUzI1NiIsInR5cCI6IkpXVCJ9.eyJpZCI6IjZhMmJkMWRkN2QzOGUyZGQxZjRkNDYyYiIsInJvbGUiOiJERUxJVkVSWV9CT1kiLCJpYXQiOjE3ODEzNTExMDcsImV4cCI6MTc4Mzk0MzEwN30.2W_9AiAS97I8r4braGPRNJjJvr--RPkcYraHmVY2QaI
URL: /orders/6a2d48d9305a17133d43f0d0/status, Token: eyJhbGciOiJIUzI1NiIsInR5cCI6IkpXVCJ9.eyJpZCI6IjZhMmJkMWRkN2QzOGUyZGQxZjRkNDYyYiIsInJvbGUiOiJERUxJVkVSWV9CT1kiLCJpYXQiOjE3ODEzNTExMDcsImV4cCI6MTc4Mzk0MzEwN30.2W_9AiAS97I8r4braGPRNJjJvr--RPkcYraHmVY2QaI
URL: /orders, Token: eyJhbGciOiJIUzI1NiIsInR5cCI6IkpXVCJ9.eyJpZCI6IjZhMmJkMWRkN2QzOGUyZGQxZjRkNDYyYiIsInJvbGUiOiJERUxJVkVSWV9CT1kiLCJpYXQiOjE3ODEzNTExMDcsImV4cCI6MTc4Mzk0MzEwN30.2W_9AiAS97I8r4braGPRNJjJvr--RPkcYraHmVY2QaI
URL: /, Token: eyJhbGciOiJIUzI1NiIsInR5cCI6IkpXVCJ9.eyJpZCI6IjZhMjM3Zjc0ZGFiYzgxNGRiYmJiZWViZCIsInJvbGUiOiJBRE1JTiIsImlhdCI6MTc4MTM1MTE0OSwiZXhwIjoxNzgzOTQzMTQ5fQ.AzoKrhDzLtWaxPWNP6mgkMFV_yZ-9nevIB_B2mfsyN8
URL: /?t=1781352857290, Token: eyJhbGciOiJIUzI1NiIsInR5cCI6IkpXVCJ9.eyJpZCI6IjZhMjM3Zjc0ZGFiYzgxNGRiYmJiZWViZCIsInJvbGUiOiJBRE1JTiIsImlhdCI6MTc4MTM1MTE0OSwiZXhwIjoxNzgzOTQzMTQ5fQ.AzoKrhDzLtWaxPWNP6mgkMFV_yZ-9nevIB_B2mfsyN8
URL: /?t=1781352857297, Token: eyJhbGciOiJIUzI1NiIsInR5cCI6IkpXVCJ9.eyJpZCI6IjZhMjM3Zjc0ZGFiYzgxNGRiYmJiZWViZCIsInJvbGUiOiJBRE1JTiIsImlhdCI6MTc4MTM1MTE0OSwiZXhwIjoxNzgzOTQzMTQ5fQ.AzoKrhDzLtWaxPWNP6mgkMFV_yZ-9nevIB_B2mfsyN8
URL: /, Token: eyJhbGciOiJIUzI1NiIsInR5cCI6IkpXVCJ9.eyJpZCI6IjZhMjM3Zjc0ZGFiYzgxNGRiYmJiZWViZCIsInJvbGUiOiJBRE1JTiIsImlhdCI6MTc4MTM1MTE0OSwiZXhwIjoxNzgzOTQzMTQ5fQ.AzoKrhDzLtWaxPWNP6mgkMFV_yZ-9nevIB_B2mfsyN8
URL: /, Token: eyJhbGciOiJIUzI1NiIsInR5cCI6IkpXVCJ9.eyJpZCI6IjZhMjM3Zjc0ZGFiYzgxNGRiYmJiZWViZCIsInJvbGUiOiJBRE1JTiIsImlhdCI6MTc4MTM1MTE0OSwiZXhwIjoxNzgzOTQzMTQ5fQ.AzoKrhDzLtWaxPWNP6mgkMFV_yZ-9nevIB_B2mfsyN8
URL: /, Token: eyJhbGciOiJIUzI1NiIsInR5cCI6IkpXVCJ9.eyJpZCI6IjZhMjM3Zjc0ZGFiYzgxNGRiYmJiZWViZCIsInJvbGUiOiJBRE1JTiIsImlhdCI6MTc4MTM1MTE0OSwiZXhwIjoxNzgzOTQzMTQ5fQ.AzoKrhDzLtWaxPWNP6mgkMFV_yZ-9nevIB_B2mfsyN8
URL: /me, Token: eyJhbGciOiJIUzI1NiIsInR5cCI6IkpXVCJ9.eyJpZCI6IjZhMjMwMWI1YjBjNDBhNjJmZWZhMWIxMCIsInJvbGUiOiJVU0VSIiwiaWF0IjoxNzgxMzUxNDA2LCJleHAiOjE3ODM5NDM0MDZ9.a_zlmkoA4iDN9VUbWRMTAmqoYTrh9R9_OEOCLU143S0
URL: /my-orders, Token: eyJhbGciOiJIUzI1NiIsInR5cCI6IkpXVCJ9.eyJpZCI6IjZhMjMwMWI1YjBjNDBhNjJmZWZhMWIxMCIsInJvbGUiOiJVU0VSIiwiaWF0IjoxNzgxMzUxNDA2LCJleHAiOjE3ODM5NDM0MDZ9.a_zlmkoA4iDN9VUbWRMTAmqoYTrh9R9_OEOCLU143S0
URL: /orders/6a2d48d9305a17133d43f0d0/status, Token: eyJhbGciOiJIUzI1NiIsInR5cCI6IkpXVCJ9.eyJpZCI6IjZhMmJkMWRkN2QzOGUyZGQxZjRkNDYyYiIsInJvbGUiOiJERUxJVkVSWV9CT1kiLCJpYXQiOjE3ODEzNTExMDcsImV4cCI6MTc4Mzk0MzEwN30.2W_9AiAS97I8r4braGPRNJjJvr--RPkcYraHmVY2QaI
URL: /orders/6a2d48d9305a17133d43f0d0/status, Token: eyJhbGciOiJIUzI1NiIsInR5cCI6IkpXVCJ9.eyJpZCI6IjZhMmJkMWRkN2QzOGUyZGQxZjRkNDYyYiIsInJvbGUiOiJERUxJVkVSWV9CT1kiLCJpYXQiOjE3ODEzNTExMDcsImV4cCI6MTc4Mzk0MzEwN30.2W_9AiAS97I8r4braGPRNJjJvr--RPkcYraHmVY2QaI
URL: /orders, Token: eyJhbGciOiJIUzI1NiIsInR5cCI6IkpXVCJ9.eyJpZCI6IjZhMmJkMWRkN2QzOGUyZGQxZjRkNDYyYiIsInJvbGUiOiJERUxJVkVSWV9CT1kiLCJpYXQiOjE3ODEzNTExMDcsImV4cCI6MTc4Mzk0MzEwN30.2W_9AiAS97I8r4braGPRNJjJvr--RPkcYraHmVY2QaI
URL: /, Token: eyJhbGciOiJIUzI1NiIsInR5cCI6IkpXVCJ9.eyJpZCI6IjZhMjM3Zjc0ZGFiYzgxNGRiYmJiZWViZCIsInJvbGUiOiJBRE1JTiIsImlhdCI6MTc4MTM1MTE0OSwiZXhwIjoxNzgzOTQzMTQ5fQ.AzoKrhDzLtWaxPWNP6mgkMFV_yZ-9nevIB_B2mfsyN8
URL: /orders, Token: eyJhbGciOiJIUzI1NiIsInR5cCI6IkpXVCJ9.eyJpZCI6IjZhMmJkMWRkN2QzOGUyZGQxZjRkNDYyYiIsInJvbGUiOiJERUxJVkVSWV9CT1kiLCJpYXQiOjE3ODEzNTExMDcsImV4cCI6MTc4Mzk0MzEwN30.2W_9AiAS97I8r4braGPRNJjJvr--RPkcYraHmVY2QaI
URL: /me, Token: eyJhbGciOiJIUzI1NiIsInR5cCI6IkpXVCJ9.eyJpZCI6IjZhMjMwMWI1YjBjNDBhNjJmZWZhMWIxMCIsInJvbGUiOiJVU0VSIiwiaWF0IjoxNzgxMzUxNDA2LCJleHAiOjE3ODM5NDM0MDZ9.a_zlmkoA4iDN9VUbWRMTAmqoYTrh9R9_OEOCLU143S0
URL: /my-orders, Token: eyJhbGciOiJIUzI1NiIsInR5cCI6IkpXVCJ9.eyJpZCI6IjZhMjMwMWI1YjBjNDBhNjJmZWZhMWIxMCIsInJvbGUiOiJVU0VSIiwiaWF0IjoxNzgxMzUxNDA2LCJleHAiOjE3ODM5NDM0MDZ9.a_zlmkoA4iDN9VUbWRMTAmqoYTrh9R9_OEOCLU143S0
URL: /, Token: eyJhbGciOiJIUzI1NiIsInR5cCI6IkpXVCJ9.eyJpZCI6IjZhMjM3Zjc0ZGFiYzgxNGRiYmJiZWViZCIsInJvbGUiOiJBRE1JTiIsImlhdCI6MTc4MTM1MTE0OSwiZXhwIjoxNzgzOTQzMTQ5fQ.AzoKrhDzLtWaxPWNP6mgkMFV_yZ-9nevIB_B2mfsyN8
URL: /, Token: eyJhbGciOiJIUzI1NiIsInR5cCI6IkpXVCJ9.eyJpZCI6IjZhMjM3Zjc0ZGFiYzgxNGRiYmJiZWViZCIsInJvbGUiOiJBRE1JTiIsImlhdCI6MTc4MTM1MTE0OSwiZXhwIjoxNzgzOTQzMTQ5fQ.AzoKrhDzLtWaxPWNP6mgkMFV_yZ-9nevIB_B2mfsyN8
URL: /, Token: eyJhbGciOiJIUzI1NiIsInR5cCI6IkpXVCJ9.eyJpZCI6IjZhMjM3Zjc0ZGFiYzgxNGRiYmJiZWViZCIsInJvbGUiOiJBRE1JTiIsImlhdCI6MTc4MTM1MTE0OSwiZXhwIjoxNzgzOTQzMTQ5fQ.AzoKrhDzLtWaxPWNP6mgkMFV_yZ-9nevIB_B2mfsyN8
URL: /, Token: eyJhbGciOiJIUzI1NiIsInR5cCI6IkpXVCJ9.eyJpZCI6IjZhMjM3Zjc0ZGFiYzgxNGRiYmJiZWViZCIsInJvbGUiOiJBRE1JTiIsImlhdCI6MTc4MTM1MTE0OSwiZXhwIjoxNzgzOTQzMTQ5fQ.AzoKrhDzLtWaxPWNP6mgkMFV_yZ-9nevIB_B2mfsyN8
URL: /, Token: eyJhbGciOiJIUzI1NiIsInR5cCI6IkpXVCJ9.eyJpZCI6IjZhMjM3Zjc0ZGFiYzgxNGRiYmJiZWViZCIsInJvbGUiOiJBRE1JTiIsImlhdCI6MTc4MTM1MTE0OSwiZXhwIjoxNzgzOTQzMTQ5fQ.AzoKrhDzLtWaxPWNP6mgkMFV_yZ-9nevIB_B2mfsyN8
URL: /, Token: eyJhbGciOiJIUzI1NiIsInR5cCI6IkpXVCJ9.eyJpZCI6IjZhMjM3Zjc0ZGFiYzgxNGRiYmJiZWViZCIsInJvbGUiOiJBRE1JTiIsImlhdCI6MTc4MTM1MTE0OSwiZXhwIjoxNzgzOTQzMTQ5fQ.AzoKrhDzLtWaxPWNP6mgkMFV_yZ-9nevIB_B2mfsyN8
URL: /me, Token: eyJhbGciOiJIUzI1NiIsInR5cCI6IkpXVCJ9.eyJpZCI6IjZhMjMwMWI1YjBjNDBhNjJmZWZhMWIxMCIsInJvbGUiOiJVU0VSIiwiaWF0IjoxNzgxMzUxNDA2LCJleHAiOjE3ODM5NDM0MDZ9.a_zlmkoA4iDN9VUbWRMTAmqoYTrh9R9_OEOCLU143S0
URL: /, Token: eyJhbGciOiJIUzI1NiIsInR5cCI6IkpXVCJ9.eyJpZCI6IjZhMjM3Zjc0ZGFiYzgxNGRiYmJiZWViZCIsInJvbGUiOiJBRE1JTiIsImlhdCI6MTc4MTM1MTE0OSwiZXhwIjoxNzgzOTQzMTQ5fQ.AzoKrhDzLtWaxPWNP6mgkMFV_yZ-9nevIB_B2mfsyN8
URL: /, Token: eyJhbGciOiJIUzI1NiIsInR5cCI6IkpXVCJ9.eyJpZCI6IjZhMjM3Zjc0ZGFiYzgxNGRiYmJiZWViZCIsInJvbGUiOiJBRE1JTiIsImlhdCI6MTc4MTM1MTE0OSwiZXhwIjoxNzgzOTQzMTQ5fQ.AzoKrhDzLtWaxPWNP6mgkMFV_yZ-9nevIB_B2mfsyN8
URL: /, Token: eyJhbGciOiJIUzI1NiIsInR5cCI6IkpXVCJ9.eyJpZCI6IjZhMjM3Zjc0ZGFiYzgxNGRiYmJiZWViZCIsInJvbGUiOiJBRE1JTiIsImlhdCI6MTc4MTM1MTE0OSwiZXhwIjoxNzgzOTQzMTQ5fQ.AzoKrhDzLtWaxPWNP6mgkMFV_yZ-9nevIB_B2mfsyN8
URL: /, Token: eyJhbGciOiJIUzI1NiIsInR5cCI6IkpXVCJ9.eyJpZCI6IjZhMjM3Zjc0ZGFiYzgxNGRiYmJiZWViZCIsInJvbGUiOiJBRE1JTiIsImlhdCI6MTc4MTM1MTE0OSwiZXhwIjoxNzgzOTQzMTQ5fQ.AzoKrhDzLtWaxPWNP6mgkMFV_yZ-9nevIB_B2mfsyN8
URL: /my-orders, Token: eyJhbGciOiJIUzI1NiIsInR5cCI6IkpXVCJ9.eyJpZCI6IjZhMjMwMWI1YjBjNDBhNjJmZWZhMWIxMCIsInJvbGUiOiJVU0VSIiwiaWF0IjoxNzgxMzUxNDA2LCJleHAiOjE3ODM5NDM0MDZ9.a_zlmkoA4iDN9VUbWRMTAmqoYTrh9R9_OEOCLU143S0
URL: /my-orders, Token: eyJhbGciOiJIUzI1NiIsInR5cCI6IkpXVCJ9.eyJpZCI6IjZhMjMwMWI1YjBjNDBhNjJmZWZhMWIxMCIsInJvbGUiOiJVU0VSIiwiaWF0IjoxNzgxMzUxNDA2LCJleHAiOjE3ODM5NDM0MDZ9.a_zlmkoA4iDN9VUbWRMTAmqoYTrh9R9_OEOCLU143S0
URL: /, Token: eyJhbGciOiJIUzI1NiIsInR5cCI6IkpXVCJ9.eyJpZCI6IjZhMjM3Zjc0ZGFiYzgxNGRiYmJiZWViZCIsInJvbGUiOiJBRE1JTiIsImlhdCI6MTc4MTM1MTE0OSwiZXhwIjoxNzgzOTQzMTQ5fQ.AzoKrhDzLtWaxPWNP6mgkMFV_yZ-9nevIB_B2mfsyN8
URL: /, Token: eyJhbGciOiJIUzI1NiIsInR5cCI6IkpXVCJ9.eyJpZCI6IjZhMjM3Zjc0ZGFiYzgxNGRiYmJiZWViZCIsInJvbGUiOiJBRE1JTiIsImlhdCI6MTc4MTM1MTE0OSwiZXhwIjoxNzgzOTQzMTQ5fQ.AzoKrhDzLtWaxPWNP6mgkMFV_yZ-9nevIB_B2mfsyN8
URL: /?t=1781353378289, Token: eyJhbGciOiJIUzI1NiIsInR5cCI6IkpXVCJ9.eyJpZCI6IjZhMjM3Zjc0ZGFiYzgxNGRiYmJiZWViZCIsInJvbGUiOiJBRE1JTiIsImlhdCI6MTc4MTM1MTE0OSwiZXhwIjoxNzgzOTQzMTQ5fQ.AzoKrhDzLtWaxPWNP6mgkMFV_yZ-9nevIB_B2mfsyN8
URL: /?t=1781353378294, Token: eyJhbGciOiJIUzI1NiIsInR5cCI6IkpXVCJ9.eyJpZCI6IjZhMjM3Zjc0ZGFiYzgxNGRiYmJiZWViZCIsInJvbGUiOiJBRE1JTiIsImlhdCI6MTc4MTM1MTE0OSwiZXhwIjoxNzgzOTQzMTQ5fQ.AzoKrhDzLtWaxPWNP6mgkMFV_yZ-9nevIB_B2mfsyN8
URL: /, Token: eyJhbGciOiJIUzI1NiIsInR5cCI6IkpXVCJ9.eyJpZCI6IjZhMjM3Zjc0ZGFiYzgxNGRiYmJiZWViZCIsInJvbGUiOiJBRE1JTiIsImlhdCI6MTc4MTM1MTE0OSwiZXhwIjoxNzgzOTQzMTQ5fQ.AzoKrhDzLtWaxPWNP6mgkMFV_yZ-9nevIB_B2mfsyN8
URL: /, Token: eyJhbGciOiJIUzI1NiIsInR5cCI6IkpXVCJ9.eyJpZCI6IjZhMjM3Zjc0ZGFiYzgxNGRiYmJiZWViZCIsInJvbGUiOiJBRE1JTiIsImlhdCI6MTc4MTM1MTE0OSwiZXhwIjoxNzgzOTQzMTQ5fQ.AzoKrhDzLtWaxPWNP6mgkMFV_yZ-9nevIB_B2mfsyN8
URL: /, Token: eyJhbGciOiJIUzI1NiIsInR5cCI6IkpXVCJ9.eyJpZCI6IjZhMjM3Zjc0ZGFiYzgxNGRiYmJiZWViZCIsInJvbGUiOiJBRE1JTiIsImlhdCI6MTc4MTM1MTE0OSwiZXhwIjoxNzgzOTQzMTQ5fQ.AzoKrhDzLtWaxPWNP6mgkMFV_yZ-9nevIB_B2mfsyN8
URL: /6a2d4b4c305a17133d43f1bf/assign, Token: eyJhbGciOiJIUzI1NiIsInR5cCI6IkpXVCJ9.eyJpZCI6IjZhMjM3Zjc0ZGFiYzgxNGRiYmJiZWViZCIsInJvbGUiOiJBRE1JTiIsImlhdCI6MTc4MTM1MTE0OSwiZXhwIjoxNzgzOTQzMTQ5fQ.AzoKrhDzLtWaxPWNP6mgkMFV_yZ-9nevIB_B2mfsyN8
URL: /?t=1781353383968, Token: eyJhbGciOiJIUzI1NiIsInR5cCI6IkpXVCJ9.eyJpZCI6IjZhMjM3Zjc0ZGFiYzgxNGRiYmJiZWViZCIsInJvbGUiOiJBRE1JTiIsImlhdCI6MTc4MTM1MTE0OSwiZXhwIjoxNzgzOTQzMTQ5fQ.AzoKrhDzLtWaxPWNP6mgkMFV_yZ-9nevIB_B2mfsyN8
URL: /, Token: eyJhbGciOiJIUzI1NiIsInR5cCI6IkpXVCJ9.eyJpZCI6IjZhMjM3Zjc0ZGFiYzgxNGRiYmJiZWViZCIsInJvbGUiOiJBRE1JTiIsImlhdCI6MTc4MTM1MTE0OSwiZXhwIjoxNzgzOTQzMTQ5fQ.AzoKrhDzLtWaxPWNP6mgkMFV_yZ-9nevIB_B2mfsyN8
URL: /, Token: eyJhbGciOiJIUzI1NiIsInR5cCI6IkpXVCJ9.eyJpZCI6IjZhMjM3Zjc0ZGFiYzgxNGRiYmJiZWViZCIsInJvbGUiOiJBRE1JTiIsImlhdCI6MTc4MTM1MTE0OSwiZXhwIjoxNzgzOTQzMTQ5fQ.AzoKrhDzLtWaxPWNP6mgkMFV_yZ-9nevIB_B2mfsyN8
URL: /, Token: eyJhbGciOiJIUzI1NiIsInR5cCI6IkpXVCJ9.eyJpZCI6IjZhMjM3Zjc0ZGFiYzgxNGRiYmJiZWViZCIsInJvbGUiOiJBRE1JTiIsImlhdCI6MTc4MTM1MTE0OSwiZXhwIjoxNzgzOTQzMTQ5fQ.AzoKrhDzLtWaxPWNP6mgkMFV_yZ-9nevIB_B2mfsyN8
URL: /, Token: eyJhbGciOiJIUzI1NiIsInR5cCI6IkpXVCJ9.eyJpZCI6IjZhMjM3Zjc0ZGFiYzgxNGRiYmJiZWViZCIsInJvbGUiOiJBRE1JTiIsImlhdCI6MTc4MTM1MTE0OSwiZXhwIjoxNzgzOTQzMTQ5fQ.AzoKrhDzLtWaxPWNP6mgkMFV_yZ-9nevIB_B2mfsyN8
URL: /, Token: eyJhbGciOiJIUzI1NiIsInR5cCI6IkpXVCJ9.eyJpZCI6IjZhMjM3Zjc0ZGFiYzgxNGRiYmJiZWViZCIsInJvbGUiOiJBRE1JTiIsImlhdCI6MTc4MTM1MTE0OSwiZXhwIjoxNzgzOTQzMTQ5fQ.AzoKrhDzLtWaxPWNP6mgkMFV_yZ-9nevIB_B2mfsyN8
URL: /, Token: eyJhbGciOiJIUzI1NiIsInR5cCI6IkpXVCJ9.eyJpZCI6IjZhMjM3Zjc0ZGFiYzgxNGRiYmJiZWViZCIsInJvbGUiOiJBRE1JTiIsImlhdCI6MTc4MTM1MTE0OSwiZXhwIjoxNzgzOTQzMTQ5fQ.AzoKrhDzLtWaxPWNP6mgkMFV_yZ-9nevIB_B2mfsyN8
URL: /, Token: eyJhbGciOiJIUzI1NiIsInR5cCI6IkpXVCJ9.eyJpZCI6IjZhMjM3Zjc0ZGFiYzgxNGRiYmJiZWViZCIsInJvbGUiOiJBRE1JTiIsImlhdCI6MTc4MTM1MTE0OSwiZXhwIjoxNzgzOTQzMTQ5fQ.AzoKrhDzLtWaxPWNP6mgkMFV_yZ-9nevIB_B2mfsyN8
URL: /, Token: eyJhbGciOiJIUzI1NiIsInR5cCI6IkpXVCJ9.eyJpZCI6IjZhMjM3Zjc0ZGFiYzgxNGRiYmJiZWViZCIsInJvbGUiOiJBRE1JTiIsImlhdCI6MTc4MTM1MTE0OSwiZXhwIjoxNzgzOTQzMTQ5fQ.AzoKrhDzLtWaxPWNP6mgkMFV_yZ-9nevIB_B2mfsyN8
URL: /?t=1781353612230, Token: eyJhbGciOiJIUzI1NiIsInR5cCI6IkpXVCJ9.eyJpZCI6IjZhMjM3Zjc0ZGFiYzgxNGRiYmJiZWViZCIsInJvbGUiOiJBRE1JTiIsImlhdCI6MTc4MTM1MTE0OSwiZXhwIjoxNzgzOTQzMTQ5fQ.AzoKrhDzLtWaxPWNP6mgkMFV_yZ-9nevIB_B2mfsyN8
URL: /, Token: eyJhbGciOiJIUzI1NiIsInR5cCI6IkpXVCJ9.eyJpZCI6IjZhMjM3Zjc0ZGFiYzgxNGRiYmJiZWViZCIsInJvbGUiOiJBRE1JTiIsImlhdCI6MTc4MTM1MTE0OSwiZXhwIjoxNzgzOTQzMTQ5fQ.AzoKrhDzLtWaxPWNP6mgkMFV_yZ-9nevIB_B2mfsyN8
URL: /?t=1781353612238, Token: eyJhbGciOiJIUzI1NiIsInR5cCI6IkpXVCJ9.eyJpZCI6IjZhMjM3Zjc0ZGFiYzgxNGRiYmJiZWViZCIsInJvbGUiOiJBRE1JTiIsImlhdCI6MTc4MTM1MTE0OSwiZXhwIjoxNzgzOTQzMTQ5fQ.AzoKrhDzLtWaxPWNP6mgkMFV_yZ-9nevIB_B2mfsyN8
URL: /, Token: eyJhbGciOiJIUzI1NiIsInR5cCI6IkpXVCJ9.eyJpZCI6IjZhMjM3Zjc0ZGFiYzgxNGRiYmJiZWViZCIsInJvbGUiOiJBRE1JTiIsImlhdCI6MTc4MTM1MTE0OSwiZXhwIjoxNzgzOTQzMTQ5fQ.AzoKrhDzLtWaxPWNP6mgkMFV_yZ-9nevIB_B2mfsyN8
URL: /, Token: eyJhbGciOiJIUzI1NiIsInR5cCI6IkpXVCJ9.eyJpZCI6IjZhMjM3Zjc0ZGFiYzgxNGRiYmJiZWViZCIsInJvbGUiOiJBRE1JTiIsImlhdCI6MTc4MTM1MTE0OSwiZXhwIjoxNzgzOTQzMTQ5fQ.AzoKrhDzLtWaxPWNP6mgkMFV_yZ-9nevIB_B2mfsyN8
URL: /, Token: eyJhbGciOiJIUzI1NiIsInR5cCI6IkpXVCJ9.eyJpZCI6IjZhMjM3Zjc0ZGFiYzgxNGRiYmJiZWViZCIsInJvbGUiOiJBRE1JTiIsImlhdCI6MTc4MTM1MTE0OSwiZXhwIjoxNzgzOTQzMTQ5fQ.AzoKrhDzLtWaxPWNP6mgkMFV_yZ-9nevIB_B2mfsyN8
URL: /, Token: eyJhbGciOiJIUzI1NiIsInR5cCI6IkpXVCJ9.eyJpZCI6IjZhMjM3Zjc0ZGFiYzgxNGRiYmJiZWViZCIsInJvbGUiOiJBRE1JTiIsImlhdCI6MTc4MTM1MTE0OSwiZXhwIjoxNzgzOTQzMTQ5fQ.AzoKrhDzLtWaxPWNP6mgkMFV_yZ-9nevIB_B2mfsyN8
URL: /?t=1781353615631, Token: eyJhbGciOiJIUzI1NiIsInR5cCI6IkpXVCJ9.eyJpZCI6IjZhMjM3Zjc0ZGFiYzgxNGRiYmJiZWViZCIsInJvbGUiOiJBRE1JTiIsImlhdCI6MTc4MTM1MTE0OSwiZXhwIjoxNzgzOTQzMTQ5fQ.AzoKrhDzLtWaxPWNP6mgkMFV_yZ-9nevIB_B2mfsyN8
URL: /?t=1781353615637, Token: eyJhbGciOiJIUzI1NiIsInR5cCI6IkpXVCJ9.eyJpZCI6IjZhMjM3Zjc0ZGFiYzgxNGRiYmJiZWViZCIsInJvbGUiOiJBRE1JTiIsImlhdCI6MTc4MTM1MTE0OSwiZXhwIjoxNzgzOTQzMTQ5fQ.AzoKrhDzLtWaxPWNP6mgkMFV_yZ-9nevIB_B2mfsyN8
URL: /, Token: eyJhbGciOiJIUzI1NiIsInR5cCI6IkpXVCJ9.eyJpZCI6IjZhMjM3Zjc0ZGFiYzgxNGRiYmJiZWViZCIsInJvbGUiOiJBRE1JTiIsImlhdCI6MTc4MTM1MTE0OSwiZXhwIjoxNzgzOTQzMTQ5fQ.AzoKrhDzLtWaxPWNP6mgkMFV_yZ-9nevIB_B2mfsyN8
URL: /, Token: eyJhbGciOiJIUzI1NiIsInR5cCI6IkpXVCJ9.eyJpZCI6IjZhMjM3Zjc0ZGFiYzgxNGRiYmJiZWViZCIsInJvbGUiOiJBRE1JTiIsImlhdCI6MTc4MTM1MTE0OSwiZXhwIjoxNzgzOTQzMTQ5fQ.AzoKrhDzLtWaxPWNP6mgkMFV_yZ-9nevIB_B2mfsyN8
URL: /6a2d4c6f305a17133d43f241/assign, Token: eyJhbGciOiJIUzI1NiIsInR5cCI6IkpXVCJ9.eyJpZCI6IjZhMjM3Zjc0ZGFiYzgxNGRiYmJiZWViZCIsInJvbGUiOiJBRE1JTiIsImlhdCI6MTc4MTM1MTE0OSwiZXhwIjoxNzgzOTQzMTQ5fQ.AzoKrhDzLtWaxPWNP6mgkMFV_yZ-9nevIB_B2mfsyN8
URL: /?t=1781353628050, Token: eyJhbGciOiJIUzI1NiIsInR5cCI6IkpXVCJ9.eyJpZCI6IjZhMjM3Zjc0ZGFiYzgxNGRiYmJiZWViZCIsInJvbGUiOiJBRE1JTiIsImlhdCI6MTc4MTM1MTE0OSwiZXhwIjoxNzgzOTQzMTQ5fQ.AzoKrhDzLtWaxPWNP6mgkMFV_yZ-9nevIB_B2mfsyN8
URL: /, Token: eyJhbGciOiJIUzI1NiIsInR5cCI6IkpXVCJ9.eyJpZCI6IjZhMjM3Zjc0ZGFiYzgxNGRiYmJiZWViZCIsInJvbGUiOiJBRE1JTiIsImlhdCI6MTc4MTM1MTE0OSwiZXhwIjoxNzgzOTQzMTQ5fQ.AzoKrhDzLtWaxPWNP6mgkMFV_yZ-9nevIB_B2mfsyN8
URL: /, Token: eyJhbGciOiJIUzI1NiIsInR5cCI6IkpXVCJ9.eyJpZCI6IjZhMjM3Zjc0ZGFiYzgxNGRiYmJiZWViZCIsInJvbGUiOiJBRE1JTiIsImlhdCI6MTc4MTM1MTE0OSwiZXhwIjoxNzgzOTQzMTQ5fQ.AzoKrhDzLtWaxPWNP6mgkMFV_yZ-9nevIB_B2mfsyN8
URL: /, Token: eyJhbGciOiJIUzI1NiIsInR5cCI6IkpXVCJ9.eyJpZCI6IjZhMjM3Zjc0ZGFiYzgxNGRiYmJiZWViZCIsInJvbGUiOiJBRE1JTiIsImlhdCI6MTc4MTM1MTE0OSwiZXhwIjoxNzgzOTQzMTQ5fQ.AzoKrhDzLtWaxPWNP6mgkMFV_yZ-9nevIB_B2mfsyN8
URL: /, Token: eyJhbGciOiJIUzI1NiIsInR5cCI6IkpXVCJ9.eyJpZCI6IjZhMjM3Zjc0ZGFiYzgxNGRiYmJiZWViZCIsInJvbGUiOiJBRE1JTiIsImlhdCI6MTc4MTM1MTE0OSwiZXhwIjoxNzgzOTQzMTQ5fQ.AzoKrhDzLtWaxPWNP6mgkMFV_yZ-9nevIB_B2mfsyN8
URL: /, Token: eyJhbGciOiJIUzI1NiIsInR5cCI6IkpXVCJ9.eyJpZCI6IjZhMjM3Zjc0ZGFiYzgxNGRiYmJiZWViZCIsInJvbGUiOiJBRE1JTiIsImlhdCI6MTc4MTM1MTE0OSwiZXhwIjoxNzgzOTQzMTQ5fQ.AzoKrhDzLtWaxPWNP6mgkMFV_yZ-9nevIB_B2mfsyN8
URL: /, Token: eyJhbGciOiJIUzI1NiIsInR5cCI6IkpXVCJ9.eyJpZCI6IjZhMjM3Zjc0ZGFiYzgxNGRiYmJiZWViZCIsInJvbGUiOiJBRE1JTiIsImlhdCI6MTc4MTM1MTE0OSwiZXhwIjoxNzgzOTQzMTQ5fQ.AzoKrhDzLtWaxPWNP6mgkMFV_yZ-9nevIB_B2mfsyN8
URL: /me, Token: eyJhbGciOiJIUzI1NiIsInR5cCI6IkpXVCJ9.eyJpZCI6IjZhMjMwMWI1YjBjNDBhNjJmZWZhMWIxMCIsInJvbGUiOiJVU0VSIiwiaWF0IjoxNzgxMzUxNDA2LCJleHAiOjE3ODM5NDM0MDZ9.a_zlmkoA4iDN9VUbWRMTAmqoYTrh9R9_OEOCLU143S0
URL: /, Token: eyJhbGciOiJIUzI1NiIsInR5cCI6IkpXVCJ9.eyJpZCI6IjZhMjM3Zjc0ZGFiYzgxNGRiYmJiZWViZCIsInJvbGUiOiJBRE1JTiIsImlhdCI6MTc4MTM1MTE0OSwiZXhwIjoxNzgzOTQzMTQ5fQ.AzoKrhDzLtWaxPWNP6mgkMFV_yZ-9nevIB_B2mfsyN8
URL: /, Token: eyJhbGciOiJIUzI1NiIsInR5cCI6IkpXVCJ9.eyJpZCI6IjZhMjM3Zjc0ZGFiYzgxNGRiYmJiZWViZCIsInJvbGUiOiJBRE1JTiIsImlhdCI6MTc4MTM1MTE0OSwiZXhwIjoxNzgzOTQzMTQ5fQ.AzoKrhDzLtWaxPWNP6mgkMFV_yZ-9nevIB_B2mfsyN8
URL: /, Token: eyJhbGciOiJIUzI1NiIsInR5cCI6IkpXVCJ9.eyJpZCI6IjZhMjM3Zjc0ZGFiYzgxNGRiYmJiZWViZCIsInJvbGUiOiJBRE1JTiIsImlhdCI6MTc4MTM1MTE0OSwiZXhwIjoxNzgzOTQzMTQ5fQ.AzoKrhDzLtWaxPWNP6mgkMFV_yZ-9nevIB_B2mfsyN8
URL: /, Token: eyJhbGciOiJIUzI1NiIsInR5cCI6IkpXVCJ9.eyJpZCI6IjZhMjM3Zjc0ZGFiYzgxNGRiYmJiZWViZCIsInJvbGUiOiJBRE1JTiIsImlhdCI6MTc4MTM1MTE0OSwiZXhwIjoxNzgzOTQzMTQ5fQ.AzoKrhDzLtWaxPWNP6mgkMFV_yZ-9nevIB_B2mfsyN8
URL: /, Token: eyJhbGciOiJIUzI1NiIsInR5cCI6IkpXVCJ9.eyJpZCI6IjZhMjM3Zjc0ZGFiYzgxNGRiYmJiZWViZCIsInJvbGUiOiJBRE1JTiIsImlhdCI6MTc4MTM1MTE0OSwiZXhwIjoxNzgzOTQzMTQ5fQ.AzoKrhDzLtWaxPWNP6mgkMFV_yZ-9nevIB_B2mfsyN8
URL: /, Token: eyJhbGciOiJIUzI1NiIsInR5cCI6IkpXVCJ9.eyJpZCI6IjZhMjM3Zjc0ZGFiYzgxNGRiYmJiZWViZCIsInJvbGUiOiJBRE1JTiIsImlhdCI6MTc4MTM1MTE0OSwiZXhwIjoxNzgzOTQzMTQ5fQ.AzoKrhDzLtWaxPWNP6mgkMFV_yZ-9nevIB_B2mfsyN8
URL: /, Token: eyJhbGciOiJIUzI1NiIsInR5cCI6IkpXVCJ9.eyJpZCI6IjZhMjM3Zjc0ZGFiYzgxNGRiYmJiZWViZCIsInJvbGUiOiJBRE1JTiIsImlhdCI6MTc4MTM1MTE0OSwiZXhwIjoxNzgzOTQzMTQ5fQ.AzoKrhDzLtWaxPWNP6mgkMFV_yZ-9nevIB_B2mfsyN8
URL: /, Token: eyJhbGciOiJIUzI1NiIsInR5cCI6IkpXVCJ9.eyJpZCI6IjZhMjM3Zjc0ZGFiYzgxNGRiYmJiZWViZCIsInJvbGUiOiJBRE1JTiIsImlhdCI6MTc4MTM1MTE0OSwiZXhwIjoxNzgzOTQzMTQ5fQ.AzoKrhDzLtWaxPWNP6mgkMFV_yZ-9nevIB_B2mfsyN8
URL: /, Token: eyJhbGciOiJIUzI1NiIsInR5cCI6IkpXVCJ9.eyJpZCI6IjZhMjM3Zjc0ZGFiYzgxNGRiYmJiZWViZCIsInJvbGUiOiJBRE1JTiIsImlhdCI6MTc4MTM1MTE0OSwiZXhwIjoxNzgzOTQzMTQ5fQ.AzoKrhDzLtWaxPWNP6mgkMFV_yZ-9nevIB_B2mfsyN8
URL: /, Token: eyJhbGciOiJIUzI1NiIsInR5cCI6IkpXVCJ9.eyJpZCI6IjZhMjM3Zjc0ZGFiYzgxNGRiYmJiZWViZCIsInJvbGUiOiJBRE1JTiIsImlhdCI6MTc4MTM1MTE0OSwiZXhwIjoxNzgzOTQzMTQ5fQ.AzoKrhDzLtWaxPWNP6mgkMFV_yZ-9nevIB_B2mfsyN8
URL: /me, Token: eyJhbGciOiJIUzI1NiIsInR5cCI6IkpXVCJ9.eyJpZCI6IjZhMjMwMWI1YjBjNDBhNjJmZWZhMWIxMCIsInJvbGUiOiJVU0VSIiwiaWF0IjoxNzgxMzUxNDA2LCJleHAiOjE3ODM5NDM0MDZ9.a_zlmkoA4iDN9VUbWRMTAmqoYTrh9R9_OEOCLU143S0
URL: /me, Token: eyJhbGciOiJIUzI1NiIsInR5cCI6IkpXVCJ9.eyJpZCI6IjZhMjMwMWI1YjBjNDBhNjJmZWZhMWIxMCIsInJvbGUiOiJVU0VSIiwiaWF0IjoxNzgxMzUxNDA2LCJleHAiOjE3ODM5NDM0MDZ9.a_zlmkoA4iDN9VUbWRMTAmqoYTrh9R9_OEOCLU143S0
URL: /me, Token: eyJhbGciOiJIUzI1NiIsInR5cCI6IkpXVCJ9.eyJpZCI6IjZhMjMwMWI1YjBjNDBhNjJmZWZhMWIxMCIsInJvbGUiOiJVU0VSIiwiaWF0IjoxNzgxMzUxNDA2LCJleHAiOjE3ODM5NDM0MDZ9.a_zlmkoA4iDN9VUbWRMTAmqoYTrh9R9_OEOCLU143S0
URL: /, Token: eyJhbGciOiJIUzI1NiIsInR5cCI6IkpXVCJ9.eyJpZCI6IjZhMjM3Zjc0ZGFiYzgxNGRiYmJiZWViZCIsInJvbGUiOiJBRE1JTiIsImlhdCI6MTc4MTM1MTE0OSwiZXhwIjoxNzgzOTQzMTQ5fQ.AzoKrhDzLtWaxPWNP6mgkMFV_yZ-9nevIB_B2mfsyN8
URL: /, Token: eyJhbGciOiJIUzI1NiIsInR5cCI6IkpXVCJ9.eyJpZCI6IjZhMjM3Zjc0ZGFiYzgxNGRiYmJiZWViZCIsInJvbGUiOiJBRE1JTiIsImlhdCI6MTc4MTM1MTE0OSwiZXhwIjoxNzgzOTQzMTQ5fQ.AzoKrhDzLtWaxPWNP6mgkMFV_yZ-9nevIB_B2mfsyN8
URL: /, Token: eyJhbGciOiJIUzI1NiIsInR5cCI6IkpXVCJ9.eyJpZCI6IjZhMjM3Zjc0ZGFiYzgxNGRiYmJiZWViZCIsInJvbGUiOiJBRE1JTiIsImlhdCI6MTc4MTM1MTE0OSwiZXhwIjoxNzgzOTQzMTQ5fQ.AzoKrhDzLtWaxPWNP6mgkMFV_yZ-9nevIB_B2mfsyN8
URL: /, Token: eyJhbGciOiJIUzI1NiIsInR5cCI6IkpXVCJ9.eyJpZCI6IjZhMjM3Zjc0ZGFiYzgxNGRiYmJiZWViZCIsInJvbGUiOiJBRE1JTiIsImlhdCI6MTc4MTM1MTE0OSwiZXhwIjoxNzgzOTQzMTQ5fQ.AzoKrhDzLtWaxPWNP6mgkMFV_yZ-9nevIB_B2mfsyN8
URL: /, Token: eyJhbGciOiJIUzI1NiIsInR5cCI6IkpXVCJ9.eyJpZCI6IjZhMjM3Zjc0ZGFiYzgxNGRiYmJiZWViZCIsInJvbGUiOiJBRE1JTiIsImlhdCI6MTc4MTM1MTE0OSwiZXhwIjoxNzgzOTQzMTQ5fQ.AzoKrhDzLtWaxPWNP6mgkMFV_yZ-9nevIB_B2mfsyN8
URL: /, Token: eyJhbGciOiJIUzI1NiIsInR5cCI6IkpXVCJ9.eyJpZCI6IjZhMjM3Zjc0ZGFiYzgxNGRiYmJiZWViZCIsInJvbGUiOiJBRE1JTiIsImlhdCI6MTc4MTM1MTE0OSwiZXhwIjoxNzgzOTQzMTQ5fQ.AzoKrhDzLtWaxPWNP6mgkMFV_yZ-9nevIB_B2mfsyN8
URL: /me, Token: eyJhbGciOiJIUzI1NiIsInR5cCI6IkpXVCJ9.eyJpZCI6IjZhMjMwMWI1YjBjNDBhNjJmZWZhMWIxMCIsInJvbGUiOiJVU0VSIiwiaWF0IjoxNzgxMzUxNDA2LCJleHAiOjE3ODM5NDM0MDZ9.a_zlmkoA4iDN9VUbWRMTAmqoYTrh9R9_OEOCLU143S0
URL: /, Token: eyJhbGciOiJIUzI1NiIsInR5cCI6IkpXVCJ9.eyJpZCI6IjZhMjM3Zjc0ZGFiYzgxNGRiYmJiZWViZCIsInJvbGUiOiJBRE1JTiIsImlhdCI6MTc4MTM1MTE0OSwiZXhwIjoxNzgzOTQzMTQ5fQ.AzoKrhDzLtWaxPWNP6mgkMFV_yZ-9nevIB_B2mfsyN8
URL: /, Token: eyJhbGciOiJIUzI1NiIsInR5cCI6IkpXVCJ9.eyJpZCI6IjZhMjM3Zjc0ZGFiYzgxNGRiYmJiZWViZCIsInJvbGUiOiJBRE1JTiIsImlhdCI6MTc4MTM1MTE0OSwiZXhwIjoxNzgzOTQzMTQ5fQ.AzoKrhDzLtWaxPWNP6mgkMFV_yZ-9nevIB_B2mfsyN8
URL: /, Token: eyJhbGciOiJIUzI1NiIsInR5cCI6IkpXVCJ9.eyJpZCI6IjZhMjM3Zjc0ZGFiYzgxNGRiYmJiZWViZCIsInJvbGUiOiJBRE1JTiIsImlhdCI6MTc4MTM1MTE0OSwiZXhwIjoxNzgzOTQzMTQ5fQ.AzoKrhDzLtWaxPWNP6mgkMFV_yZ-9nevIB_B2mfsyN8
URL: /, Token: eyJhbGciOiJIUzI1NiIsInR5cCI6IkpXVCJ9.eyJpZCI6IjZhMjM3Zjc0ZGFiYzgxNGRiYmJiZWViZCIsInJvbGUiOiJBRE1JTiIsImlhdCI6MTc4MTM1MTE0OSwiZXhwIjoxNzgzOTQzMTQ5fQ.AzoKrhDzLtWaxPWNP6mgkMFV_yZ-9nevIB_B2mfsyN8
URL: /, Token: eyJhbGciOiJIUzI1NiIsInR5cCI6IkpXVCJ9.eyJpZCI6IjZhMjM3Zjc0ZGFiYzgxNGRiYmJiZWViZCIsInJvbGUiOiJBRE1JTiIsImlhdCI6MTc4MTM1MTE0OSwiZXhwIjoxNzgzOTQzMTQ5fQ.AzoKrhDzLtWaxPWNP6mgkMFV_yZ-9nevIB_B2mfsyN8
URL: /, Token: eyJhbGciOiJIUzI1NiIsInR5cCI6IkpXVCJ9.eyJpZCI6IjZhMjM3Zjc0ZGFiYzgxNGRiYmJiZWViZCIsInJvbGUiOiJBRE1JTiIsImlhdCI6MTc4MTM1MTE0OSwiZXhwIjoxNzgzOTQzMTQ5fQ.AzoKrhDzLtWaxPWNP6mgkMFV_yZ-9nevIB_B2mfsyN8
URL: /, Token: eyJhbGciOiJIUzI1NiIsInR5cCI6IkpXVCJ9.eyJpZCI6IjZhMjM3Zjc0ZGFiYzgxNGRiYmJiZWViZCIsInJvbGUiOiJBRE1JTiIsImlhdCI6MTc4MTM1MTE0OSwiZXhwIjoxNzgzOTQzMTQ5fQ.AzoKrhDzLtWaxPWNP6mgkMFV_yZ-9nevIB_B2mfsyN8
URL: /, Token: eyJhbGciOiJIUzI1NiIsInR5cCI6IkpXVCJ9.eyJpZCI6IjZhMjM3Zjc0ZGFiYzgxNGRiYmJiZWViZCIsInJvbGUiOiJBRE1JTiIsImlhdCI6MTc4MTM1MTE0OSwiZXhwIjoxNzgzOTQzMTQ5fQ.AzoKrhDzLtWaxPWNP6mgkMFV_yZ-9nevIB_B2mfsyN8
